tier,prior,seed,n,m,rank,deg_min,deg_max,cap,invoked,dispatch,exact,syndrome_ok,iterations,status,unsat,sym_err,finite,max_p,mean_true_p,min_true_rank,mean_entropy,post_err,map_agree,d_xhat,d_post,d_unsat,proxy,wall_s,rss_bytes
SINGLE_CHECK_D3,P99,2026091200,3,1,1,1,3,1,True,INVOKED,True,True,0,converged_exact,0,0,True,0.99,0.9899999999999999,0,0.13033509899978016,0.009993385285694378,True,,,,CAP_PREFIX_PROXY,0.0011232510005356744,
SINGLE_CHECK_D3,P99,2026091200,,,,,,2,False,NOT_NEEDED_AFTER_EXACT,,,,,,,,,,,,,,,,,,,
SINGLE_CHECK_D3,P99,2026091200,,,,,,4,False,NOT_NEEDED_AFTER_EXACT,,,,,,,,,,,,,,,,,,,
SINGLE_CHECK_D3,P99,2026091200,,,,,,8,False,NOT_NEEDED_AFTER_EXACT,,,,,,,,,,,,,,,,,,,
SINGLE_CHECK_D3,P99,2026091200,,,,,,16,False,NOT_NEEDED_AFTER_EXACT,,,,,,,,,,,,,,,,,,,
SINGLE_CHECK_D3,P99,2026091200,,,,,,32,False,NOT_NEEDED_AFTER_EXACT,,,,,,,,,,,,,,,,,,,
SINGLE_CHECK_D3,P99,2026091200,,,,,,90,False,NOT_NEEDED_AFTER_EXACT,,,,,,,,,,,,,,,,,,,
SINGLE_CHECK_D3,P99,2026091201,3,1,1,1,3,1,True,INVOKED,True,True,0,converged_exact,0,0,True,0.99,0.9899999999999999,0,0.13033509899978016,0.009993385285694378,True,,,,CAP_PREFIX_PROXY,9.867799963103607e-05,
SINGLE_CHECK_D3,P99,2026091201,,,,,,2,False,NOT_NEEDED_AFTER_EXACT,,,,,,,,,,,,,,,,,,,
SINGLE_CHECK_D3,P99,2026091201,,,,,,4,False,NOT_NEEDED_AFTER_EXACT,,,,,,,,,,,,,,,,,,,
SINGLE_CHECK_D3,P99,2026091201,,,,,,8,False,NOT_NEEDED_AFTER_EXACT,,,,,,,,,,,,,,,,,,,
SINGLE_CHECK_D3,P99,2026091201,,,,,,16,False,NOT_NEEDED_AFTER_EXACT,,,,,,,,,,,,,,,,,,,
SINGLE_CHECK_D3,P99,2026091201,,,,,,32,False,NOT_NEEDED_AFTER_EXACT,,,,,,,,,,,,,,,,,,,
SINGLE_CHECK_D3,P99,2026091201,,,,,,90,False,NOT_NEEDED_AFTER_EXACT,,,,,,,,,,,,,,,,,,,
SINGLE_CHECK_D3,P99,2026091202,3,1,1,1,3,1,True,INVOKED,True,True,0,converged_exact,0,0,True,0.99,0.9899999999999999,0,0.13033509899978005,0.009993385285694378,True,,,,CAP_PREFIX_PROXY,8.031800007302081e-05,
SINGLE_CHECK_D3,P99,2026091202,,,,,,2,False,NOT_NEEDED_AFTER_EXACT,,,,,,,,,,,,,,,,,,,
SINGLE_CHECK_D3,P99,2026091202,,,,,,4,False,NOT_NEEDED_AFTER_EXACT,,,,,,,,,,,,,,,,,,,
SINGLE_CHECK_D3,P99,2026091202,,,,,,8,False,NOT_NEEDED_AFTER_EXACT,,,,,,,,,,,,,,,,,,,
SINGLE_CHECK_D3,P99,2026091202,,,,,,16,False,NOT_NEEDED_AFTER_EXACT,,,,,,,,,,,,,,,,,,,
SINGLE_CHECK_D3,P99,2026091202,,,,,,32,False,NOT_NEEDED_AFTER_EXACT,,,,,,,,,,,,,,,,,,,
SINGLE_CHECK_D3,P99,2026091202,,,,,,90,False,NOT_NEEDED_AFTER_EXACT,,,,,,,,,,,,,,,,,,,
SINGLE_CHECK_D3,P99,2026091203,3,1,1,1,3,1,True,INVOKED,True,True,0,converged_exact,0,0,True,0.99,0.9899999999999999,0,0.13033509899977996,0.009993385285694156,True,,,,CAP_PREFIX_PROXY,7.922799977677641e-05,
SINGLE_CHECK_D3,P99,2026091203,,,,,,2,False,NOT_NEEDED_AFTER_EXACT,,,,,,,,,,,,,,,,,,,
SINGLE_CHECK_D3,P99,2026091203,,,,,,4,False,NOT_NEEDED_AFTER_EXACT,,,,,,,,,,,,,,,,,,,
SINGLE_CHECK_D3,P99,2026091203,,,,,,8,False,NOT_NEEDED_AFTER_EXACT,,,,,,,,,,,,,,,,,,,
SINGLE_CHECK_D3,P99,2026091203,,,,,,16,False,NOT_NEEDED_AFTER_EXACT,,,,,,,,,,,,,,,,,,,
SINGLE_CHECK_D3,P99,2026091203,,,,,,32,False,NOT_NEEDED_AFTER_EXACT,,,,,,,,,,,,,,,,,,,
SINGLE_CHECK_D3,P99,2026091203,,,,,,90,False,NOT_NEEDED_AFTER_EXACT,,,,,,,,,,,,,,,,,,,
SINGLE_CHECK_D3,P90,2026091200,3,1,1,1,3,1,True,INVOKED,True,True,0,converged_exact,0,0,True,0.9000000000000004,0.9000000000000004,0,0.9644152246279681,0.09916171967221521,True,,,,CAP_PREFIX_PROXY,9.796300037123729e-05,
SINGLE_CHECK_D3,P90,2026091200,,,,,,2,False,NOT_NEEDED_AFTER_EXACT,,,,,,,,,,,,,,,,,,,
SINGLE_CHECK_D3,P90,2026091200,,,,,,4,False,NOT_NEEDED_AFTER_EXACT,,,,,,,,,,,,,,,,,,,
SINGLE_CHECK_D3,P90,2026091200,,,,,,8,False,NOT_NEEDED_AFTER_EXACT,,,,,,,,,,,,,,,,,,,
SINGLE_CHECK_D3,P90,2026091200,,,,,,16,False,NOT_NEEDED_AFTER_EXACT,,,,,,,,,,,,,,,,,,,
SINGLE_CHECK_D3,P90,2026091200,,,,,,32,False,NOT_NEEDED_AFTER_EXACT,,,,,,,,,,,,,,,,,,,
SINGLE_CHECK_D3,P90,2026091200,,,,,,90,False,NOT_NEEDED_AFTER_EXACT,,,,,,,,,,,,,,,,,,,
SINGLE_CHECK_D3,P90,2026091201,3,1,1,1,3,1,True,INVOKED,True,True,0,converged_exact,0,0,True,0.9000000000000004,0.9000000000000004,0,0.9644152246279681,0.09916171967221521,True,,,,CAP_PREFIX_PROXY,7.31190002625226e-05,
SINGLE_CHECK_D3,P90,2026091201,,,,,,2,False,NOT_NEEDED_AFTER_EXACT,,,,,,,,,,,,,,,,,,,
SINGLE_CHECK_D3,P90,2026091201,,,,,,4,False,NOT_NEEDED_AFTER_EXACT,,,,,,,,,,,,,,,,,,,
SINGLE_CHECK_D3,P90,2026091201,,,,,,8,False,NOT_NEEDED_AFTER_EXACT,,,,,,,,,,,,,,,,,,,
SINGLE_CHECK_D3,P90,2026091201,,,,,,16,False,NOT_NEEDED_AFTER_EXACT,,,,,,,,,,,,,,,,,,,
SINGLE_CHECK_D3,P90,2026091201,,,,,,32,False,NOT_NEEDED_AFTER_EXACT,,,,,,,,,,,,,,,,,,,
SINGLE_CHECK_D3,P90,2026091201,,,,,,90,False,NOT_NEEDED_AFTER_EXACT,,,,,,,,,,,,,,,,,,,
SINGLE_CHECK_D3,P90,2026091202,3,1,1,1,3,1,True,INVOKED,True,True,0,converged_exact,0,0,True,0.9000000000000004,0.9000000000000002,0,0.9644152246279681,0.09916171967221521,True,,,,CAP_PREFIX_PROXY,6.621700049436186e-05,
SINGLE_CHECK_D3,P90,2026091202,,,,,,2,False,NOT_NEEDED_AFTER_EXACT,,,,,,,,,,,,,,,,,,,
SINGLE_CHECK_D3,P90,2026091202,,,,,,4,False,NOT_NEEDED_AFTER_EXACT,,,,,,,,,,,,,,,,,,,
SINGLE_CHECK_D3,P90,2026091202,,,,,,8,False,NOT_NEEDED_AFTER_EXACT,,,,,,,,,,,,,,,,,,,
SINGLE_CHECK_D3,P90,2026091202,,,,,,16,False,NOT_NEEDED_AFTER_EXACT,,,,,,,,,,,,,,,,,,,
SINGLE_CHECK_D3,P90,2026091202,,,,,,32,False,NOT_NEEDED_AFTER_EXACT,,,,,,,,,,,,,,,,,,,
SINGLE_CHECK_D3,P90,2026091202,,,,,,90,False,NOT_NEEDED_AFTER_EXACT,,,,,,,,,,,,,,,,,,,
SINGLE_CHECK_D3,P90,2026091203,3,1,1,1,3,1,True,INVOKED,True,True,0,converged_exact,0,0,True,0.9000000000000001,0.9,0,0.9644152246279684,0.09916171967221521,True,,,,CAP_PREFIX_PROXY,5.307299943524413e-05,
SINGLE_CHECK_D3,P90,2026091203,,,,,,2,False,NOT_NEEDED_AFTER_EXACT,,,,,,,,,,,,,,,,,,,
SINGLE_CHECK_D3,P90,2026091203,,,,,,4,False,NOT_NEEDED_AFTER_EXACT,,,,,,,,,,,,,,,,,,,
SINGLE_CHECK_D3,P90,2026091203,,,,,,8,False,NOT_NEEDED_AFTER_EXACT,,,,,,,,,,,,,,,,,,,
SINGLE_CHECK_D3,P90,2026091203,,,,,,16,False,NOT_NEEDED_AFTER_EXACT,,,,,,,,,,,,,,,,,,,
SINGLE_CHECK_D3,P90,2026091203,,,,,,32,False,NOT_NEEDED_AFTER_EXACT,,,,,,,,,,,,,,,,,,,
SINGLE_CHECK_D3,P90,2026091203,,,,,,90,False,NOT_NEEDED_AFTER_EXACT,,,,,,,,,,,,,,,,,,,
SINGLE_CHECK_D3,P60,2026091200,3,1,1,1,3,1,True,INVOKED,True,True,0,converged_exact,0,0,True,0.6000000000000001,0.6000000000000001,0,2.952629118609419,0.36396000439512155,True,,,,CAP_PREFIX_PROXY,7.300600009330083e-05,
SINGLE_CHECK_D3,P60,2026091200,,,,,,2,False,NOT_NEEDED_AFTER_EXACT,,,,,,,,,,,,,,,,,,,
SINGLE_CHECK_D3,P60,2026091200,,,,,,4,False,NOT_NEEDED_AFTER_EXACT,,,,,,,,,,,,,,,,,,,
SINGLE_CHECK_D3,P60,2026091200,,,,,,8,False,NOT_NEEDED_AFTER_EXACT,,,,,,,,,,,,,,,,,,,
SINGLE_CHECK_D3,P60,2026091200,,,,,,16,False,NOT_NEEDED_AFTER_EXACT,,,,,,,,,,,,,,,,,,,
SINGLE_CHECK_D3,P60,2026091200,,,,,,32,False,NOT_NEEDED_AFTER_EXACT,,,,,,,,,,,,,,,,,,,
SINGLE_CHECK_D3,P60,2026091200,,,,,,90,False,NOT_NEEDED_AFTER_EXACT,,,,,,,,,,,,,,,,,,,
SINGLE_CHECK_D3,P60,2026091201,3,1,1,1,3,1,True,INVOKED,True,True,0,converged_exact,0,0,True,0.6000000000000001,0.6,0,2.952629118609419,0.36396000439512155,True,,,,CAP_PREFIX_PROXY,9.327499992650701e-05,
SINGLE_CHECK_D3,P60,2026091201,,,,,,2,False,NOT_NEEDED_AFTER_EXACT,,,,,,,,,,,,,,,,,,,
SINGLE_CHECK_D3,P60,2026091201,,,,,,4,False,NOT_NEEDED_AFTER_EXACT,,,,,,,,,,,,,,,,,,,
SINGLE_CHECK_D3,P60,2026091201,,,,,,8,False,NOT_NEEDED_AFTER_EXACT,,,,,,,,,,,,,,,,,,,
SINGLE_CHECK_D3,P60,2026091201,,,,,,16,False,NOT_NEEDED_AFTER_EXACT,,,,,,,,,,,,,,,,,,,
SINGLE_CHECK_D3,P60,2026091201,,,,,,32,False,NOT_NEEDED_AFTER_EXACT,,,,,,,,,,,,,,,,,,,
SINGLE_CHECK_D3,P60,2026091201,,,,,,90,False,NOT_NEEDED_AFTER_EXACT,,,,,,,,,,,,,,,,,,,
SINGLE_CHECK_D3,P60,2026091202,3,1,1,1,3,1,True,INVOKED,True,True,0,converged_exact,0,0,True,0.6000000000000001,0.6000000000000001,0,2.9526291186094187,0.36396000439512155,True,,,,CAP_PREFIX_PROXY,9.2274000053294e-05,
SINGLE_CHECK_D3,P60,2026091202,,,,,,2,False,NOT_NEEDED_AFTER_EXACT,,,,,,,,,,,,,,,,,,,
SINGLE_CHECK_D3,P60,2026091202,,,,,,4,False,NOT_NEEDED_AFTER_EXACT,,,,,,,,,,,,,,,,,,,
SINGLE_CHECK_D3,P60,2026091202,,,,,,8,False,NOT_NEEDED_AFTER_EXACT,,,,,,,,,,,,,,,,,,,
SINGLE_CHECK_D3,P60,2026091202,,,,,,16,False,NOT_NEEDED_AFTER_EXACT,,,,,,,,,,,,,,,,,,,
SINGLE_CHECK_D3,P60,2026091202,,,,,,32,False,NOT_NEEDED_AFTER_EXACT,,,,,,,,,,,,,,,,,,,
SINGLE_CHECK_D3,P60,2026091202,,,,,,90,False,NOT_NEEDED_AFTER_EXACT,,,,,,,,,,,,,,,,,,,
SINGLE_CHECK_D3,P60,2026091203,3,1,1,1,3,1,True,INVOKED,True,True,0,converged_exact,0,0,True,0.6000000000000001,0.6000000000000001,0,2.952629118609418,0.36396000439512144,True,,,,CAP_PREFIX_PROXY,6.391200076905079e-05,
SINGLE_CHECK_D3,P60,2026091203,,,,,,2,False,NOT_NEEDED_AFTER_EXACT,,,,,,,,,,,,,,,,,,,
SINGLE_CHECK_D3,P60,2026091203,,,,,,4,False,NOT_NEEDED_AFTER_EXACT,,,,,,,,,,,,,,,,,,,
SINGLE_CHECK_D3,P60,2026091203,,,,,,8,False,NOT_NEEDED_AFTER_EXACT,,,,,,,,,,,,,,,,,,,
SINGLE_CHECK_D3,P60,2026091203,,,,,,16,False,NOT_NEEDED_AFTER_EXACT,,,,,,,,,,,,,,,,,,,
SINGLE_CHECK_D3,P60,2026091203,,,,,,32,False,NOT_NEEDED_AFTER_EXACT,,,,,,,,,,,,,,,,,,,
SINGLE_CHECK_D3,P60,2026091203,,,,,,90,False,NOT_NEEDED_AFTER_EXACT,,,,,,,,,,,,,,,,,,,
SINGLE_CHECK_D3,PAIR,2026091200,3,1,1,1,3,1,True,INVOKED,True,True,1,converged_exact,0,0,True,0.9903326699994335,0.9903326699994333,0,0.09665637978247292,2.220446049250313e-16,True,,,,CAP_PREFIX_PROXY,0.0002688060003492865,
SINGLE_CHECK_D3,PAIR,2026091200,,,,,,2,False,NOT_NEEDED_AFTER_EXACT,,,,,,,,,,,,,,,,,,,
SINGLE_CHECK_D3,PAIR,2026091200,,,,,,4,False,NOT_NEEDED_AFTER_EXACT,,,,,,,,,,,,,,,,,,,
SINGLE_CHECK_D3,PAIR,2026091200,,,,,,8,False,NOT_NEEDED_AFTER_EXACT,,,,,,,,,,,,,,,,,,,
SINGLE_CHECK_D3,PAIR,2026091200,,,,,,16,False,NOT_NEEDED_AFTER_EXACT,,,,,,,,,,,,,,,,,,,
SINGLE_CHECK_D3,PAIR,2026091200,,,,,,32,False,NOT_NEEDED_AFTER_EXACT,,,,,,,,,,,,,,,,,,,
SINGLE_CHECK_D3,PAIR,2026091200,,,,,,90,False,NOT_NEEDED_AFTER_EXACT,,,,,,,,,,,,,,,,,,,
SINGLE_CHECK_D3,PAIR,2026091201,3,1,1,1,3,1,True,INVOKED,True,True,1,converged_exact,0,0,True,0.9903326699994335,0.9903326699994333,0,0.09665637978247277,2.220446049250313e-16,True,,,,CAP_PREFIX_PROXY,0.00022505599918076769,
SINGLE_CHECK_D3,PAIR,2026091201,,,,,,2,False,NOT_NEEDED_AFTER_EXACT,,,,,,,,,,,,,,,,,,,
SINGLE_CHECK_D3,PAIR,2026091201,,,,,,4,False,NOT_NEEDED_AFTER_EXACT,,,,,,,,,,,,,,,,,,,
SINGLE_CHECK_D3,PAIR,2026091201,,,,,,8,False,NOT_NEEDED_AFTER_EXACT,,,,,,,,,,,,,,,,,,,
SINGLE_CHECK_D3,PAIR,2026091201,,,,,,16,False,NOT_NEEDED_AFTER_EXACT,,,,,,,,,,,,,,,,,,,
SINGLE_CHECK_D3,PAIR,2026091201,,,,,,32,False,NOT_NEEDED_AFTER_EXACT,,,,,,,,,,,,,,,,,,,
SINGLE_CHECK_D3,PAIR,2026091201,,,,,,90,False,NOT_NEEDED_AFTER_EXACT,,,,,,,,,,,,,,,,,,,
SINGLE_CHECK_D3,PAIR,2026091202,3,1,1,1,3,1,True,INVOKED,True,True,0,converged_exact,0,0,True,0.49,0.48999999999999994,0,1.2195783544539909,0.5003326699994336,True,,,,CAP_PREFIX_PROXY,6.786999983887654e-05,
SINGLE_CHECK_D3,PAIR,2026091202,,,,,,2,False,NOT_NEEDED_AFTER_EXACT,,,,,,,,,,,,,,,,,,,
SINGLE_CHECK_D3,PAIR,2026091202,,,,,,4,False,NOT_NEEDED_AFTER_EXACT,,,,,,,,,,,,,,,,,,,
SINGLE_CHECK_D3,PAIR,2026091202,,,,,,8,False,NOT_NEEDED_AFTER_EXACT,,,,,,,,,,,,,,,,,,,
SINGLE_CHECK_D3,PAIR,2026091202,,,,,,16,False,NOT_NEEDED_AFTER_EXACT,,,,,,,,,,,,,,,,,,,
SINGLE_CHECK_D3,PAIR,2026091202,,,,,,32,False,NOT_NEEDED_AFTER_EXACT,,,,,,,,,,,,,,,,,,,
SINGLE_CHECK_D3,PAIR,2026091202,,,,,,90,False,NOT_NEEDED_AFTER_EXACT,,,,,,,,,,,,,,,,,,,
SINGLE_CHECK_D3,PAIR,2026091203,3,1,1,1,3,1,True,INVOKED,True,True,1,converged_exact,0,0,True,0.9903326699994335,0.9903326699994336,0,0.09665637978247266,1.1622647289044608e-16,True,,,,CAP_PREFIX_PROXY,0.00020283199955883902,
SINGLE_CHECK_D3,PAIR,2026091203,,,,,,2,False,NOT_NEEDED_AFTER_EXACT,,,,,,,,,,,,,,,,,,,
SINGLE_CHECK_D3,PAIR,2026091203,,,,,,4,False,NOT_NEEDED_AFTER_EXACT,,,,,,,,,,,,,,,,,,,
SINGLE_CHECK_D3,PAIR,2026091203,,,,,,8,False,NOT_NEEDED_AFTER_EXACT,,,,,,,,,,,,,,,,,,,
SINGLE_CHECK_D3,PAIR,2026091203,,,,,,16,False,NOT_NEEDED_AFTER_EXACT,,,,,,,,,,,,,,,,,,,
SINGLE_CHECK_D3,PAIR,2026091203,,,,,,32,False,NOT_NEEDED_AFTER_EXACT,,,,,,,,,,,,,,,,,,,
SINGLE_CHECK_D3,PAIR,2026091203,,,,,,90,False,NOT_NEEDED_AFTER_EXACT,,,,,,,,,,,,,,,,,,,
TREE_6,P99,2026091200,6,3,3,1,3,1,True,INVOKED,True,True,0,converged_exact,0,0,True,0.99,0.9899999999999999,0,0.1303350989997801,0.00999999892685599,True,,,,CAP_PREFIX_PROXY,0.0001565550001032534,
TREE_6,P99,2026091200,,,,,,2,False,NOT_NEEDED_AFTER_EXACT,,,,,,,,,,,,,,,,,,,
TREE_6,P99,2026091200,,,,,,4,False,NOT_NEEDED_AFTER_EXACT,,,,,,,,,,,,,,,,,,,
TREE_6,P99,2026091200,,,,,,8,False,NOT_NEEDED_AFTER_EXACT,,,,,,,,,,,,,,,,,,,
TREE_6,P99,2026091200,,,,,,16,False,NOT_NEEDED_AFTER_EXACT,,,,,,,,,,,,,,,,,,,
TREE_6,P99,2026091200,,,,,,32,False,NOT_NEEDED_AFTER_EXACT,,,,,,,,,,,,,,,,,,,
TREE_6,P99,2026091200,,,,,,90,False,NOT_NEEDED_AFTER_EXACT,,,,,,,,,,,,,,,,,,,
TREE_6,P99,2026091201,6,3,3,1,3,1,True,INVOKED,True,True,0,converged_exact,0,0,True,0.99,0.9899999999999999,0,0.13033509899978016,0.00999999892685599,True,,,,CAP_PREFIX_PROXY,0.00021158100025786553,
TREE_6,P99,2026091201,,,,,,2,False,NOT_NEEDED_AFTER_EXACT,,,,,,,,,,,,,,,,,,,
TREE_6,P99,2026091201,,,,,,4,False,NOT_NEEDED_AFTER_EXACT,,,,,,,,,,,,,,,,,,,
TREE_6,P99,2026091201,,,,,,8,False,NOT_NEEDED_AFTER_EXACT,,,,,,,,,,,,,,,,,,,
TREE_6,P99,2026091201,,,,,,16,False,NOT_NEEDED_AFTER_EXACT,,,,,,,,,,,,,,,,,,,
TREE_6,P99,2026091201,,,,,,32,False,NOT_NEEDED_AFTER_EXACT,,,,,,,,,,,,,,,,,,,
TREE_6,P99,2026091201,,,,,,90,False,NOT_NEEDED_AFTER_EXACT,,,,,,,,,,,,,,,,,,,
TREE_6,P99,2026091202,6,3,3,1,3,1,True,INVOKED,True,True,0,converged_exact,0,0,True,0.99,0.9899999999999999,0,0.1303350989997801,0.00999999892685599,True,,,,CAP_PREFIX_PROXY,0.00016179800059035188,
TREE_6,P99,2026091202,,,,,,2,False,NOT_NEEDED_AFTER_EXACT,,,,,,,,,,,,,,,,,,,
TREE_6,P99,2026091202,,,,,,4,False,NOT_NEEDED_AFTER_EXACT,,,,,,,,,,,,,,,,,,,
TREE_6,P99,2026091202,,,,,,8,False,NOT_NEEDED_AFTER_EXACT,,,,,,,,,,,,,,,,,,,
TREE_6,P99,2026091202,,,,,,16,False,NOT_NEEDED_AFTER_EXACT,,,,,,,,,,,,,,,,,,,
TREE_6,P99,2026091202,,,,,,32,False,NOT_NEEDED_AFTER_EXACT,,,,,,,,,,,,,,,,,,,
TREE_6,P99,2026091202,,,,,,90,False,NOT_NEEDED_AFTER_EXACT,,,,,,,,,,,,,,,,,,,
TREE_6,P99,2026091203,6,3,3,1,3,1,True,INVOKED,True,True,0,converged_exact,0,0,True,0.99,0.9899999999999999,0,0.13033509899978002,0.009999998926855769,True,,,,CAP_PREFIX_PROXY,0.00016288500046357512,
TREE_6,P99,2026091203,,,,,,2,False,NOT_NEEDED_AFTER_EXACT,,,,,,,,,,,,,,,,,,,
TREE_6,P99,2026091203,,,,,,4,False,NOT_NEEDED_AFTER_EXACT,,,,,,,,,,,,,,,,,,,
TREE_6,P99,2026091203,,,,,,8,False,NOT_NEEDED_AFTER_EXACT,,,,,,,,,,,,,,,,,,,
TREE_6,P99,2026091203,,,,,,16,False,NOT_NEEDED_AFTER_EXACT,,,,,,,,,,,,,,,,,,,
TREE_6,P99,2026091203,,,,,,32,False,NOT_NEEDED_AFTER_EXACT,,,,,,,,,,,,,,,,,,,
TREE_6,P99,2026091203,,,,,,90,False,NOT_NEEDED_AFTER_EXACT,,,,,,,,,,,,,,,,,,,
TREE_6,P90,2026091200,6,3,3,1,3,1,True,INVOKED,True,True,0,converged_exact,0,0,True,0.9000000000000004,0.9000000000000004,0,0.9644152246279681,0.09999856065813817,True,,,,CAP_PREFIX_PROXY,0.00016729999970266363,
TREE_6,P90,2026091200,,,,,,2,False,NOT_NEEDED_AFTER_EXACT,,,,,,,,,,,,,,,,,,,
TREE_6,P90,2026091200,,,,,,4,False,NOT_NEEDED_AFTER_EXACT,,,,,,,,,,,,,,,,,,,
TREE_6,P90,2026091200,,,,,,8,False,NOT_NEEDED_AFTER_EXACT,,,,,,,,,,,,,,,,,,,
TREE_6,P90,2026091200,,,,,,16,False,NOT_NEEDED_AFTER_EXACT,,,,,,,,,,,,,,,,,,,
TREE_6,P90,2026091200,,,,,,32,False,NOT_NEEDED_AFTER_EXACT,,,,,,,,,,,,,,,,,,,
TREE_6,P90,2026091200,,,,,,90,False,NOT_NEEDED_AFTER_EXACT,,,,,,,,,,,,,,,,,,,
TREE_6,P90,2026091201,6,3,3,1,3,1,True,INVOKED,True,True,0,converged_exact,0,0,True,0.9000000000000004,0.9000000000000004,0,0.9644152246279681,0.09999856065813828,True,,,,CAP_PREFIX_PROXY,0.00016459000016766367,
TREE_6,P90,2026091201,,,,,,2,False,NOT_NEEDED_AFTER_EXACT,,,,,,,,,,,,,,,,,,,
TREE_6,P90,2026091201,,,,,,4,False,NOT_NEEDED_AFTER_EXACT,,,,,,,,,,,,,,,,,,,
TREE_6,P90,2026091201,,,,,,8,False,NOT_NEEDED_AFTER_EXACT,,,,,,,,,,,,,,,,,,,
TREE_6,P90,2026091201,,,,,,16,False,NOT_NEEDED_AFTER_EXACT,,,,,,,,,,,,,,,,,,,
TREE_6,P90,2026091201,,,,,,32,False,NOT_NEEDED_AFTER_EXACT,,,,,,,,,,,,,,,,,,,
TREE_6,P90,2026091201,,,,,,90,False,NOT_NEEDED_AFTER_EXACT,,,,,,,,,,,,,,,,,,,
TREE_6,P90,2026091202,6,3,3,1,3,1,True,INVOKED,True,True,0,converged_exact,0,0,True,0.9000000000000004,0.9000000000000002,0,0.9644152246279681,0.09999856065813828,True,,,,CAP_PREFIX_PROXY,0.00016365000010409858,
TREE_6,P90,2026091202,,,,,,2,False,NOT_NEEDED_AFTER_EXACT,,,,,,,,,,,,,,,,,,,
TREE_6,P90,2026091202,,,,,,4,False,NOT_NEEDED_AFTER_EXACT,,,,,,,,,,,,,,,,,,,
TREE_6,P90,2026091202,,,,,,8,False,NOT_NEEDED_AFTER_EXACT,,,,,,,,,,,,,,,,,,,
TREE_6,P90,2026091202,,,,,,16,False,NOT_NEEDED_AFTER_EXACT,,,,,,,,,,,,,,,,,,,
TREE_6,P90,2026091202,,,,,,32,False,NOT_NEEDED_AFTER_EXACT,,,,,,,,,,,,,,,,,,,
TREE_6,P90,2026091202,,,,,,90,False,NOT_NEEDED_AFTER_EXACT,,,,,,,,,,,,,,,,,,,
TREE_6,P90,2026091203,6,3,3,1,3,1,True,INVOKED,True,True,0,converged_exact,0,0,True,0.9000000000000004,0.9000000000000002,0,0.9644152246279684,0.09999856065813828,True,,,,CAP_PREFIX_PROXY,0.00016373900052712997,
TREE_6,P90,2026091203,,,,,,2,False,NOT_NEEDED_AFTER_EXACT,,,,,,,,,,,,,,,,,,,
TREE_6,P90,2026091203,,,,,,4,False,NOT_NEEDED_AFTER_EXACT,,,,,,,,,,,,,,,,,,,
TREE_6,P90,2026091203,,,,,,8,False,NOT_NEEDED_AFTER_EXACT,,,,,,,,,,,,,,,,,,,
TREE_6,P90,2026091203,,,,,,16,False,NOT_NEEDED_AFTER_EXACT,,,,,,,,,,,,,,,,,,,
TREE_6,P90,2026091203,,,,,,32,False,NOT_NEEDED_AFTER_EXACT,,,,,,,,,,,,,,,,,,,
TREE_6,P90,2026091203,,,,,,90,False,NOT_NEEDED_AFTER_EXACT,,,,,,,,,,,,,,,,,,,
TREE_6,P60,2026091200,6,3,3,1,3,1,True,INVOKED,True,True,0,converged_exact,0,0,True,0.6000000000000001,0.6000000000000001,0,2.952629118609419,0.3996636164738495,True,,,,CAP_PREFIX_PROXY,0.00017238599957636325,
TREE_6,P60,2026091200,,,,,,2,False,NOT_NEEDED_AFTER_EXACT,,,,,,,,,,,,,,,,,,,
TREE_6,P60,2026091200,,,,,,4,False,NOT_NEEDED_AFTER_EXACT,,,,,,,,,,,,,,,,,,,
TREE_6,P60,2026091200,,,,,,8,False,NOT_NEEDED_AFTER_EXACT,,,,,,,,,,,,,,,,,,,
TREE_6,P60,2026091200,,,,,,16,False,NOT_NEEDED_AFTER_EXACT,,,,,,,,,,,,,,,,,,,
TREE_6,P60,2026091200,,,,,,32,False,NOT_NEEDED_AFTER_EXACT,,,,,,,,,,,,,,,,,,,
TREE_6,P60,2026091200,,,,,,90,False,NOT_NEEDED_AFTER_EXACT,,,,,,,,,,,,,,,,,,,
TREE_6,P60,2026091201,6,3,3,1,3,1,True,INVOKED,True,True,0,converged_exact,0,0,True,0.6000000000000001,0.6,0,2.952629118609419,0.3996636164738495,True,,,,CAP_PREFIX_PROXY,0.00016765300006227335,
TREE_6,P60,2026091201,,,,,,2,False,NOT_NEEDED_AFTER_EXACT,,,,,,,,,,,,,,,,,,,
TREE_6,P60,2026091201,,,,,,4,False,NOT_NEEDED_AFTER_EXACT,,,,,,,,,,,,,,,,,,,
TREE_6,P60,2026091201,,,,,,8,False,NOT_NEEDED_AFTER_EXACT,,,,,,,,,,,,,,,,,,,
TREE_6,P60,2026091201,,,,,,16,False,NOT_NEEDED_AFTER_EXACT,,,,,,,,,,,,,,,,,,,
TREE_6,P60,2026091201,,,,,,32,False,NOT_NEEDED_AFTER_EXACT,,,,,,,,,,,,,,,,,,,
TREE_6,P60,2026091201,,,,,,90,False,NOT_NEEDED_AFTER_EXACT,,,,,,,,,,,,,,,,,,,
TREE_6,P60,2026091202,6,3,3,1,3,1,True,INVOKED,True,True,0,converged_exact,0,0,True,0.6000000000000001,0.6000000000000001,0,2.9526291186094187,0.3996636164738495,True,,,,CAP_PREFIX_PROXY,0.000249875999543292,
TREE_6,P60,2026091202,,,,,,2,False,NOT_NEEDED_AFTER_EXACT,,,,,,,,,,,,,,,,,,,
TREE_6,P60,2026091202,,,,,,4,False,NOT_NEEDED_AFTER_EXACT,,,,,,,,,,,,,,,,,,,
TREE_6,P60,2026091202,,,,,,8,False,NOT_NEEDED_AFTER_EXACT,,,,,,,,,,,,,,,,,,,
TREE_6,P60,2026091202,,,,,,16,False,NOT_NEEDED_AFTER_EXACT,,,,,,,,,,,,,,,,,,,
TREE_6,P60,2026091202,,,,,,32,False,NOT_NEEDED_AFTER_EXACT,,,,,,,,,,,,,,,,,,,
TREE_6,P60,2026091202,,,,,,90,False,NOT_NEEDED_AFTER_EXACT,,,,,,,,,,,,,,,,,,,
TREE_6,P60,2026091203,6,3,3,1,3,1,True,INVOKED,True,True,0,converged_exact,0,0,True,0.6000000000000001,0.6000000000000001,0,2.9526291186094187,0.3996636164738494,True,,,,CAP_PREFIX_PROXY,0.000165874999765947,
TREE_6,P60,2026091203,,,,,,2,False,NOT_NEEDED_AFTER_EXACT,,,,,,,,,,,,,,,,,,,
TREE_6,P60,2026091203,,,,,,4,False,NOT_NEEDED_AFTER_EXACT,,,,,,,,,,,,,,,,,,,
TREE_6,P60,2026091203,,,,,,8,False,NOT_NEEDED_AFTER_EXACT,,,,,,,,,,,,,,,,,,,
TREE_6,P60,2026091203,,,,,,16,False,NOT_NEEDED_AFTER_EXACT,,,,,,,,,,,,,,,,,,,
TREE_6,P60,2026091203,,,,,,32,False,NOT_NEEDED_AFTER_EXACT,,,,,,,,,,,,,,,,,,,
TREE_6,P60,2026091203,,,,,,90,False,NOT_NEEDED_AFTER_EXACT,,,,,,,,,,,,,,,,,,,
TREE_6,PAIR,2026091200,6,3,3,1,3,1,True,INVOKED,True,True,1,converged_exact,0,0,True,0.9999924271370303,0.9962920908436433,0,0.03776127295944119,0.006885104209260584,True,,,,CAP_PREFIX_PROXY,0.0006362920003084582,
TREE_6,PAIR,2026091200,,,,,,2,False,NOT_NEEDED_AFTER_EXACT,,,,,,,,,,,,,,,,,,,
TREE_6,PAIR,2026091200,,,,,,4,False,NOT_NEEDED_AFTER_EXACT,,,,,,,,,,,,,,,,,,,
TREE_6,PAIR,2026091200,,,,,,8,False,NOT_NEEDED_AFTER_EXACT,,,,,,,,,,,,,,,,,,,
TREE_6,PAIR,2026091200,,,,,,16,False,NOT_NEEDED_AFTER_EXACT,,,,,,,,,,,,,,,,,,,
TREE_6,PAIR,2026091200,,,,,,32,False,NOT_NEEDED_AFTER_EXACT,,,,,,,,,,,,,,,,,,,
TREE_6,PAIR,2026091200,,,,,,90,False,NOT_NEEDED_AFTER_EXACT,,,,,,,,,,,,,,,,,,,
TREE_6,PAIR,2026091201,6,3,3,1,3,1,True,INVOKED,True,True,1,converged_exact,0,0,True,0.9999924271370303,0.9962920908436432,0,0.03776127295944113,0.006885104209260584,True,,,,CAP_PREFIX_PROXY,0.0004771750000145403,
TREE_6,PAIR,2026091201,,,,,,2,False,NOT_NEEDED_AFTER_EXACT,,,,,,,,,,,,,,,,,,,
TREE_6,PAIR,2026091201,,,,,,4,False,NOT_NEEDED_AFTER_EXACT,,,,,,,,,,,,,,,,,,,
TREE_6,PAIR,2026091201,,,,,,8,False,NOT_NEEDED_AFTER_EXACT,,,,,,,,,,,,,,,,,,,
TREE_6,PAIR,2026091201,,,,,,16,False,NOT_NEEDED_AFTER_EXACT,,,,,,,,,,,,,,,,,,,
TREE_6,PAIR,2026091201,,,,,,32,False,NOT_NEEDED_AFTER_EXACT,,,,,,,,,,,,,,,,,,,
TREE_6,PAIR,2026091201,,,,,,90,False,NOT_NEEDED_AFTER_EXACT,,,,,,,,,,,,,,,,,,,
TREE_6,PAIR,2026091202,6,3,3,1,3,1,True,INVOKED,True,True,1,converged_exact,0,0,True,0.9999924271370303,0.9962920908436433,0,0.037761272959441115,0.006885104209260251,True,,,,CAP_PREFIX_PROXY,0.00047452800026803743,
TREE_6,PAIR,2026091202,,,,,,2,False,NOT_NEEDED_AFTER_EXACT,,,,,,,,,,,,,,,,,,,
TREE_6,PAIR,2026091202,,,,,,4,False,NOT_NEEDED_AFTER_EXACT,,,,,,,,,,,,,,,,,,,
TREE_6,PAIR,2026091202,,,,,,8,False,NOT_NEEDED_AFTER_EXACT,,,,,,,,,,,,,,,,,,,
TREE_6,PAIR,2026091202,,,,,,16,False,NOT_NEEDED_AFTER_EXACT,,,,,,,,,,,,,,,,,,,
TREE_6,PAIR,2026091202,,,,,,32,False,NOT_NEEDED_AFTER_EXACT,,,,,,,,,,,,,,,,,,,
TREE_6,PAIR,2026091202,,,,,,90,False,NOT_NEEDED_AFTER_EXACT,,,,,,,,,,,,,,,,,,,
TREE_6,PAIR,2026091203,6,3,3,1,3,1,True,INVOKED,True,True,1,converged_exact,0,0,True,0.9999924271370303,0.9962920908436433,0,0.03776127295944107,0.006885104209260251,True,,,,CAP_PREFIX_PROXY,0.0004518160003499361,
TREE_6,PAIR,2026091203,,,,,,2,False,NOT_NEEDED_AFTER_EXACT,,,,,,,,,,,,,,,,,,,
TREE_6,PAIR,2026091203,,,,,,4,False,NOT_NEEDED_AFTER_EXACT,,,,,,,,,,,,,,,,,,,
TREE_6,PAIR,2026091203,,,,,,8,False,NOT_NEEDED_AFTER_EXACT,,,,,,,,,,,,,,,,,,,
TREE_6,PAIR,2026091203,,,,,,16,False,NOT_NEEDED_AFTER_EXACT,,,,,,,,,,,,,,,,,,,
TREE_6,PAIR,2026091203,,,,,,32,False,NOT_NEEDED_AFTER_EXACT,,,,,,,,,,,,,,,,,,,
TREE_6,PAIR,2026091203,,,,,,90,False,NOT_NEEDED_AFTER_EXACT,,,,,,,,,,,,,,,,,,,
CYCLE_8,P99,2026091200,8,8,8,2,2,1,True,INVOKED,True,True,0,converged_exact,0,0,True,0.99,0.9899999999999999,0,0.1303350989997801,,,,,,CAP_PREFIX_PROXY,7.512899992434541e-05,
CYCLE_8,P99,2026091200,,,,,,2,False,NOT_NEEDED_AFTER_EXACT,,,,,,,,,,,,,,,,,,,
CYCLE_8,P99,2026091200,,,,,,4,False,NOT_NEEDED_AFTER_EXACT,,,,,,,,,,,,,,,,,,,
CYCLE_8,P99,2026091200,,,,,,8,False,NOT_NEEDED_AFTER_EXACT,,,,,,,,,,,,,,,,,,,
CYCLE_8,P99,2026091200,,,,,,16,False,NOT_NEEDED_AFTER_EXACT,,,,,,,,,,,,,,,,,,,
CYCLE_8,P99,2026091200,,,,,,32,False,NOT_NEEDED_AFTER_EXACT,,,,,,,,,,,,,,,,,,,
CYCLE_8,P99,2026091200,,,,,,90,False,NOT_NEEDED_AFTER_EXACT,,,,,,,,,,,,,,,,,,,
CYCLE_8,P99,2026091201,8,8,8,2,2,1,True,INVOKED,True,True,0,converged_exact,0,0,True,0.99,0.9899999999999998,0,0.13033509899978013,,,,,,CAP_PREFIX_PROXY,7.209799969132291e-05,
CYCLE_8,P99,2026091201,,,,,,2,False,NOT_NEEDED_AFTER_EXACT,,,,,,,,,,,,,,,,,,,
CYCLE_8,P99,2026091201,,,,,,4,False,NOT_NEEDED_AFTER_EXACT,,,,,,,,,,,,,,,,,,,
CYCLE_8,P99,2026091201,,,,,,8,False,NOT_NEEDED_AFTER_EXACT,,,,,,,,,,,,,,,,,,,
CYCLE_8,P99,2026091201,,,,,,16,False,NOT_NEEDED_AFTER_EXACT,,,,,,,,,,,,,,,,,,,
CYCLE_8,P99,2026091201,,,,,,32,False,NOT_NEEDED_AFTER_EXACT,,,,,,,,,,,,,,,,,,,
CYCLE_8,P99,2026091201,,,,,,90,False,NOT_NEEDED_AFTER_EXACT,,,,,,,,,,,,,,,,,,,
CYCLE_8,P99,2026091202,8,8,8,2,2,1,True,INVOKED,True,True,0,converged_exact,0,0,True,0.99,0.9899999999999998,0,0.13033509899978013,,,,,,CAP_PREFIX_PROXY,6.881100034661358e-05,
CYCLE_8,P99,2026091202,,,,,,2,False,NOT_NEEDED_AFTER_EXACT,,,,,,,,,,,,,,,,,,,
CYCLE_8,P99,2026091202,,,,,,4,False,NOT_NEEDED_AFTER_EXACT,,,,,,,,,,,,,,,,,,,
CYCLE_8,P99,2026091202,,,,,,8,False,NOT_NEEDED_AFTER_EXACT,,,,,,,,,,,,,,,,,,,
CYCLE_8,P99,2026091202,,,,,,16,False,NOT_NEEDED_AFTER_EXACT,,,,,,,,,,,,,,,,,,,
CYCLE_8,P99,2026091202,,,,,,32,False,NOT_NEEDED_AFTER_EXACT,,,,,,,,,,,,,,,,,,,
CYCLE_8,P99,2026091202,,,,,,90,False,NOT_NEEDED_AFTER_EXACT,,,,,,,,,,,,,,,,,,,
CYCLE_8,P99,2026091203,8,8,8,2,2,1,True,INVOKED,True,True,0,converged_exact,0,0,True,0.99,0.99,0,0.13033509899978,,,,,,CAP_PREFIX_PROXY,6.922499960637651e-05,
CYCLE_8,P99,2026091203,,,,,,2,False,NOT_NEEDED_AFTER_EXACT,,,,,,,,,,,,,,,,,,,
CYCLE_8,P99,2026091203,,,,,,4,False,NOT_NEEDED_AFTER_EXACT,,,,,,,,,,,,,,,,,,,
CYCLE_8,P99,2026091203,,,,,,8,False,NOT_NEEDED_AFTER_EXACT,,,,,,,,,,,,,,,,,,,
CYCLE_8,P99,2026091203,,,,,,16,False,NOT_NEEDED_AFTER_EXACT,,,,,,,,,,,,,,,,,,,
CYCLE_8,P99,2026091203,,,,,,32,False,NOT_NEEDED_AFTER_EXACT,,,,,,,,,,,,,,,,,,,
CYCLE_8,P99,2026091203,,,,,,90,False,NOT_NEEDED_AFTER_EXACT,,,,,,,,,,,,,,,,,,,
CYCLE_8,P90,2026091200,8,8,8,2,2,1,True,INVOKED,True,True,0,converged_exact,0,0,True,0.9000000000000004,0.9000000000000002,0,0.9644152246279682,,,,,,CAP_PREFIX_PROXY,7.580100009363377e-05,
CYCLE_8,P90,2026091200,,,,,,2,False,NOT_NEEDED_AFTER_EXACT,,,,,,,,,,,,,,,,,,,
CYCLE_8,P90,2026091200,,,,,,4,False,NOT_NEEDED_AFTER_EXACT,,,,,,,,,,,,,,,,,,,
CYCLE_8,P90,2026091200,,,,,,8,False,NOT_NEEDED_AFTER_EXACT,,,,,,,,,,,,,,,,,,,
CYCLE_8,P90,2026091200,,,,,,16,False,NOT_NEEDED_AFTER_EXACT,,,,,,,,,,,,,,,,,,,
CYCLE_8,P90,2026091200,,,,,,32,False,NOT_NEEDED_AFTER_EXACT,,,,,,,,,,,,,,,,,,,
CYCLE_8,P90,2026091200,,,,,,90,False,NOT_NEEDED_AFTER_EXACT,,,,,,,,,,,,,,,,,,,
CYCLE_8,P90,2026091201,8,8,8,2,2,1,True,INVOKED,True,True,0,converged_exact,0,0,True,0.9000000000000004,0.9000000000000004,0,0.9644152246279682,,,,,,CAP_PREFIX_PROXY,7.764100064377999e-05,
CYCLE_8,P90,2026091201,,,,,,2,False,NOT_NEEDED_AFTER_EXACT,,,,,,,,,,,,,,,,,,,
CYCLE_8,P90,2026091201,,,,,,4,False,NOT_NEEDED_AFTER_EXACT,,,,,,,,,,,,,,,,,,,
CYCLE_8,P90,2026091201,,,,,,8,False,NOT_NEEDED_AFTER_EXACT,,,,,,,,,,,,,,,,,,,
CYCLE_8,P90,2026091201,,,,,,16,False,NOT_NEEDED_AFTER_EXACT,,,,,,,,,,,,,,,,,,,
CYCLE_8,P90,2026091201,,,,,,32,False,NOT_NEEDED_AFTER_EXACT,,,,,,,,,,,,,,,,,,,
CYCLE_8,P90,2026091201,,,,,,90,False,NOT_NEEDED_AFTER_EXACT,,,,,,,,,,,,,,,,,,,
CYCLE_8,P90,2026091202,8,8,8,2,2,1,True,INVOKED,True,True,0,converged_exact,0,0,True,0.9000000000000004,0.9000000000000004,0,0.9644152246279682,,,,,,CAP_PREFIX_PROXY,6.733600002917228e-05,
CYCLE_8,P90,2026091202,,,,,,2,False,NOT_NEEDED_AFTER_EXACT,,,,,,,,,,,,,,,,,,,
CYCLE_8,P90,2026091202,,,,,,4,False,NOT_NEEDED_AFTER_EXACT,,,,,,,,,,,,,,,,,,,
CYCLE_8,P90,2026091202,,,,,,8,False,NOT_NEEDED_AFTER_EXACT,,,,,,,,,,,,,,,,,,,
CYCLE_8,P90,2026091202,,,,,,16,False,NOT_NEEDED_AFTER_EXACT,,,,,,,,,,,,,,,,,,,
CYCLE_8,P90,2026091202,,,,,,32,False,NOT_NEEDED_AFTER_EXACT,,,,,,,,,,,,,,,,,,,
CYCLE_8,P90,2026091202,,,,,,90,False,NOT_NEEDED_AFTER_EXACT,,,,,,,,,,,,,,,,,,,
CYCLE_8,P90,2026091203,8,8,8,2,2,1,True,INVOKED,True,True,0,converged_exact,0,0,True,0.9000000000000004,0.9000000000000001,0,0.9644152246279682,,,,,,CAP_PREFIX_PROXY,6.594699971174123e-05,
CYCLE_8,P90,2026091203,,,,,,2,False,NOT_NEEDED_AFTER_EXACT,,,,,,,,,,,,,,,,,,,
CYCLE_8,P90,2026091203,,,,,,4,False,NOT_NEEDED_AFTER_EXACT,,,,,,,,,,,,,,,,,,,
CYCLE_8,P90,2026091203,,,,,,8,False,NOT_NEEDED_AFTER_EXACT,,,,,,,,,,,,,,,,,,,
CYCLE_8,P90,2026091203,,,,,,16,False,NOT_NEEDED_AFTER_EXACT,,,,,,,,,,,,,,,,,,,
CYCLE_8,P90,2026091203,,,,,,32,False,NOT_NEEDED_AFTER_EXACT,,,,,,,,,,,,,,,,,,,
CYCLE_8,P90,2026091203,,,,,,90,False,NOT_NEEDED_AFTER_EXACT,,,,,,,,,,,,,,,,,,,
CYCLE_8,P60,2026091200,8,8,8,2,2,1,True,INVOKED,True,True,0,converged_exact,0,0,True,0.6000000000000001,0.6000000000000001,0,2.9526291186094187,,,,,,CAP_PREFIX_PROXY,6.648999988101423e-05,
CYCLE_8,P60,2026091200,,,,,,2,False,NOT_NEEDED_AFTER_EXACT,,,,,,,,,,,,,,,,,,,
CYCLE_8,P60,2026091200,,,,,,4,False,NOT_NEEDED_AFTER_EXACT,,,,,,,,,,,,,,,,,,,
CYCLE_8,P60,2026091200,,,,,,8,False,NOT_NEEDED_AFTER_EXACT,,,,,,,,,,,,,,,,,,,
CYCLE_8,P60,2026091200,,,,,,16,False,NOT_NEEDED_AFTER_EXACT,,,,,,,,,,,,,,,,,,,
CYCLE_8,P60,2026091200,,,,,,32,False,NOT_NEEDED_AFTER_EXACT,,,,,,,,,,,,,,,,,,,
CYCLE_8,P60,2026091200,,,,,,90,False,NOT_NEEDED_AFTER_EXACT,,,,,,,,,,,,,,,,,,,
CYCLE_8,P60,2026091201,8,8,8,2,2,1,True,INVOKED,True,True,0,converged_exact,0,0,True,0.6000000000000001,0.6000000000000001,0,2.952629118609419,,,,,,CAP_PREFIX_PROXY,6.588799988094252e-05,
CYCLE_8,P60,2026091201,,,,,,2,False,NOT_NEEDED_AFTER_EXACT,,,,,,,,,,,,,,,,,,,
CYCLE_8,P60,2026091201,,,,,,4,False,NOT_NEEDED_AFTER_EXACT,,,,,,,,,,,,,,,,,,,
CYCLE_8,P60,2026091201,,,,,,8,False,NOT_NEEDED_AFTER_EXACT,,,,,,,,,,,,,,,,,,,
CYCLE_8,P60,2026091201,,,,,,16,False,NOT_NEEDED_AFTER_EXACT,,,,,,,,,,,,,,,,,,,
CYCLE_8,P60,2026091201,,,,,,32,False,NOT_NEEDED_AFTER_EXACT,,,,,,,,,,,,,,,,,,,
CYCLE_8,P60,2026091201,,,,,,90,False,NOT_NEEDED_AFTER_EXACT,,,,,,,,,,,,,,,,,,,
CYCLE_8,P60,2026091202,8,8,8,2,2,1,True,INVOKED,True,True,0,converged_exact,0,0,True,0.6000000000000001,0.6000000000000001,0,2.952629118609419,,,,,,CAP_PREFIX_PROXY,6.607300019823015e-05,
CYCLE_8,P60,2026091202,,,,,,2,False,NOT_NEEDED_AFTER_EXACT,,,,,,,,,,,,,,,,,,,
CYCLE_8,P60,2026091202,,,,,,4,False,NOT_NEEDED_AFTER_EXACT,,,,,,,,,,,,,,,,,,,
CYCLE_8,P60,2026091202,,,,,,8,False,NOT_NEEDED_AFTER_EXACT,,,,,,,,,,,,,,,,,,,
CYCLE_8,P60,2026091202,,,,,,16,False,NOT_NEEDED_AFTER_EXACT,,,,,,,,,,,,,,,,,,,
CYCLE_8,P60,2026091202,,,,,,32,False,NOT_NEEDED_AFTER_EXACT,,,,,,,,,,,,,,,,,,,
CYCLE_8,P60,2026091202,,,,,,90,False,NOT_NEEDED_AFTER_EXACT,,,,,,,,,,,,,,,,,,,
CYCLE_8,P60,2026091203,8,8,8,2,2,1,True,INVOKED,True,True,0,converged_exact,0,0,True,0.6000000000000001,0.6000000000000001,0,2.9526291186094182,,,,,,CAP_PREFIX_PROXY,0.00010288399971614126,
CYCLE_8,P60,2026091203,,,,,,2,False,NOT_NEEDED_AFTER_EXACT,,,,,,,,,,,,,,,,,,,
CYCLE_8,P60,2026091203,,,,,,4,False,NOT_NEEDED_AFTER_EXACT,,,,,,,,,,,,,,,,,,,
CYCLE_8,P60,2026091203,,,,,,8,False,NOT_NEEDED_AFTER_EXACT,,,,,,,,,,,,,,,,,,,
CYCLE_8,P60,2026091203,,,,,,16,False,NOT_NEEDED_AFTER_EXACT,,,,,,,,,,,,,,,,,,,
CYCLE_8,P60,2026091203,,,,,,32,False,NOT_NEEDED_AFTER_EXACT,,,,,,,,,,,,,,,,,,,
CYCLE_8,P60,2026091203,,,,,,90,False,NOT_NEEDED_AFTER_EXACT,,,,,,,,,,,,,,,,,,,
CYCLE_8,PAIR,2026091200,8,8,8,2,2,1,True,INVOKED,True,True,1,converged_exact,0,0,True,1.0,0.9999992957611077,0,1.4523148295652576e-05,,,,,,CAP_PREFIX_PROXY,0.0005962810000710306,
CYCLE_8,PAIR,2026091200,,,,,,2,False,NOT_NEEDED_AFTER_EXACT,,,,,,,,,,,,,,,,,,,
CYCLE_8,PAIR,2026091200,,,,,,4,False,NOT_NEEDED_AFTER_EXACT,,,,,,,,,,,,,,,,,,,
CYCLE_8,PAIR,2026091200,,,,,,8,False,NOT_NEEDED_AFTER_EXACT,,,,,,,,,,,,,,,,,,,
CYCLE_8,PAIR,2026091200,,,,,,16,False,NOT_NEEDED_AFTER_EXACT,,,,,,,,,,,,,,,,,,,
CYCLE_8,PAIR,2026091200,,,,,,32,False,NOT_NEEDED_AFTER_EXACT,,,,,,,,,,,,,,,,,,,
CYCLE_8,PAIR,2026091200,,,,,,90,False,NOT_NEEDED_AFTER_EXACT,,,,,,,,,,,,,,,,,,,
CYCLE_8,PAIR,2026091201,8,8,8,2,2,1,True,INVOKED,True,True,1,converged_exact,0,0,True,1.0,0.9999992957611077,0,1.4523148295612552e-05,,,,,,CAP_PREFIX_PROXY,0.0005738869995184359,
CYCLE_8,PAIR,2026091201,,,,,,2,False,NOT_NEEDED_AFTER_EXACT,,,,,,,,,,,,,,,,,,,
CYCLE_8,PAIR,2026091201,,,,,,4,False,NOT_NEEDED_AFTER_EXACT,,,,,,,,,,,,,,,,,,,
CYCLE_8,PAIR,2026091201,,,,,,8,False,NOT_NEEDED_AFTER_EXACT,,,,,,,,,,,,,,,,,,,
CYCLE_8,PAIR,2026091201,,,,,,16,False,NOT_NEEDED_AFTER_EXACT,,,,,,,,,,,,,,,,,,,
CYCLE_8,PAIR,2026091201,,,,,,32,False,NOT_NEEDED_AFTER_EXACT,,,,,,,,,,,,,,,,,,,
CYCLE_8,PAIR,2026091201,,,,,,90,False,NOT_NEEDED_AFTER_EXACT,,,,,,,,,,,,,,,,,,,
CYCLE_8,PAIR,2026091202,8,8,8,2,2,1,True,INVOKED,True,True,1,converged_exact,0,0,True,1.0,0.9999992957611077,0,1.4523148295652694e-05,,,,,,CAP_PREFIX_PROXY,0.0006207599999470403,
CYCLE_8,PAIR,2026091202,,,,,,2,False,NOT_NEEDED_AFTER_EXACT,,,,,,,,,,,,,,,,,,,
CYCLE_8,PAIR,2026091202,,,,,,4,False,NOT_NEEDED_AFTER_EXACT,,,,,,,,,,,,,,,,,,,
CYCLE_8,PAIR,2026091202,,,,,,8,False,NOT_NEEDED_AFTER_EXACT,,,,,,,,,,,,,,,,,,,
CYCLE_8,PAIR,2026091202,,,,,,16,False,NOT_NEEDED_AFTER_EXACT,,,,,,,,,,,,,,,,,,,
CYCLE_8,PAIR,2026091202,,,,,,32,False,NOT_NEEDED_AFTER_EXACT,,,,,,,,,,,,,,,,,,,
CYCLE_8,PAIR,2026091202,,,,,,90,False,NOT_NEEDED_AFTER_EXACT,,,,,,,,,,,,,,,,,,,
CYCLE_8,PAIR,2026091203,8,8,8,2,2,1,True,INVOKED,True,True,1,converged_exact,0,0,True,1.0,0.9999992957611077,0,1.4523148295612662e-05,,,,,,CAP_PREFIX_PROXY,0.0005695410000043921,
CYCLE_8,PAIR,2026091203,,,,,,2,False,NOT_NEEDED_AFTER_EXACT,,,,,,,,,,,,,,,,,,,
CYCLE_8,PAIR,2026091203,,,,,,4,False,NOT_NEEDED_AFTER_EXACT,,,,,,,,,,,,,,,,,,,
CYCLE_8,PAIR,2026091203,,,,,,8,False,NOT_NEEDED_AFTER_EXACT,,,,,,,,,,,,,,,,,,,
CYCLE_8,PAIR,2026091203,,,,,,16,False,NOT_NEEDED_AFTER_EXACT,,,,,,,,,,,,,,,,,,,
CYCLE_8,PAIR,2026091203,,,,,,32,False,NOT_NEEDED_AFTER_EXACT,,,,,,,,,,,,,,,,,,,
CYCLE_8,PAIR,2026091203,,,,,,90,False,NOT_NEEDED_AFTER_EXACT,,,,,,,,,,,,,,,,,,,
FULL_RANK_64,P99,2026091200,64,64,64,2,2,1,True,INVOKED,True,True,0,converged_exact,0,0,True,0.99,0.99,0,0.13033509899978007,,,,,,CAP_PREFIX_PROXY,0.00028291099988564383,
FULL_RANK_64,P99,2026091200,,,,,,2,False,NOT_NEEDED_AFTER_EXACT,,,,,,,,,,,,,,,,,,,
FULL_RANK_64,P99,2026091200,,,,,,4,False,NOT_NEEDED_AFTER_EXACT,,,,,,,,,,,,,,,,,,,
FULL_RANK_64,P99,2026091200,,,,,,8,False,NOT_NEEDED_AFTER_EXACT,,,,,,,,,,,,,,,,,,,
FULL_RANK_64,P99,2026091200,,,,,,16,False,NOT_NEEDED_AFTER_EXACT,,,,,,,,,,,,,,,,,,,
FULL_RANK_64,P99,2026091200,,,,,,32,False,NOT_NEEDED_AFTER_EXACT,,,,,,,,,,,,,,,,,,,
FULL_RANK_64,P99,2026091200,,,,,,90,False,NOT_NEEDED_AFTER_EXACT,,,,,,,,,,,,,,,,,,,
FULL_RANK_64,P99,2026091201,64,64,64,2,2,1,True,INVOKED,True,True,0,converged_exact,0,0,True,0.99,0.99,0,0.13033509899978013,,,,,,CAP_PREFIX_PROXY,0.0004441420005605323,
FULL_RANK_64,P99,2026091201,,,,,,2,False,NOT_NEEDED_AFTER_EXACT,,,,,,,,,,,,,,,,,,,
FULL_RANK_64,P99,2026091201,,,,,,4,False,NOT_NEEDED_AFTER_EXACT,,,,,,,,,,,,,,,,,,,
FULL_RANK_64,P99,2026091201,,,,,,8,False,NOT_NEEDED_AFTER_EXACT,,,,,,,,,,,,,,,,,,,
FULL_RANK_64,P99,2026091201,,,,,,16,False,NOT_NEEDED_AFTER_EXACT,,,,,,,,,,,,,,,,,,,
FULL_RANK_64,P99,2026091201,,,,,,32,False,NOT_NEEDED_AFTER_EXACT,,,,,,,,,,,,,,,,,,,
FULL_RANK_64,P99,2026091201,,,,,,90,False,NOT_NEEDED_AFTER_EXACT,,,,,,,,,,,,,,,,,,,
FULL_RANK_64,P99,2026091202,64,64,64,2,2,1,True,INVOKED,True,True,0,converged_exact,0,0,True,0.99,0.99,0,0.1303350989997801,,,,,,CAP_PREFIX_PROXY,0.00030182299997250084,
FULL_RANK_64,P99,2026091202,,,,,,2,False,NOT_NEEDED_AFTER_EXACT,,,,,,,,,,,,,,,,,,,
FULL_RANK_64,P99,2026091202,,,,,,4,False,NOT_NEEDED_AFTER_EXACT,,,,,,,,,,,,,,,,,,,
FULL_RANK_64,P99,2026091202,,,,,,8,False,NOT_NEEDED_AFTER_EXACT,,,,,,,,,,,,,,,,,,,
FULL_RANK_64,P99,2026091202,,,,,,16,False,NOT_NEEDED_AFTER_EXACT,,,,,,,,,,,,,,,,,,,
FULL_RANK_64,P99,2026091202,,,,,,32,False,NOT_NEEDED_AFTER_EXACT,,,,,,,,,,,,,,,,,,,
FULL_RANK_64,P99,2026091202,,,,,,90,False,NOT_NEEDED_AFTER_EXACT,,,,,,,,,,,,,,,,,,,
FULL_RANK_64,P99,2026091203,64,64,64,2,2,1,True,INVOKED,True,True,0,converged_exact,0,0,True,0.99,0.99,0,0.13033509899978007,,,,,,CAP_PREFIX_PROXY,0.00028173200007586274,
FULL_RANK_64,P99,2026091203,,,,,,2,False,NOT_NEEDED_AFTER_EXACT,,,,,,,,,,,,,,,,,,,
FULL_RANK_64,P99,2026091203,,,,,,4,False,NOT_NEEDED_AFTER_EXACT,,,,,,,,,,,,,,,,,,,
FULL_RANK_64,P99,2026091203,,,,,,8,False,NOT_NEEDED_AFTER_EXACT,,,,,,,,,,,,,,,,,,,
FULL_RANK_64,P99,2026091203,,,,,,16,False,NOT_NEEDED_AFTER_EXACT,,,,,,,,,,,,,,,,,,,
FULL_RANK_64,P99,2026091203,,,,,,32,False,NOT_NEEDED_AFTER_EXACT,,,,,,,,,,,,,,,,,,,
FULL_RANK_64,P99,2026091203,,,,,,90,False,NOT_NEEDED_AFTER_EXACT,,,,,,,,,,,,,,,,,,,
FULL_RANK_64,P90,2026091200,64,64,64,2,2,1,True,INVOKED,True,True,0,converged_exact,0,0,True,0.9000000000000004,0.9000000000000004,0,0.9644152246279682,,,,,,CAP_PREFIX_PROXY,0.000424537000071723,
FULL_RANK_64,P90,2026091200,,,,,,2,False,NOT_NEEDED_AFTER_EXACT,,,,,,,,,,,,,,,,,,,
FULL_RANK_64,P90,2026091200,,,,,,4,False,NOT_NEEDED_AFTER_EXACT,,,,,,,,,,,,,,,,,,,
FULL_RANK_64,P90,2026091200,,,,,,8,False,NOT_NEEDED_AFTER_EXACT,,,,,,,,,,,,,,,,,,,
FULL_RANK_64,P90,2026091200,,,,,,16,False,NOT_NEEDED_AFTER_EXACT,,,,,,,,,,,,,,,,,,,
FULL_RANK_64,P90,2026091200,,,,,,32,False,NOT_NEEDED_AFTER_EXACT,,,,,,,,,,,,,,,,,,,
FULL_RANK_64,P90,2026091200,,,,,,90,False,NOT_NEEDED_AFTER_EXACT,,,,,,,,,,,,,,,,,,,
FULL_RANK_64,P90,2026091201,64,64,64,2,2,1,True,INVOKED,True,True,0,converged_exact,0,0,True,0.9000000000000004,0.9000000000000004,0,0.9644152246279682,,,,,,CAP_PREFIX_PROXY,0.0002679070003068773,
FULL_RANK_64,P90,2026091201,,,,,,2,False,NOT_NEEDED_AFTER_EXACT,,,,,,,,,,,,,,,,,,,
FULL_RANK_64,P90,2026091201,,,,,,4,False,NOT_NEEDED_AFTER_EXACT,,,,,,,,,,,,,,,,,,,
FULL_RANK_64,P90,2026091201,,,,,,8,False,NOT_NEEDED_AFTER_EXACT,,,,,,,,,,,,,,,,,,,
FULL_RANK_64,P90,2026091201,,,,,,16,False,NOT_NEEDED_AFTER_EXACT,,,,,,,,,,,,,,,,,,,
FULL_RANK_64,P90,2026091201,,,,,,32,False,NOT_NEEDED_AFTER_EXACT,,,,,,,,,,,,,,,,,,,
FULL_RANK_64,P90,2026091201,,,,,,90,False,NOT_NEEDED_AFTER_EXACT,,,,,,,,,,,,,,,,,,,
FULL_RANK_64,P90,2026091202,64,64,64,2,2,1,True,INVOKED,True,True,0,converged_exact,0,0,True,0.9000000000000004,0.9000000000000004,0,0.9644152246279682,,,,,,CAP_PREFIX_PROXY,0.00026363500001025386,
FULL_RANK_64,P90,2026091202,,,,,,2,False,NOT_NEEDED_AFTER_EXACT,,,,,,,,,,,,,,,,,,,
FULL_RANK_64,P90,2026091202,,,,,,4,False,NOT_NEEDED_AFTER_EXACT,,,,,,,,,,,,,,,,,,,
FULL_RANK_64,P90,2026091202,,,,,,8,False,NOT_NEEDED_AFTER_EXACT,,,,,,,,,,,,,,,,,,,
FULL_RANK_64,P90,2026091202,,,,,,16,False,NOT_NEEDED_AFTER_EXACT,,,,,,,,,,,,,,,,,,,
FULL_RANK_64,P90,2026091202,,,,,,32,False,NOT_NEEDED_AFTER_EXACT,,,,,,,,,,,,,,,,,,,
FULL_RANK_64,P90,2026091202,,,,,,90,False,NOT_NEEDED_AFTER_EXACT,,,,,,,,,,,,,,,,,,,
FULL_RANK_64,P90,2026091203,64,64,64,2,2,1,True,INVOKED,True,True,0,converged_exact,0,0,True,0.9000000000000004,0.9000000000000004,0,0.9644152246279682,,,,,,CAP_PREFIX_PROXY,0.00025603500034776516,
FULL_RANK_64,P90,2026091203,,,,,,2,False,NOT_NEEDED_AFTER_EXACT,,,,,,,,,,,,,,,,,,,
FULL_RANK_64,P90,2026091203,,,,,,4,False,NOT_NEEDED_AFTER_EXACT,,,,,,,,,,,,,,,,,,,
FULL_RANK_64,P90,2026091203,,,,,,8,False,NOT_NEEDED_AFTER_EXACT,,,,,,,,,,,,,,,,,,,
FULL_RANK_64,P90,2026091203,,,,,,16,False,NOT_NEEDED_AFTER_EXACT,,,,,,,,,,,,,,,,,,,
FULL_RANK_64,P90,2026091203,,,,,,32,False,NOT_NEEDED_AFTER_EXACT,,,,,,,,,,,,,,,,,,,
FULL_RANK_64,P90,2026091203,,,,,,90,False,NOT_NEEDED_AFTER_EXACT,,,,,,,,,,,,,,,,,,,
FULL_RANK_64,P60,2026091200,64,64,64,2,2,1,True,INVOKED,True,True,0,converged_exact,0,0,True,0.6000000000000001,0.6000000000000001,0,2.952629118609419,,,,,,CAP_PREFIX_PROXY,0.00023937400055729086,
FULL_RANK_64,P60,2026091200,,,,,,2,False,NOT_NEEDED_AFTER_EXACT,,,,,,,,,,,,,,,,,,,
FULL_RANK_64,P60,2026091200,,,,,,4,False,NOT_NEEDED_AFTER_EXACT,,,,,,,,,,,,,,,,,,,
FULL_RANK_64,P60,2026091200,,,,,,8,False,NOT_NEEDED_AFTER_EXACT,,,,,,,,,,,,,,,,,,,
FULL_RANK_64,P60,2026091200,,,,,,16,False,NOT_NEEDED_AFTER_EXACT,,,,,,,,,,,,,,,,,,,
FULL_RANK_64,P60,2026091200,,,,,,32,False,NOT_NEEDED_AFTER_EXACT,,,,,,,,,,,,,,,,,,,
FULL_RANK_64,P60,2026091200,,,,,,90,False,NOT_NEEDED_AFTER_EXACT,,,,,,,,,,,,,,,,,,,
FULL_RANK_64,P60,2026091201,64,64,64,2,2,1,True,INVOKED,True,True,0,converged_exact,0,0,True,0.6000000000000001,0.6000000000000001,0,2.952629118609419,,,,,,CAP_PREFIX_PROXY,0.0003362930001458153,
FULL_RANK_64,P60,2026091201,,,,,,2,False,NOT_NEEDED_AFTER_EXACT,,,,,,,,,,,,,,,,,,,
FULL_RANK_64,P60,2026091201,,,,,,4,False,NOT_NEEDED_AFTER_EXACT,,,,,,,,,,,,,,,,,,,
FULL_RANK_64,P60,2026091201,,,,,,8,False,NOT_NEEDED_AFTER_EXACT,,,,,,,,,,,,,,,,,,,
FULL_RANK_64,P60,2026091201,,,,,,16,False,NOT_NEEDED_AFTER_EXACT,,,,,,,,,,,,,,,,,,,
FULL_RANK_64,P60,2026091201,,,,,,32,False,NOT_NEEDED_AFTER_EXACT,,,,,,,,,,,,,,,,,,,
FULL_RANK_64,P60,2026091201,,,,,,90,False,NOT_NEEDED_AFTER_EXACT,,,,,,,,,,,,,,,,,,,
FULL_RANK_64,P60,2026091202,64,64,64,2,2,1,True,INVOKED,True,True,0,converged_exact,0,0,True,0.6000000000000001,0.6000000000000001,0,2.952629118609419,,,,,,CAP_PREFIX_PROXY,0.0002846990000762162,
FULL_RANK_64,P60,2026091202,,,,,,2,False,NOT_NEEDED_AFTER_EXACT,,,,,,,,,,,,,,,,,,,
FULL_RANK_64,P60,2026091202,,,,,,4,False,NOT_NEEDED_AFTER_EXACT,,,,,,,,,,,,,,,,,,,
FULL_RANK_64,P60,2026091202,,,,,,8,False,NOT_NEEDED_AFTER_EXACT,,,,,,,,,,,,,,,,,,,
FULL_RANK_64,P60,2026091202,,,,,,16,False,NOT_NEEDED_AFTER_EXACT,,,,,,,,,,,,,,,,,,,
FULL_RANK_64,P60,2026091202,,,,,,32,False,NOT_NEEDED_AFTER_EXACT,,,,,,,,,,,,,,,,,,,
FULL_RANK_64,P60,2026091202,,,,,,90,False,NOT_NEEDED_AFTER_EXACT,,,,,,,,,,,,,,,,,,,
FULL_RANK_64,P60,2026091203,64,64,64,2,2,1,True,INVOKED,True,True,0,converged_exact,0,0,True,0.6000000000000001,0.6000000000000001,0,2.952629118609419,,,,,,CAP_PREFIX_PROXY,0.00029558299956988776,
FULL_RANK_64,P60,2026091203,,,,,,2,False,NOT_NEEDED_AFTER_EXACT,,,,,,,,,,,,,,,,,,,
FULL_RANK_64,P60,2026091203,,,,,,4,False,NOT_NEEDED_AFTER_EXACT,,,,,,,,,,,,,,,,,,,
FULL_RANK_64,P60,2026091203,,,,,,8,False,NOT_NEEDED_AFTER_EXACT,,,,,,,,,,,,,,,,,,,
FULL_RANK_64,P60,2026091203,,,,,,16,False,NOT_NEEDED_AFTER_EXACT,,,,,,,,,,,,,,,,,,,
FULL_RANK_64,P60,2026091203,,,,,,32,False,NOT_NEEDED_AFTER_EXACT,,,,,,,,,,,,,,,,,,,
FULL_RANK_64,P60,2026091203,,,,,,90,False,NOT_NEEDED_AFTER_EXACT,,,,,,,,,,,,,,,,,,,
FULL_RANK_64,PAIR,2026091200,64,64,64,2,2,1,True,INVOKED,True,True,1,converged_exact,0,0,True,1.0,0.9999999119701385,0,1.8153935371011175e-06,,,,,,CAP_PREFIX_PROXY,0.004294520000257762,
FULL_RANK_64,PAIR,2026091200,,,,,,2,False,NOT_NEEDED_AFTER_EXACT,,,,,,,,,,,,,,,,,,,
FULL_RANK_64,PAIR,2026091200,,,,,,4,False,NOT_NEEDED_AFTER_EXACT,,,,,,,,,,,,,,,,,,,
FULL_RANK_64,PAIR,2026091200,,,,,,8,False,NOT_NEEDED_AFTER_EXACT,,,,,,,,,,,,,,,,,,,
FULL_RANK_64,PAIR,2026091200,,,,,,16,False,NOT_NEEDED_AFTER_EXACT,,,,,,,,,,,,,,,,,,,
FULL_RANK_64,PAIR,2026091200,,,,,,32,False,NOT_NEEDED_AFTER_EXACT,,,,,,,,,,,,,,,,,,,
FULL_RANK_64,PAIR,2026091200,,,,,,90,False,NOT_NEEDED_AFTER_EXACT,,,,,,,,,,,,,,,,,,,
FULL_RANK_64,PAIR,2026091201,64,64,64,2,2,1,True,INVOKED,True,True,1,converged_exact,0,0,True,1.0,0.9999999119701385,0,1.8153935370961143e-06,,,,,,CAP_PREFIX_PROXY,0.003947601000618306,
FULL_RANK_64,PAIR,2026091201,,,,,,2,False,NOT_NEEDED_AFTER_EXACT,,,,,,,,,,,,,,,,,,,
FULL_RANK_64,PAIR,2026091201,,,,,,4,False,NOT_NEEDED_AFTER_EXACT,,,,,,,,,,,,,,,,,,,
FULL_RANK_64,PAIR,2026091201,,,,,,8,False,NOT_NEEDED_AFTER_EXACT,,,,,,,,,,,,,,,,,,,
FULL_RANK_64,PAIR,2026091201,,,,,,16,False,NOT_NEEDED_AFTER_EXACT,,,,,,,,,,,,,,,,,,,
FULL_RANK_64,PAIR,2026091201,,,,,,32,False,NOT_NEEDED_AFTER_EXACT,,,,,,,,,,,,,,,,,,,
FULL_RANK_64,PAIR,2026091201,,,,,,90,False,NOT_NEEDED_AFTER_EXACT,,,,,,,,,,,,,,,,,,,
FULL_RANK_64,PAIR,2026091202,64,64,64,2,2,1,True,INVOKED,True,True,1,converged_exact,0,0,True,1.0,0.9999999119701385,0,1.8153935371011323e-06,,,,,,CAP_PREFIX_PROXY,0.004029189999528171,
FULL_RANK_64,PAIR,2026091202,,,,,,2,False,NOT_NEEDED_AFTER_EXACT,,,,,,,,,,,,,,,,,,,
FULL_RANK_64,PAIR,2026091202,,,,,,4,False,NOT_NEEDED_AFTER_EXACT,,,,,,,,,,,,,,,,,,,
FULL_RANK_64,PAIR,2026091202,,,,,,8,False,NOT_NEEDED_AFTER_EXACT,,,,,,,,,,,,,,,,,,,
FULL_RANK_64,PAIR,2026091202,,,,,,16,False,NOT_NEEDED_AFTER_EXACT,,,,,,,,,,,,,,,,,,,
FULL_RANK_64,PAIR,2026091202,,,,,,32,False,NOT_NEEDED_AFTER_EXACT,,,,,,,,,,,,,,,,,,,
FULL_RANK_64,PAIR,2026091202,,,,,,90,False,NOT_NEEDED_AFTER_EXACT,,,,,,,,,,,,,,,,,,,
FULL_RANK_64,PAIR,2026091203,64,64,64,2,2,1,True,INVOKED,True,True,1,converged_exact,0,0,True,1.0,0.9999999119701385,0,1.815393537096128e-06,,,,,,CAP_PREFIX_PROXY,0.004309197000111453,
FULL_RANK_64,PAIR,2026091203,,,,,,2,False,NOT_NEEDED_AFTER_EXACT,,,,,,,,,,,,,,,,,,,
FULL_RANK_64,PAIR,2026091203,,,,,,4,False,NOT_NEEDED_AFTER_EXACT,,,,,,,,,,,,,,,,,,,
FULL_RANK_64,PAIR,2026091203,,,,,,8,False,NOT_NEEDED_AFTER_EXACT,,,,,,,,,,,,,,,,,,,
FULL_RANK_64,PAIR,2026091203,,,,,,16,False,NOT_NEEDED_AFTER_EXACT,,,,,,,,,,,,,,,,,,,
FULL_RANK_64,PAIR,2026091203,,,,,,32,False,NOT_NEEDED_AFTER_EXACT,,,,,,,,,,,,,,,,,,,
FULL_RANK_64,PAIR,2026091203,,,,,,90,False,NOT_NEEDED_AFTER_EXACT,,,,,,,,,,,,,,,,,,,
