alice_sha256,attempted,backend_name,backend_version,bob_sha256,calibration_sha256,candidate_ids,dataset_id,denominator_included,dimension,epsilon_ec,failure_reason,frame_id,frame_len_symbols,global_rounds_attempted,key_dependent_disclosure_bits_total,ldpc_syndrome_bits,leakage_comparison_policy,mapping,method,n_pairs,pair_idx_sequence_sha256,plan_frame_id,public_control_bits_total,raw_ser,runtime_s,selection_binding_sha256,status,stratum,terminal_prefix_id,transcript_bytes_len,transcript_bytes_sha256,transcript_first_event_id,transcript_last_event_id,transcript_sha256,verification_check_count,verification_invoked,verification_seed_id,verification_tag_bits,verification_tag_bits_component
c74624644225a9ac514f6faf4d872f0963d97c0b4c024b7583529c76178c9978,True,ldpc.BpOsdDecoder,2.4.1,76768de49e4b663ced3bdf578ede3855ac81bed4f589385da2582b9364869c20,604aa77dd4e6bbb9539071f4be4a74d8c623a5642cd459272a2dc6dce8b930b6,"[1, 0, 1, 2, 0, 0, 1, 3, 2, 3]",synthetic_stress_125,True,1024,2.168404344971009e-19,toeplitz_mismatch,stress_125:f020,256,4,2304,2240,method_specific_not_cross_ranked,gray,ldpc_formal_v3,256,d7c55fa0323a2b2c7fa6100024f32259243abc6409de18f2010243807fbd4a11,stress_125:f020,2623,0.3125,0.46899999992456287,1319938ff6c989642950d4e3f3dba7ae9d0cbea14eb0c1e3a90d826e4fbc3227,verify_failed,stress_125,p0875,12948,d615efa3071491546f12bac25a652e3537b9b896135289d789052269f10a41d5,1,46,d615efa3071491546f12bac25a652e3537b9b896135289d789052269f10a41d5,4,True,124a9b7bc1b43a90b8acbd3ca261c1e0b3c676e14fbf074942f04f62b000527a,64,64
5b7d6518644df6061acd4625be7082c67e0034bf80aff4545bb99a8cc3e56e46,True,ldpc.BpOsdDecoder,2.4.1,daa0dc0301a42e931da3b8c473b2106ec8af8f7b13e40165167a6b5f2522f2ba,604aa77dd4e6bbb9539071f4be4a74d8c623a5642cd459272a2dc6dce8b930b6,"[1, 0, 1, 2, 0, 0, 1, 3, 2, 3]",synthetic_calibrated,True,1024,2.168404344971009e-19,toeplitz_mismatch,calibrated:f010,256,4,2304,2240,method_specific_not_cross_ranked,gray,ldpc_formal_v3,256,d7c55fa0323a2b2c7fa6100024f32259243abc6409de18f2010243807fbd4a11,calibrated:f010,2623,0.23828125,0.1410000000614673,1319938ff6c989642950d4e3f3dba7ae9d0cbea14eb0c1e3a90d826e4fbc3227,verify_failed,calibrated,p0875,12948,8d86caf49a2681090f6bf03c16fe2776f62f22ea751684bf895cc74936c76f1a,1,46,8d86caf49a2681090f6bf03c16fe2776f62f22ea751684bf895cc74936c76f1a,4,True,8363347119fcedc6b792f6d68f9ee47df64b98e4bcd4eda11213ec4a7afd8f4c,64,64
cd44d197b84b3c8b8088b8db50ed8048862258082cfa6ef12c73a077d0c121af,True,ldpc.BpOsdDecoder,2.4.1,e944af23f85744ee1eee5f814a681a1fa2fcbf17e645c1cdfb4e5a9c81cf1734,604aa77dd4e6bbb9539071f4be4a74d8c623a5642cd459272a2dc6dce8b930b6,"[1, 0, 1, 2, 0, 0, 1, 3, 2, 3]",synthetic_calibrated,True,1024,2.168404344971009e-19,toeplitz_mismatch,calibrated:f028,256,4,2304,2240,method_specific_not_cross_ranked,gray,ldpc_formal_v3,256,d7c55fa0323a2b2c7fa6100024f32259243abc6409de18f2010243807fbd4a11,calibrated:f028,2623,0.22265625,0.14099999994505197,1319938ff6c989642950d4e3f3dba7ae9d0cbea14eb0c1e3a90d826e4fbc3227,verify_failed,calibrated,p0875,12948,249bdd0ec122544096426faa233c700f0e70487c9a90599d3a7131ffeb2715ab,1,46,249bdd0ec122544096426faa233c700f0e70487c9a90599d3a7131ffeb2715ab,4,True,3e902c283b2ff66e5ad6b067e57ac7eed2f56c300172bbe9e875df7d3938018a,64,64
88e13bf9f8ba8a3a82dc912ad9489a4b4420b96f36b1e364b4771214c641b75f,True,ldpc.BpOsdDecoder,2.4.1,b37853d878827fda71506deeb80b32440a6e49b48f5013a79c4ee69dfba20fb0,604aa77dd4e6bbb9539071f4be4a74d8c623a5642cd459272a2dc6dce8b930b6,"[1, 0, 1, 2, 0, 0, 1, 3, 2, 3]",synthetic_stress_125,True,1024,2.168404344971009e-19,toeplitz_mismatch,stress_125:f016,256,4,2304,2240,method_specific_not_cross_ranked,gray,ldpc_formal_v3,256,d7c55fa0323a2b2c7fa6100024f32259243abc6409de18f2010243807fbd4a11,stress_125:f016,2623,0.26171875,0.1410000000614673,1319938ff6c989642950d4e3f3dba7ae9d0cbea14eb0c1e3a90d826e4fbc3227,verify_failed,stress_125,p0875,12948,053a88006582a19baa58d6c657a123b715d9ccb94d534e4f641ada46d25a972e,1,46,053a88006582a19baa58d6c657a123b715d9ccb94d534e4f641ada46d25a972e,4,True,b79aaaffc472ba56c221c0a67b1438fb7b6f96dd4f8c42c0351bce9305547df8,64,64
8c543a51759dfff4518cc8aff73142bd4c54b8ae0010ec0805587b548f7ca7d1,True,ldpc.BpOsdDecoder,2.4.1,074fee6173910ca750d8d6ed61c856920df54a25b507c92be263ba5b1f6171b5,604aa77dd4e6bbb9539071f4be4a74d8c623a5642cd459272a2dc6dce8b930b6,"[1, 0, 1, 2, 0, 0, 1, 3, 2, 3]",synthetic_calibrated,True,1024,2.168404344971009e-19,toeplitz_mismatch,calibrated:f001,256,4,2304,2240,method_specific_not_cross_ranked,gray,ldpc_formal_v3,256,d7c55fa0323a2b2c7fa6100024f32259243abc6409de18f2010243807fbd4a11,calibrated:f001,2623,0.2421875,0.17199999990407377,1319938ff6c989642950d4e3f3dba7ae9d0cbea14eb0c1e3a90d826e4fbc3227,verify_failed,calibrated,p0875,12948,88eea5dea82bca389a83b88decacbbc914add5043f4a2852ee37aa3bd18c567a,1,46,88eea5dea82bca389a83b88decacbbc914add5043f4a2852ee37aa3bd18c567a,4,True,20db2d9a5cca05365dafb4591ce335aa1c7168b07c57039c8ce84fd3c639e7b2,64,64
aac722017226e9b17884787f1263af6d13da07ca0c33c25d7fb61addb855f597,True,ldpc.BpOsdDecoder,2.4.1,8f502883ccbcafad6ae02d2d3096b8f7d8a36a7f1074cf5041da1cad2ffcecb5,604aa77dd4e6bbb9539071f4be4a74d8c623a5642cd459272a2dc6dce8b930b6,"[1, 0, 1, 2, 0, 0, 1, 3, 2, 3]",synthetic_calibrated,True,1024,2.168404344971009e-19,toeplitz_mismatch,calibrated:f021,256,4,2304,2240,method_specific_not_cross_ranked,gray,ldpc_formal_v3,256,d7c55fa0323a2b2c7fa6100024f32259243abc6409de18f2010243807fbd4a11,calibrated:f021,2623,0.25390625,0.15600000007543713,1319938ff6c989642950d4e3f3dba7ae9d0cbea14eb0c1e3a90d826e4fbc3227,verify_failed,calibrated,p0875,12948,655935c914c246561a3c19457d106c8e88bbca31394dc0d7d77345bdc173e198,1,46,655935c914c246561a3c19457d106c8e88bbca31394dc0d7d77345bdc173e198,4,True,ecb056d5eef9ded795bf29ba12c242269f4810a58438f45f0d098a092f672591,64,64
2203cd06d8c60f3c129a32fcaea9c36c39f373ab97d2897b721d324e488621f5,True,ldpc.BpOsdDecoder,2.4.1,cf17cd4ab9b14d1b2d92ca1be3678747e174a630c010c71583039bd9d96ccdbe,604aa77dd4e6bbb9539071f4be4a74d8c623a5642cd459272a2dc6dce8b930b6,"[1, 0, 1, 2, 0, 0, 1, 3, 2, 3]",synthetic_calibrated,True,1024,2.168404344971009e-19,toeplitz_mismatch,calibrated:f011,256,4,2304,2240,method_specific_not_cross_ranked,gray,ldpc_formal_v3,256,d7c55fa0323a2b2c7fa6100024f32259243abc6409de18f2010243807fbd4a11,calibrated:f011,2623,0.27734375,0.1559999999590218,1319938ff6c989642950d4e3f3dba7ae9d0cbea14eb0c1e3a90d826e4fbc3227,verify_failed,calibrated,p0875,12948,508e2cc7f06078e7027d664dd47c764b6909b026caea89f69c99469432ed5a9f,1,46,508e2cc7f06078e7027d664dd47c764b6909b026caea89f69c99469432ed5a9f,4,True,e7a8ec34be08907ca92df82c8a300a47d1d69b58cd72d647411fac15bd4c2d03,64,64
7c9838380143041cd4486aeee9f0ad517d30210c37c7248149c733ac5417b9c0,True,ldpc.BpOsdDecoder,2.4.1,4dcb8dff161b171e98b68c61e9036b31a744f6967d6a7de488e44e0baf3afabd,604aa77dd4e6bbb9539071f4be4a74d8c623a5642cd459272a2dc6dce8b930b6,"[1, 0, 1, 2, 0, 0, 1, 3, 2, 3]",synthetic_calibrated,True,1024,2.168404344971009e-19,toeplitz_mismatch,calibrated:f015,256,4,2304,2240,method_specific_not_cross_ranked,gray,ldpc_formal_v3,256,d7c55fa0323a2b2c7fa6100024f32259243abc6409de18f2010243807fbd4a11,calibrated:f015,2623,0.25,0.15700000000651926,1319938ff6c989642950d4e3f3dba7ae9d0cbea14eb0c1e3a90d826e4fbc3227,verify_failed,calibrated,p0875,12948,82d44a84e95931aaac56fcd3301e535796d06f83717be4172e64bc3ff4e44c12,1,46,82d44a84e95931aaac56fcd3301e535796d06f83717be4172e64bc3ff4e44c12,4,True,b8dc1d82e6f91c0ffa64ba8bccc4317538433964c45b9a7def154526f4ec660d,64,64
44994143a95e8be905efbb658e4394941692499d19f1f7a276b7878969bee8d0,True,ldpc.BpOsdDecoder,2.4.1,1880950f9567d785a2f98329e120d0ea246758dbce831896ba58493eec4e8e72,604aa77dd4e6bbb9539071f4be4a74d8c623a5642cd459272a2dc6dce8b930b6,"[1, 0, 1, 2, 0, 0, 1, 3, 2, 3]",synthetic_stress_125,True,1024,2.168404344971009e-19,,stress_125:f003,256,4,2304,2240,method_specific_not_cross_ranked,gray,ldpc_formal_v3,256,d7c55fa0323a2b2c7fa6100024f32259243abc6409de18f2010243807fbd4a11,stress_125:f003,2623,0.28515625,0.1559999999590218,1319938ff6c989642950d4e3f3dba7ae9d0cbea14eb0c1e3a90d826e4fbc3227,verified_success,stress_125,p0875,12945,2fc713e276d1d75676a238ec7d268cef3d2e03a25e6589372716fcb72129ce4a,1,46,2fc713e276d1d75676a238ec7d268cef3d2e03a25e6589372716fcb72129ce4a,4,True,7c102651883bd78c46abf5383b9e13b9d0bf2da4e5e6a7b96bf93b8328a69d98,64,64
d161f26819f1b75a4b89943f4ea29417cec09866c2e220f29be342fa3a5a486f,True,ldpc.BpOsdDecoder,2.4.1,7115c807011a65c1e1887713d7564b0da3f5e5df26a2b7db5f6bc3b70fc35538,604aa77dd4e6bbb9539071f4be4a74d8c623a5642cd459272a2dc6dce8b930b6,"[1, 0, 1, 2, 0, 0, 1, 3, 2, 3]",synthetic_calibrated,True,1024,2.168404344971009e-19,toeplitz_mismatch,calibrated:f009,256,4,2304,2240,method_specific_not_cross_ranked,gray,ldpc_formal_v3,256,d7c55fa0323a2b2c7fa6100024f32259243abc6409de18f2010243807fbd4a11,calibrated:f009,2623,0.2421875,0.15600000007543713,1319938ff6c989642950d4e3f3dba7ae9d0cbea14eb0c1e3a90d826e4fbc3227,verify_failed,calibrated,p0875,12948,6d49ef0a6e55ecdcd56d70fdd676c911d1141ad5b30595138cb12cecc9937c99,1,46,6d49ef0a6e55ecdcd56d70fdd676c911d1141ad5b30595138cb12cecc9937c99,4,True,c57aa6584e4950102ff9d8c9588c402f65332804b1a0816c465fc5df2d006877,64,64
8658274d9b74fab6bec6b0fff185e7b99a5cb4c9488a76fe51f27e6b4d4d1789,True,ldpc.BpOsdDecoder,2.4.1,352830ebd38fdc41e1f62e40ecb651dfa1850b3e3e1b1ff34f518c1cca7482f0,604aa77dd4e6bbb9539071f4be4a74d8c623a5642cd459272a2dc6dce8b930b6,"[1, 0, 1, 2, 0, 0, 1, 3, 2, 3]",synthetic_calibrated,True,1024,2.168404344971009e-19,toeplitz_mismatch,calibrated:f003,256,4,2304,2240,method_specific_not_cross_ranked,gray,ldpc_formal_v3,256,d7c55fa0323a2b2c7fa6100024f32259243abc6409de18f2010243807fbd4a11,calibrated:f003,2623,0.2109375,0.1559999999590218,1319938ff6c989642950d4e3f3dba7ae9d0cbea14eb0c1e3a90d826e4fbc3227,verify_failed,calibrated,p0875,12948,f75e87a6f0c853fc9a87d5ade00f91be4c3f5bed3cc4959f49f1c92a9df87c21,1,46,f75e87a6f0c853fc9a87d5ade00f91be4c3f5bed3cc4959f49f1c92a9df87c21,4,True,1aff45d2b02b4bfece580a43988fc822b202d9184030b56640848f9a0a0c3cbd,64,64
c17a41876412d366d23ae24f6092295850af65c51d078b649bc00efbe7505bff,True,ldpc.BpOsdDecoder,2.4.1,bbf5606aa4f11e9e780384f4fc91be7b6e892fcadba26b96367cb148447c30b8,604aa77dd4e6bbb9539071f4be4a74d8c623a5642cd459272a2dc6dce8b930b6,"[1, 0, 1, 2, 0, 0, 1, 3, 2, 3]",synthetic_stress_125,True,1024,2.168404344971009e-19,toeplitz_mismatch,stress_125:f001,256,4,2304,2240,method_specific_not_cross_ranked,gray,ldpc_formal_v3,256,d7c55fa0323a2b2c7fa6100024f32259243abc6409de18f2010243807fbd4a11,stress_125:f001,2623,0.36328125,0.1720000000204891,1319938ff6c989642950d4e3f3dba7ae9d0cbea14eb0c1e3a90d826e4fbc3227,verify_failed,stress_125,p0875,12948,f2e27451572e5a2f9528d625437e42914f77cc36bca6389d8aa84601a099072b,1,46,f2e27451572e5a2f9528d625437e42914f77cc36bca6389d8aa84601a099072b,4,True,87d4a98eb1c350efac18a79d55c77ae727f6b94c26b12b60a459e7a91a7db37c,64,64
3b798b52b9088f78cc04fbf641dd6b0c7dc410af275e9a5d9fecfd8bb3322137,True,ldpc.BpOsdDecoder,2.4.1,344241ff493732761ed1b0487694cf2af91b86a3a75c0eb2791a18c3b0dce8ed,604aa77dd4e6bbb9539071f4be4a74d8c623a5642cd459272a2dc6dce8b930b6,"[1, 0, 1, 2, 0, 0, 1, 3, 2, 3]",synthetic_stress_125,True,1024,2.168404344971009e-19,toeplitz_mismatch,stress_125:f007,256,4,2304,2240,method_specific_not_cross_ranked,gray,ldpc_formal_v3,256,d7c55fa0323a2b2c7fa6100024f32259243abc6409de18f2010243807fbd4a11,stress_125:f007,2623,0.32421875,0.1559999999590218,1319938ff6c989642950d4e3f3dba7ae9d0cbea14eb0c1e3a90d826e4fbc3227,verify_failed,stress_125,p0875,12948,8593f9676296847107b181dc85c734fba27567b89ed628de070fb64da08a8335,1,46,8593f9676296847107b181dc85c734fba27567b89ed628de070fb64da08a8335,4,True,b18b9c1f337191ba86b63180ac9134af0f08f8cdab09015a322cf4104a646f06,64,64
f723e3faf044f1b7a44c9bb8624d969073cbf7640b2f293c06a14a3ccf17ee0f,True,ldpc.BpOsdDecoder,2.4.1,7edd2fb34bafa33a99f72cb7e4e453c13c8f1d25aa87d9f17e3eb3c9172e71db,604aa77dd4e6bbb9539071f4be4a74d8c623a5642cd459272a2dc6dce8b930b6,"[1, 0, 1, 2, 0, 0, 1, 3, 2, 3]",synthetic_calibrated,True,1024,2.168404344971009e-19,toeplitz_mismatch,calibrated:f022,256,4,2304,2240,method_specific_not_cross_ranked,gray,ldpc_formal_v3,256,d7c55fa0323a2b2c7fa6100024f32259243abc6409de18f2010243807fbd4a11,calibrated:f022,2623,0.234375,0.1410000000614673,1319938ff6c989642950d4e3f3dba7ae9d0cbea14eb0c1e3a90d826e4fbc3227,verify_failed,calibrated,p0875,12948,ed9b9d5c2eaf9ec6a47716d26ede6d51a06a19517286f0df476e6b07dfe3c834,1,46,ed9b9d5c2eaf9ec6a47716d26ede6d51a06a19517286f0df476e6b07dfe3c834,4,True,8d4d454f2ec4bae886ca387f1f73d0e1f439f54b41025b0dce883c116a9fb0a0,64,64
9ffcfb95fb5f484c650d43925443ebff8b95a223dd3d984f08edc554507cb17a,True,ldpc.BpOsdDecoder,2.4.1,731271a64f5201662c7dd1f3ced9671e4384be9d3eb37554eb004bcb78ffbb6e,604aa77dd4e6bbb9539071f4be4a74d8c623a5642cd459272a2dc6dce8b930b6,"[1, 0, 1, 2, 0, 0, 1, 3, 2, 3]",synthetic_stress_125,True,1024,2.168404344971009e-19,toeplitz_mismatch,stress_125:f027,256,4,2304,2240,method_specific_not_cross_ranked,gray,ldpc_formal_v3,256,d7c55fa0323a2b2c7fa6100024f32259243abc6409de18f2010243807fbd4a11,stress_125:f027,2623,0.26953125,0.1559999999590218,1319938ff6c989642950d4e3f3dba7ae9d0cbea14eb0c1e3a90d826e4fbc3227,verify_failed,stress_125,p0875,12948,a1f6ab080e10c8c4b942044106995b8e33f8669b46214ec00b933213fe83ef6e,1,46,a1f6ab080e10c8c4b942044106995b8e33f8669b46214ec00b933213fe83ef6e,4,True,7f7c2207a19c9ee154c8098ef649f402e8bc01676a94ad83a83f95445c21e724,64,64
50b68dc411683948f56d80627f86b37acef1f2c9772ff79f9c635667122901fd,True,ldpc.BpOsdDecoder,2.4.1,52edbbc5bc821316ad375fc2c3650ff91596a20e71113ed53bfdc31d3a26036d,604aa77dd4e6bbb9539071f4be4a74d8c623a5642cd459272a2dc6dce8b930b6,"[1, 0, 1, 2, 0, 0, 1, 3, 2, 3]",synthetic_stress_125,True,1024,2.168404344971009e-19,toeplitz_mismatch,stress_125:f018,256,4,2304,2240,method_specific_not_cross_ranked,gray,ldpc_formal_v3,256,d7c55fa0323a2b2c7fa6100024f32259243abc6409de18f2010243807fbd4a11,stress_125:f018,2623,0.2421875,0.15700000000651926,1319938ff6c989642950d4e3f3dba7ae9d0cbea14eb0c1e3a90d826e4fbc3227,verify_failed,stress_125,p0875,12948,997f21a803462dcc525babf1ac6c4a79731c4552e0c41c610637befd6c7a377b,1,46,997f21a803462dcc525babf1ac6c4a79731c4552e0c41c610637befd6c7a377b,4,True,23cbefa001a235b09d8181b234a08d6d6feea15ef38994078172dae8d60170f1,64,64
640b60ef3777902b67d373279a92fd342519fa838f9f491a505a4a6655129ece,True,ldpc.BpOsdDecoder,2.4.1,a3aa10af895cf49f4159a30d668e3dca7b788e3a26f4b487a00da3023af0fdfa,604aa77dd4e6bbb9539071f4be4a74d8c623a5642cd459272a2dc6dce8b930b6,"[1, 0, 1, 2, 0, 0, 1, 3, 2, 3]",synthetic_stress_125,True,1024,2.168404344971009e-19,toeplitz_mismatch,stress_125:f023,256,4,2304,2240,method_specific_not_cross_ranked,gray,ldpc_formal_v3,256,d7c55fa0323a2b2c7fa6100024f32259243abc6409de18f2010243807fbd4a11,stress_125:f023,2623,0.30859375,0.1559999999590218,1319938ff6c989642950d4e3f3dba7ae9d0cbea14eb0c1e3a90d826e4fbc3227,verify_failed,stress_125,p0875,12948,02d7b7b073120953e21e4784b92747fc6bdcea5d91b54a47c7a65094588960f6,1,46,02d7b7b073120953e21e4784b92747fc6bdcea5d91b54a47c7a65094588960f6,4,True,dee522045f1fc410aacb8bee191970e094918064cd7ce58e8c4e8bdd4a14edac,64,64
b0b2ff8a73ffb178702ed7b3b3ad56983e6a5dd0a436ab474eb2bc751104920b,True,ldpc.BpOsdDecoder,2.4.1,0c76f9b216fb02c5de3ccb1b6a448a0a2c289b272335e5bf7584350f860ca0eb,604aa77dd4e6bbb9539071f4be4a74d8c623a5642cd459272a2dc6dce8b930b6,"[1, 0, 1, 2, 0, 0, 1, 3, 2, 3]",synthetic_stress_125,True,1024,2.168404344971009e-19,toeplitz_mismatch,stress_125:f025,256,4,2304,2240,method_specific_not_cross_ranked,gray,ldpc_formal_v3,256,d7c55fa0323a2b2c7fa6100024f32259243abc6409de18f2010243807fbd4a11,stress_125:f025,2623,0.26953125,0.1720000000204891,1319938ff6c989642950d4e3f3dba7ae9d0cbea14eb0c1e3a90d826e4fbc3227,verify_failed,stress_125,p0875,12948,ef10ac9ed39c5dc2ba86e995fc9b5e0caf0775a58ba79298e1ebc576a64e6d06,1,46,ef10ac9ed39c5dc2ba86e995fc9b5e0caf0775a58ba79298e1ebc576a64e6d06,4,True,73234b73bd967db5d015d9e8ca8ac4710a2b6706fb1aac70d34911261c143739,64,64
196102783cb32a96fe20cd9ea9fba417d08124d46b3d99e3cf37e53659506c44,True,ldpc.BpOsdDecoder,2.4.1,657aed6106787d13c86135adfb9766a405b9e39ce6d8a5bd55c3f28597d5a3ec,604aa77dd4e6bbb9539071f4be4a74d8c623a5642cd459272a2dc6dce8b930b6,"[1, 0, 1, 2, 0, 0, 1, 3, 2, 3]",synthetic_stress_125,True,1024,2.168404344971009e-19,toeplitz_mismatch,stress_125:f009,256,4,2304,2240,method_specific_not_cross_ranked,gray,ldpc_formal_v3,256,d7c55fa0323a2b2c7fa6100024f32259243abc6409de18f2010243807fbd4a11,stress_125:f009,2623,0.31640625,0.15600000007543713,1319938ff6c989642950d4e3f3dba7ae9d0cbea14eb0c1e3a90d826e4fbc3227,verify_failed,stress_125,p0875,12948,e36989d28cedb5c485aa97bf44ef4e0d52e98b5c1b69811c08bf676a07f8ee4f,1,46,e36989d28cedb5c485aa97bf44ef4e0d52e98b5c1b69811c08bf676a07f8ee4f,4,True,ca5ea0b18c05548465ede3d0082f2f1c5db4ed5c6ad2eb6f8fe65bb56f2e458f,64,64
53ddfd5c061905f98721401180763d2c8a6566ea29cba9f60bdf7db514bbdb9f,True,ldpc.BpOsdDecoder,2.4.1,07bfe15a96a0176ce2502e7ec316824365b87a9e69fbe13f0fcf148f21d74f54,604aa77dd4e6bbb9539071f4be4a74d8c623a5642cd459272a2dc6dce8b930b6,"[1, 0, 1, 2, 0, 0, 1, 3, 2, 3]",synthetic_calibrated,True,1024,2.168404344971009e-19,toeplitz_mismatch,calibrated:f012,256,4,2304,2240,method_specific_not_cross_ranked,gray,ldpc_formal_v3,256,d7c55fa0323a2b2c7fa6100024f32259243abc6409de18f2010243807fbd4a11,calibrated:f012,2623,0.203125,0.1559999999590218,1319938ff6c989642950d4e3f3dba7ae9d0cbea14eb0c1e3a90d826e4fbc3227,verify_failed,calibrated,p0875,12948,2cb3a0731408867e8d789b4d6b9fb5f3d346099705168099dfb0f0148feb7d98,1,46,2cb3a0731408867e8d789b4d6b9fb5f3d346099705168099dfb0f0148feb7d98,4,True,aff57673152649a5a5dd198e5ac69721fca3f1a0df52a846e205f190ff5b4e7c,64,64
9b182d4dec8453c5ca14ef6a7c852939feb103a3d4f4b74adce9ce7fa5111d56,True,ldpc.BpOsdDecoder,2.4.1,49b355745a9043f5877c73c22c8e1c158f38973c110d0c40db0fa6064064d8c4,604aa77dd4e6bbb9539071f4be4a74d8c623a5642cd459272a2dc6dce8b930b6,"[1, 0, 1, 2, 0, 0, 1, 3, 2, 3]",synthetic_calibrated,True,1024,1.6263032587282567e-19,,calibrated:f029,256,3,1984,1920,method_specific_not_cross_ranked,gray,ldpc_formal_v3,256,d7c55fa0323a2b2c7fa6100024f32259243abc6409de18f2010243807fbd4a11,calibrated:f029,2623,0.203125,0.1559999999590218,1319938ff6c989642950d4e3f3dba7ae9d0cbea14eb0c1e3a90d826e4fbc3227,verified_success,calibrated,p075,9930,46ceae307c82ea2fa75ffab599d39c18bbe3c1b8fe542d2ff5e54746a008d1ba,1,35,46ceae307c82ea2fa75ffab599d39c18bbe3c1b8fe542d2ff5e54746a008d1ba,3,True,f3e2146006f272bad6daefae57385ba025ecd9a6e201216a3d69e8e99f672d91,64,64
af440220a09184544a175bd633bb3c568deb2b5e8f29a7e41ac3a1f4398e7bfd,True,ldpc.BpOsdDecoder,2.4.1,358882cda09a8d193e817914cc28e8cce1d068993ec2c0285377dc5e2030ac24,604aa77dd4e6bbb9539071f4be4a74d8c623a5642cd459272a2dc6dce8b930b6,"[1, 0, 1, 2, 0, 0, 1, 3, 2, 3]",synthetic_stress_125,True,1024,2.168404344971009e-19,toeplitz_mismatch,stress_125:f022,256,4,2304,2240,method_specific_not_cross_ranked,gray,ldpc_formal_v3,256,d7c55fa0323a2b2c7fa6100024f32259243abc6409de18f2010243807fbd4a11,stress_125:f022,2623,0.3125,0.1410000000614673,1319938ff6c989642950d4e3f3dba7ae9d0cbea14eb0c1e3a90d826e4fbc3227,verify_failed,stress_125,p0875,12948,ed4b7a5897219d739709e2a876d9f09f8daf341f7d3ccf6d8102b2c1806c92ae,1,46,ed4b7a5897219d739709e2a876d9f09f8daf341f7d3ccf6d8102b2c1806c92ae,4,True,7a024a4be9058bf40a0c5900b91c1c75c38fc00b6081ce76be1c9d4bb63ca75c,64,64
4fe1c747ce3fdce2d8f6d855c8f8ab4863f31b42140afc00a21eedfa5851221d,True,ldpc.BpOsdDecoder,2.4.1,7d86dc6522f18343f5a884cc2d40ffafbbe40332166efbea7298998c42278861,604aa77dd4e6bbb9539071f4be4a74d8c623a5642cd459272a2dc6dce8b930b6,"[1, 0, 1, 2, 0, 0, 1, 3, 2, 3]",synthetic_stress_125,True,1024,2.168404344971009e-19,toeplitz_mismatch,stress_125:f013,256,4,2304,2240,method_specific_not_cross_ranked,gray,ldpc_formal_v3,256,d7c55fa0323a2b2c7fa6100024f32259243abc6409de18f2010243807fbd4a11,stress_125:f013,2623,0.25390625,0.1559999999590218,1319938ff6c989642950d4e3f3dba7ae9d0cbea14eb0c1e3a90d826e4fbc3227,verify_failed,stress_125,p0875,12948,f77f021abf842a00633f6958407763aa333b5221eefd5ea3bbfa8efccf31b820,1,46,f77f021abf842a00633f6958407763aa333b5221eefd5ea3bbfa8efccf31b820,4,True,e4466c966c32a8a996af69c42c50ea0c304766138ef0778d3217cb6d17249d0e,64,64
8fbf4a909f263029171441c9c89c5e8f59405623fbfb8b5e24a38a726687bad3,True,ldpc.BpOsdDecoder,2.4.1,01348ce9e79657d68855764966f63875fca0650eceff6c6a4115d38e7fe3af9b,604aa77dd4e6bbb9539071f4be4a74d8c623a5642cd459272a2dc6dce8b930b6,"[1, 0, 1, 2, 0, 0, 1, 3, 2, 3]",synthetic_calibrated,True,1024,2.168404344971009e-19,toeplitz_mismatch,calibrated:f018,256,4,2304,2240,method_specific_not_cross_ranked,gray,ldpc_formal_v3,256,d7c55fa0323a2b2c7fa6100024f32259243abc6409de18f2010243807fbd4a11,calibrated:f018,2623,0.21875,0.15700000000651926,1319938ff6c989642950d4e3f3dba7ae9d0cbea14eb0c1e3a90d826e4fbc3227,verify_failed,calibrated,p0875,12948,1f6e9a25170cc3e0c37fd751013b054a600ec0653435e35a2c6ed25350202560,1,46,1f6e9a25170cc3e0c37fd751013b054a600ec0653435e35a2c6ed25350202560,4,True,77876c3e28d8d0ae50044d6d80b7eb7a1202c79ee1f0590df21cc09946e5e3fb,64,64
fc0e3f52839542b493c7dc4d3be0aad8ebf854a4ed8d843a5f2f9ecc0c950fdc,True,ldpc.BpOsdDecoder,2.4.1,2718e6ac83d4c3b859428f2aa0d3a5e9254ca8a5e9e2e92ec9a7196454d2d19e,604aa77dd4e6bbb9539071f4be4a74d8c623a5642cd459272a2dc6dce8b930b6,"[1, 0, 1, 2, 0, 0, 1, 3, 2, 3]",synthetic_stress_125,True,1024,2.168404344971009e-19,toeplitz_mismatch,stress_125:f030,256,4,2304,2240,method_specific_not_cross_ranked,gray,ldpc_formal_v3,256,d7c55fa0323a2b2c7fa6100024f32259243abc6409de18f2010243807fbd4a11,stress_125:f030,2623,0.29296875,0.1559999999590218,1319938ff6c989642950d4e3f3dba7ae9d0cbea14eb0c1e3a90d826e4fbc3227,verify_failed,stress_125,p0875,12948,ac14e9999bb8abfdfdc4a841303ebf0b4cbfe08c45b6777ccbb025d8ed220a48,1,46,ac14e9999bb8abfdfdc4a841303ebf0b4cbfe08c45b6777ccbb025d8ed220a48,4,True,1303acf6daa36d932b9ded4b5bfb55374516b55e9e6bd48fd801a5bef1992292,64,64
011ab274a551df64afa2a4cd9f3565bd20bad65df8adc8ec61e389b3e623c488,True,ldpc.BpOsdDecoder,2.4.1,4d105e3e0fa1c433c957251673e56418177bfee0430d0fd4aa0e50d347513fbe,604aa77dd4e6bbb9539071f4be4a74d8c623a5642cd459272a2dc6dce8b930b6,"[1, 0, 1, 2, 0, 0, 1, 3, 2, 3]",synthetic_calibrated,True,1024,2.168404344971009e-19,toeplitz_mismatch,calibrated:f000,256,4,2304,2240,method_specific_not_cross_ranked,gray,ldpc_formal_v3,256,d7c55fa0323a2b2c7fa6100024f32259243abc6409de18f2010243807fbd4a11,calibrated:f000,2623,0.203125,0.1410000000614673,1319938ff6c989642950d4e3f3dba7ae9d0cbea14eb0c1e3a90d826e4fbc3227,verify_failed,calibrated,p0875,12948,cc9a6a9fd2fd92ce198eaa6eb0ef5e85d0d92e5fbebacf51d13dc93d7cdda4c3,1,46,cc9a6a9fd2fd92ce198eaa6eb0ef5e85d0d92e5fbebacf51d13dc93d7cdda4c3,4,True,60ed11e9d830e2ed2001739afd09c3263d7cb9ef2369f9b18a0d64b33b374be1,64,64
6f8e06cf446e7a1904ae3ac8852d1a08baf1ca6fe73b1bbf18ff2451675a3f65,True,ldpc.BpOsdDecoder,2.4.1,af4045ce0a745c2ea4b27dfe30f5b4a249c4b07b46360b46066db21c7cfb1638,604aa77dd4e6bbb9539071f4be4a74d8c623a5642cd459272a2dc6dce8b930b6,"[1, 0, 1, 2, 0, 0, 1, 3, 2, 3]",synthetic_calibrated,True,1024,2.168404344971009e-19,toeplitz_mismatch,calibrated:f030,256,4,2304,2240,method_specific_not_cross_ranked,gray,ldpc_formal_v3,256,d7c55fa0323a2b2c7fa6100024f32259243abc6409de18f2010243807fbd4a11,calibrated:f030,2623,0.23828125,0.15600000007543713,1319938ff6c989642950d4e3f3dba7ae9d0cbea14eb0c1e3a90d826e4fbc3227,verify_failed,calibrated,p0875,12948,98ca89c9ddf1afb9c97ae9dd555583b9247114790fb4023acc0af8a7935a44c7,1,46,98ca89c9ddf1afb9c97ae9dd555583b9247114790fb4023acc0af8a7935a44c7,4,True,18210d116dd198a1c84a761b4466b0eb5813920f2163485f889e47268139160a,64,64
c3b885c0506d325a44cdf2541c2a73a501c4be9bdc2627e51c1d532cae3133ea,True,ldpc.BpOsdDecoder,2.4.1,23de13db2b5b70a44043e98ef5fdf6d3c4bb0aa8e8092e92ca722135f6660d36,604aa77dd4e6bbb9539071f4be4a74d8c623a5642cd459272a2dc6dce8b930b6,"[1, 0, 1, 2, 0, 0, 1, 3, 2, 3]",synthetic_calibrated,True,1024,2.168404344971009e-19,toeplitz_mismatch,calibrated:f019,256,4,2304,2240,method_specific_not_cross_ranked,gray,ldpc_formal_v3,256,d7c55fa0323a2b2c7fa6100024f32259243abc6409de18f2010243807fbd4a11,calibrated:f019,2623,0.234375,0.1559999999590218,1319938ff6c989642950d4e3f3dba7ae9d0cbea14eb0c1e3a90d826e4fbc3227,verify_failed,calibrated,p0875,12948,79260c80a46ba9a6fe5ccea6362c22b485d3c829d112e6dbe3e543503710df0d,1,46,79260c80a46ba9a6fe5ccea6362c22b485d3c829d112e6dbe3e543503710df0d,4,True,5e60e9a6ff828dc922f8aa955060a4aedfe868fa94b014970cd83d32a28dd220,64,64
224041d3d9237119afe7aafc0e0243a8f6b2fa1dc5f9f598101cfe72e8762c10,True,ldpc.BpOsdDecoder,2.4.1,cbb89a19eed4a6fa9d8598976525a6e484d08f0b6df086ce9f9d1308b1d3284b,604aa77dd4e6bbb9539071f4be4a74d8c623a5642cd459272a2dc6dce8b930b6,"[1, 0, 1, 2, 0, 0, 1, 3, 2, 3]",synthetic_stress_125,True,1024,2.168404344971009e-19,toeplitz_mismatch,stress_125:f008,256,4,2304,2240,method_specific_not_cross_ranked,gray,ldpc_formal_v3,256,d7c55fa0323a2b2c7fa6100024f32259243abc6409de18f2010243807fbd4a11,stress_125:f008,2623,0.26171875,0.14099999994505197,1319938ff6c989642950d4e3f3dba7ae9d0cbea14eb0c1e3a90d826e4fbc3227,verify_failed,stress_125,p0875,12948,d3967be111505f54f894400ada6af2a144dcfc0692f9ba855569746322e74c5d,1,46,d3967be111505f54f894400ada6af2a144dcfc0692f9ba855569746322e74c5d,4,True,a19023237d094c33f80e4c2045cc788518751e9fe204a148f517d611313c2b4f,64,64
ecf4552150718b70878e88c5d36e1a03162caf38b3d2c4c821da102253a59a6a,True,ldpc.BpOsdDecoder,2.4.1,62ede626d23b8552ebdc6162dec2e0ced86ec54b3c0fb6a88b6bbc02f576d333,604aa77dd4e6bbb9539071f4be4a74d8c623a5642cd459272a2dc6dce8b930b6,"[1, 0, 1, 2, 0, 0, 1, 3, 2, 3]",synthetic_calibrated,True,1024,2.168404344971009e-19,toeplitz_mismatch,calibrated:f014,256,4,2304,2240,method_specific_not_cross_ranked,gray,ldpc_formal_v3,256,d7c55fa0323a2b2c7fa6100024f32259243abc6409de18f2010243807fbd4a11,calibrated:f014,2623,0.18359375,0.15700000000651926,1319938ff6c989642950d4e3f3dba7ae9d0cbea14eb0c1e3a90d826e4fbc3227,verify_failed,calibrated,p0875,12948,662cadfa7991085848e7c35b0bd571d3e0e51474401f7d4a5bbe88409bd26c77,1,46,662cadfa7991085848e7c35b0bd571d3e0e51474401f7d4a5bbe88409bd26c77,4,True,6ea80fe1777e1ff264899f8add6d9c1749900f5b10d074c51eb0d469c7458a6b,64,64
bafa84658c2a2563024e5282373625c0ff5bf3fe8c88e105e4eaa08f385e1ea3,True,ldpc.BpOsdDecoder,2.4.1,57ae09dcad442d31bebc482293a93e0a065d861b1464279716e42325938770d0,604aa77dd4e6bbb9539071f4be4a74d8c623a5642cd459272a2dc6dce8b930b6,"[1, 0, 1, 2, 0, 0, 1, 3, 2, 3]",synthetic_stress_125,True,1024,2.168404344971009e-19,toeplitz_mismatch,stress_125:f031,256,4,2304,2240,method_specific_not_cross_ranked,gray,ldpc_formal_v3,256,d7c55fa0323a2b2c7fa6100024f32259243abc6409de18f2010243807fbd4a11,stress_125:f031,2623,0.24609375,0.14000000001396984,1319938ff6c989642950d4e3f3dba7ae9d0cbea14eb0c1e3a90d826e4fbc3227,verify_failed,stress_125,p0875,12948,06ab3cd0e8992448daddd3b58f330fa57fbe1c97d07c9b1dd90eb7587d047108,1,46,06ab3cd0e8992448daddd3b58f330fa57fbe1c97d07c9b1dd90eb7587d047108,4,True,fb5d4bdb3549d1a6f1f3ca21ec3056d35a68a0fc27b62bedfe63ab66ea54f517,64,64
e5dc709f737430aa3ce5b3f8568c5a035aa31eb52a62c5b0ed4b083c1dafb5ec,True,ldpc.BpOsdDecoder,2.4.1,785da81d308bae4b55ecd69b0bd9d4fc5ab6d9c9c6d1783ea051ffd7fa3fb625,604aa77dd4e6bbb9539071f4be4a74d8c623a5642cd459272a2dc6dce8b930b6,"[1, 0, 1, 2, 0, 0, 1, 3, 2, 3]",synthetic_calibrated,True,1024,2.168404344971009e-19,toeplitz_mismatch,calibrated:f027,256,4,2304,2240,method_specific_not_cross_ranked,gray,ldpc_formal_v3,256,d7c55fa0323a2b2c7fa6100024f32259243abc6409de18f2010243807fbd4a11,calibrated:f027,2623,0.19140625,0.15700000000651926,1319938ff6c989642950d4e3f3dba7ae9d0cbea14eb0c1e3a90d826e4fbc3227,verify_failed,calibrated,p0875,12948,ead567a63cffabeac6ed7b392a5b6fc62856c0c5eae8d26e183a987d2368283c,1,46,ead567a63cffabeac6ed7b392a5b6fc62856c0c5eae8d26e183a987d2368283c,4,True,e5eeb1e058eda147d72fb812dfa8a884d239039256d84aff689727caa853d903,64,64
14a87323651cac5c1461e23c773d01e976a05a2f44dcbada2d92d189ed408765,True,ldpc.BpOsdDecoder,2.4.1,e09a778f8e536287ad83c07d17df5a51f5bca69094e562e28c5eeaecee9b688f,604aa77dd4e6bbb9539071f4be4a74d8c623a5642cd459272a2dc6dce8b930b6,"[1, 0, 1, 2, 0, 0, 1, 3, 2, 3]",synthetic_calibrated,True,1024,2.168404344971009e-19,toeplitz_mismatch,calibrated:f007,256,4,2304,2240,method_specific_not_cross_ranked,gray,ldpc_formal_v3,256,d7c55fa0323a2b2c7fa6100024f32259243abc6409de18f2010243807fbd4a11,calibrated:f007,2623,0.2578125,0.1559999999590218,1319938ff6c989642950d4e3f3dba7ae9d0cbea14eb0c1e3a90d826e4fbc3227,verify_failed,calibrated,p0875,12948,ae35872290c29061ef5bd257263a1eb99c8fd97de89f5db92cab9f21eb1a9ccd,1,46,ae35872290c29061ef5bd257263a1eb99c8fd97de89f5db92cab9f21eb1a9ccd,4,True,4f8cf6ba2c49433aa4c49776e4710602af234b8d10a58bdd2be637e349f53175,64,64
db3963763ac26a7f4eb44759e1446dfcfe8b36be53442688c7d22a9c6f18f9e9,True,ldpc.BpOsdDecoder,2.4.1,f5aa7fd9bf747e4155f19764aec369e28a6d5ea941ff643653a7a8e78574581f,604aa77dd4e6bbb9539071f4be4a74d8c623a5642cd459272a2dc6dce8b930b6,"[1, 0, 1, 2, 0, 0, 1, 3, 2, 3]",synthetic_stress_125,True,1024,2.168404344971009e-19,toeplitz_mismatch,stress_125:f015,256,4,2304,2240,method_specific_not_cross_ranked,gray,ldpc_formal_v3,256,d7c55fa0323a2b2c7fa6100024f32259243abc6409de18f2010243807fbd4a11,stress_125:f015,2623,0.26953125,0.15600000007543713,1319938ff6c989642950d4e3f3dba7ae9d0cbea14eb0c1e3a90d826e4fbc3227,verify_failed,stress_125,p0875,12948,7355e5ae821dbabf98c15cfbb088052c888d056018bc311e94cd0185e8ec91f3,1,46,7355e5ae821dbabf98c15cfbb088052c888d056018bc311e94cd0185e8ec91f3,4,True,0560a637fc80b4ef859ef915cf2bd8700a7c1b3b0e02f4c6dacfc2d08ae95fb9,64,64
18b57d2ec57b2fa5ee98647e05bd2e51933a2bfdd7807cae14215976ea3f54c6,True,ldpc.BpOsdDecoder,2.4.1,aef54e5fddc578e5e6bd88419ca53aebd7598216b7fff25b66ebe2eb5ae779e1,604aa77dd4e6bbb9539071f4be4a74d8c623a5642cd459272a2dc6dce8b930b6,"[1, 0, 1, 2, 0, 0, 1, 3, 2, 3]",synthetic_calibrated,True,1024,2.168404344971009e-19,,calibrated:f024,256,4,2304,2240,method_specific_not_cross_ranked,gray,ldpc_formal_v3,256,d7c55fa0323a2b2c7fa6100024f32259243abc6409de18f2010243807fbd4a11,calibrated:f024,2623,0.2109375,0.1559999999590218,1319938ff6c989642950d4e3f3dba7ae9d0cbea14eb0c1e3a90d826e4fbc3227,verified_success,calibrated,p0875,12945,229b0c9c485484458e6472ccd4be8dbf42dab40b8c11fb393235b832e5b72536,1,46,229b0c9c485484458e6472ccd4be8dbf42dab40b8c11fb393235b832e5b72536,4,True,cfc98d01d0a81100140adcf13bb352c94a7f27b506fb8e87f8ca7b9e2708e644,64,64
2d5a25086cf78f66ebc23b3577600f89e48955fb285de9c3f71075285731e5f5,True,ldpc.BpOsdDecoder,2.4.1,4f5908dd8ecead9276270fb0d24c292dc832a16271fbe10c82095b00cbbe18e7,604aa77dd4e6bbb9539071f4be4a74d8c623a5642cd459272a2dc6dce8b930b6,"[1, 0, 1, 2, 0, 0, 1, 3, 2, 3]",synthetic_stress_125,True,1024,2.168404344971009e-19,toeplitz_mismatch,stress_125:f024,256,4,2304,2240,method_specific_not_cross_ranked,gray,ldpc_formal_v3,256,d7c55fa0323a2b2c7fa6100024f32259243abc6409de18f2010243807fbd4a11,stress_125:f024,2623,0.2265625,0.15700000000651926,1319938ff6c989642950d4e3f3dba7ae9d0cbea14eb0c1e3a90d826e4fbc3227,verify_failed,stress_125,p0875,12948,e38eed0cbb688e8a2270cbc7da647004bb937cdcc347920cef651ee094346af7,1,46,e38eed0cbb688e8a2270cbc7da647004bb937cdcc347920cef651ee094346af7,4,True,26307675b1a15354c05034860bed59dc88b8245745f08d0ffb16111546292513,64,64
173ead55bdeb388efb5f2b21b1472ddb12ab78bcbdc5dbfa00ef06b29fe08558,True,ldpc.BpOsdDecoder,2.4.1,c73455d6a42deb049c38977d1d88c9a68286066f082fd0d7279f66c219a29aca,604aa77dd4e6bbb9539071f4be4a74d8c623a5642cd459272a2dc6dce8b930b6,"[1, 0, 1, 2, 0, 0, 1, 3, 2, 3]",synthetic_stress_125,True,1024,2.168404344971009e-19,toeplitz_mismatch,stress_125:f017,256,4,2304,2240,method_specific_not_cross_ranked,gray,ldpc_formal_v3,256,d7c55fa0323a2b2c7fa6100024f32259243abc6409de18f2010243807fbd4a11,stress_125:f017,2623,0.23828125,0.17099999997299165,1319938ff6c989642950d4e3f3dba7ae9d0cbea14eb0c1e3a90d826e4fbc3227,verify_failed,stress_125,p0875,12948,cec71710ee01c4c39da68872b1d26d1140b97bd9b31624f28cc0cc7f52f068b0,1,46,cec71710ee01c4c39da68872b1d26d1140b97bd9b31624f28cc0cc7f52f068b0,4,True,3e389d13e09bf4d7b423f7a20998b2a0aba84114eb63e030c33b4d1c7a186131,64,64
fad3d2b8710b653315f46c458c659ad4dceba565e5f184e55fdca8d5a2a1d9b5,True,ldpc.BpOsdDecoder,2.4.1,a53dc59e10168d7acef0bd1a087879528d8772e064c81006dc82d6210d8ab2c1,604aa77dd4e6bbb9539071f4be4a74d8c623a5642cd459272a2dc6dce8b930b6,"[1, 0, 1, 2, 0, 0, 1, 3, 2, 3]",synthetic_stress_125,True,1024,2.168404344971009e-19,toeplitz_mismatch,stress_125:f010,256,4,2304,2240,method_specific_not_cross_ranked,gray,ldpc_formal_v3,256,d7c55fa0323a2b2c7fa6100024f32259243abc6409de18f2010243807fbd4a11,stress_125:f010,2623,0.2578125,0.15700000000651926,1319938ff6c989642950d4e3f3dba7ae9d0cbea14eb0c1e3a90d826e4fbc3227,verify_failed,stress_125,p0875,12948,71c2e735420991086778f97f5cc3d5db0669544eae88cb7356b85979c541f05d,1,46,71c2e735420991086778f97f5cc3d5db0669544eae88cb7356b85979c541f05d,4,True,9108fb2e8f8e3d5a89fa7079bbe28417a325a0decffd9f789a6af57a20f8ccc0,64,64
8980fcc799c2e46cbeebd84859de4033f2c06f0bb934d94adec9f40dd5b23416,True,ldpc.BpOsdDecoder,2.4.1,86380a5981dd93283e6ddd0183b49f4675a7d681f54a4a9e1cf684f84e88c3ac,604aa77dd4e6bbb9539071f4be4a74d8c623a5642cd459272a2dc6dce8b930b6,"[1, 0, 1, 2, 0, 0, 1, 3, 2, 3]",synthetic_stress_125,True,1024,2.168404344971009e-19,toeplitz_mismatch,stress_125:f021,256,4,2304,2240,method_specific_not_cross_ranked,gray,ldpc_formal_v3,256,d7c55fa0323a2b2c7fa6100024f32259243abc6409de18f2010243807fbd4a11,stress_125:f021,2623,0.29296875,0.15600000007543713,1319938ff6c989642950d4e3f3dba7ae9d0cbea14eb0c1e3a90d826e4fbc3227,verify_failed,stress_125,p0875,12948,3f1f8c55a28fc2fe2a95cc9b3e6c06ecb2103b5e0e8492e63f72841e9cf6b12a,1,46,3f1f8c55a28fc2fe2a95cc9b3e6c06ecb2103b5e0e8492e63f72841e9cf6b12a,4,True,457980bf148d0846e6cc52d921d902ba576e0495d8b8b011d9e3e70854fb88ce,64,64
630cbd2c912ba5e08d875b861db8de808a0a9597e551f30a91d72bb971464031,True,ldpc.BpOsdDecoder,2.4.1,2ebd947baaefec84b60887ec67975641bbe568ab10ea4dbd9fba9e4f2667619b,604aa77dd4e6bbb9539071f4be4a74d8c623a5642cd459272a2dc6dce8b930b6,"[1, 0, 1, 2, 0, 0, 1, 3, 2, 3]",synthetic_calibrated,True,1024,2.168404344971009e-19,toeplitz_mismatch,calibrated:f013,256,4,2304,2240,method_specific_not_cross_ranked,gray,ldpc_formal_v3,256,d7c55fa0323a2b2c7fa6100024f32259243abc6409de18f2010243807fbd4a11,calibrated:f013,2623,0.28515625,0.1559999999590218,1319938ff6c989642950d4e3f3dba7ae9d0cbea14eb0c1e3a90d826e4fbc3227,verify_failed,calibrated,p0875,12948,579e58039515cf66b8122391e679533c32d7733b2513e070b5b9050ebeab640b,1,46,579e58039515cf66b8122391e679533c32d7733b2513e070b5b9050ebeab640b,4,True,249d5dabfd44a71b4a9a8d266152564f76cbbf724a0f79b9c346665393e5b6f7,64,64
6cc4242dfb5850533c82f86ba1cec64b7105ae63e42edd96e4c7a2c728de951d,True,ldpc.BpOsdDecoder,2.4.1,273b41343968af7dab0ced81262387360fda5e17195f3832ec8ee3b35ad548e4,604aa77dd4e6bbb9539071f4be4a74d8c623a5642cd459272a2dc6dce8b930b6,"[1, 0, 1, 2, 0, 0, 1, 3, 2, 3]",synthetic_calibrated,True,1024,2.168404344971009e-19,toeplitz_mismatch,calibrated:f008,256,4,2304,2240,method_specific_not_cross_ranked,gray,ldpc_formal_v3,256,d7c55fa0323a2b2c7fa6100024f32259243abc6409de18f2010243807fbd4a11,calibrated:f008,2623,0.21875,0.14000000001396984,1319938ff6c989642950d4e3f3dba7ae9d0cbea14eb0c1e3a90d826e4fbc3227,verify_failed,calibrated,p0875,12948,521c996fda7b188eb17644b431f49c827302fa051f57e9b7929ac8eee5d0326c,1,46,521c996fda7b188eb17644b431f49c827302fa051f57e9b7929ac8eee5d0326c,4,True,0d25f87a05d26d249e7750a1ea35fe4b537320783df0d6a006d5bbeabef2ff3b,64,64
d5bab9bed531ce941fcfc3558eb36a07aabebe5b242c3ed3e12eed7dfbdcdc97,True,ldpc.BpOsdDecoder,2.4.1,a6cf3bbd358c8a8fdbe72f4a216e11c6f0d5737900cd838951a6605dc646ec65,604aa77dd4e6bbb9539071f4be4a74d8c623a5642cd459272a2dc6dce8b930b6,"[1, 0, 1, 2, 0, 0, 1, 3, 2, 3]",synthetic_calibrated,True,1024,2.168404344971009e-19,toeplitz_mismatch,calibrated:f025,256,4,2304,2240,method_specific_not_cross_ranked,gray,ldpc_formal_v3,256,d7c55fa0323a2b2c7fa6100024f32259243abc6409de18f2010243807fbd4a11,calibrated:f025,2623,0.21484375,0.15700000000651926,1319938ff6c989642950d4e3f3dba7ae9d0cbea14eb0c1e3a90d826e4fbc3227,verify_failed,calibrated,p0875,12948,f59696c0e451e5b31b0e878b646525fe0837e3dd31f50d3745f8abc6a40feaa5,1,46,f59696c0e451e5b31b0e878b646525fe0837e3dd31f50d3745f8abc6a40feaa5,4,True,0ac7f3cc13c37c1e17199f73071ccff83e0eed520002b36c2529fdd6ae8c20bd,64,64
6b945aeb353bd6c55c50d175f6c9379dfaabdd612fc36794af8c35bb6be2dbf6,True,ldpc.BpOsdDecoder,2.4.1,97793ce198ea140090de021dc216723032c26d5e263038d88f49dc550b88fce3,604aa77dd4e6bbb9539071f4be4a74d8c623a5642cd459272a2dc6dce8b930b6,"[1, 0, 1, 2, 0, 0, 1, 3, 2, 3]",synthetic_stress_125,True,1024,2.168404344971009e-19,toeplitz_mismatch,stress_125:f005,256,4,2304,2240,method_specific_not_cross_ranked,gray,ldpc_formal_v3,256,d7c55fa0323a2b2c7fa6100024f32259243abc6409de18f2010243807fbd4a11,stress_125:f005,2623,0.26953125,0.15600000007543713,1319938ff6c989642950d4e3f3dba7ae9d0cbea14eb0c1e3a90d826e4fbc3227,verify_failed,stress_125,p0875,12948,ff2d053e0d6cbc35b1103f85e183fec4f5b962077681e4dcc0d13cce113a24f4,1,46,ff2d053e0d6cbc35b1103f85e183fec4f5b962077681e4dcc0d13cce113a24f4,4,True,6baa6b70c925d81dfd151cf1ddde3480d10af60784cf9d0a35b69de98ff35258,64,64
adf827967d3a21c4a1fe3c7affdd9732cc7ce1b61e866c0a9c937fa59c13c9e7,True,ldpc.BpOsdDecoder,2.4.1,ba1fb4417bbc6b0f70081ad9bfca476ffa77514b65626b963acef9aafd04128d,604aa77dd4e6bbb9539071f4be4a74d8c623a5642cd459272a2dc6dce8b930b6,"[1, 0, 1, 2, 0, 0, 1, 3, 2, 3]",synthetic_calibrated,True,1024,2.168404344971009e-19,toeplitz_mismatch,calibrated:f020,256,4,2304,2240,method_specific_not_cross_ranked,gray,ldpc_formal_v3,256,d7c55fa0323a2b2c7fa6100024f32259243abc6409de18f2010243807fbd4a11,calibrated:f020,2623,0.265625,0.1559999999590218,1319938ff6c989642950d4e3f3dba7ae9d0cbea14eb0c1e3a90d826e4fbc3227,verify_failed,calibrated,p0875,12948,6bd1e752017d3044a06baab6a1ea9516e5d2bc60009b263ad21ffa1751fffc7f,1,46,6bd1e752017d3044a06baab6a1ea9516e5d2bc60009b263ad21ffa1751fffc7f,4,True,868c39738864b51577a7a469ca242055e109f489ed8b2679365be4cbcc890949,64,64
0bcf4e37802928716884959a31391cd26f5e1cc114cc2c8c72d3f7fb9a9704ba,True,ldpc.BpOsdDecoder,2.4.1,7f74f47dd6e9df412618a95fa47ca6667a110beac4322d85e55934b083a71541,604aa77dd4e6bbb9539071f4be4a74d8c623a5642cd459272a2dc6dce8b930b6,"[1, 0, 1, 2, 0, 0, 1, 3, 2, 3]",synthetic_stress_125,True,1024,2.168404344971009e-19,toeplitz_mismatch,stress_125:f026,256,4,2304,2240,method_specific_not_cross_ranked,gray,ldpc_formal_v3,256,d7c55fa0323a2b2c7fa6100024f32259243abc6409de18f2010243807fbd4a11,stress_125:f026,2623,0.28515625,0.14000000001396984,1319938ff6c989642950d4e3f3dba7ae9d0cbea14eb0c1e3a90d826e4fbc3227,verify_failed,stress_125,p0875,12948,e84d7d5df46a5065690bc20195cff971580328dcfa755a7f98a6b204bb311d67,1,46,e84d7d5df46a5065690bc20195cff971580328dcfa755a7f98a6b204bb311d67,4,True,d800303c2fe62dd6eaf7c534a5155e21c05b8c9356edf7357a669a5d6c93fc91,64,64
ca39fc43751fb1a0e0a2f2804d5b70f8e57188a6ad729c47a1523d89e2cf4231,True,ldpc.BpOsdDecoder,2.4.1,2eb814c83a2d476e7f10da63881257076ef7e0c8dcf85759836d68c533aabaf8,604aa77dd4e6bbb9539071f4be4a74d8c623a5642cd459272a2dc6dce8b930b6,"[1, 0, 1, 2, 0, 0, 1, 3, 2, 3]",synthetic_stress_125,True,1024,2.168404344971009e-19,toeplitz_mismatch,stress_125:f029,256,4,2304,2240,method_specific_not_cross_ranked,gray,ldpc_formal_v3,256,d7c55fa0323a2b2c7fa6100024f32259243abc6409de18f2010243807fbd4a11,stress_125:f029,2623,0.296875,0.15700000000651926,1319938ff6c989642950d4e3f3dba7ae9d0cbea14eb0c1e3a90d826e4fbc3227,verify_failed,stress_125,p0875,12948,bc414ab17713e665d3d5da0eb9ff61591197ab66a996c26fc1994f015af3a80a,1,46,bc414ab17713e665d3d5da0eb9ff61591197ab66a996c26fc1994f015af3a80a,4,True,1cc6afc2cac8cd25b91a05d35b660a112671ade7d60e4a5feca89a46721562a6,64,64
95c587d7edfe5fe25185e948ab66497d865c88e503f4e9e878efd1932f2af518,True,ldpc.BpOsdDecoder,2.4.1,54512835564a8af823e05e9797dac6983fa1f730c057e68b968f4bdb3d4d301c,604aa77dd4e6bbb9539071f4be4a74d8c623a5642cd459272a2dc6dce8b930b6,"[1, 0, 1, 2, 0, 0, 1, 3, 2, 3]",synthetic_calibrated,True,1024,2.168404344971009e-19,,calibrated:f002,256,4,2304,2240,method_specific_not_cross_ranked,gray,ldpc_formal_v3,256,d7c55fa0323a2b2c7fa6100024f32259243abc6409de18f2010243807fbd4a11,calibrated:f002,2623,0.1875,0.1720000000204891,1319938ff6c989642950d4e3f3dba7ae9d0cbea14eb0c1e3a90d826e4fbc3227,verified_success,calibrated,p0875,12945,cb84cd20d10d453c378aad17e07f74d19388859554d99e4e2eb31f6e36b676f0,1,46,cb84cd20d10d453c378aad17e07f74d19388859554d99e4e2eb31f6e36b676f0,4,True,45bb8794fe648391c16aa2b829744e04fa83868444351919abdb9e8456da4600,64,64
24b7d767a36f2f8b815ff9b5a67dff19b71efe59dff07bb8c53e216babaa3433,True,ldpc.BpOsdDecoder,2.4.1,0b07efa0bf05560b20d65154940423f6a5aaca9e4d38dabed72fd3aa2cd3006f,604aa77dd4e6bbb9539071f4be4a74d8c623a5642cd459272a2dc6dce8b930b6,"[1, 0, 1, 2, 0, 0, 1, 3, 2, 3]",synthetic_calibrated,True,1024,2.168404344971009e-19,toeplitz_mismatch,calibrated:f031,256,4,2304,2240,method_specific_not_cross_ranked,gray,ldpc_formal_v3,256,d7c55fa0323a2b2c7fa6100024f32259243abc6409de18f2010243807fbd4a11,calibrated:f031,2623,0.22265625,0.1559999999590218,1319938ff6c989642950d4e3f3dba7ae9d0cbea14eb0c1e3a90d826e4fbc3227,verify_failed,calibrated,p0875,12948,c03d32597cb6145311a9fe0313dee290d1332d955944ed2a320218d4cd89e6a9,1,46,c03d32597cb6145311a9fe0313dee290d1332d955944ed2a320218d4cd89e6a9,4,True,b402ad8c1431321efb4e03f2a8bcb3bad258247092a393745f1fb8be2f821f2e,64,64
a979c88412c41ff57019eb653704c17f341ff152c1adb9c4e233f02580d7687d,True,ldpc.BpOsdDecoder,2.4.1,8d3db9e2893f29847a2d902b2133ef44ea110cf6df5bb55bfa24c3da54fba9eb,604aa77dd4e6bbb9539071f4be4a74d8c623a5642cd459272a2dc6dce8b930b6,"[1, 0, 1, 2, 0, 0, 1, 3, 2, 3]",synthetic_stress_125,True,1024,2.168404344971009e-19,toeplitz_mismatch,stress_125:f028,256,4,2304,2240,method_specific_not_cross_ranked,gray,ldpc_formal_v3,256,d7c55fa0323a2b2c7fa6100024f32259243abc6409de18f2010243807fbd4a11,stress_125:f028,2623,0.26171875,0.15600000007543713,1319938ff6c989642950d4e3f3dba7ae9d0cbea14eb0c1e3a90d826e4fbc3227,verify_failed,stress_125,p0875,12948,a9d6dcf191c8dea982de1d607ade398745d4575e45f85ca9fe35e44764f3ff47,1,46,a9d6dcf191c8dea982de1d607ade398745d4575e45f85ca9fe35e44764f3ff47,4,True,519c2064d6669d7d9c501aa44c3a6fae15046e57be09b3e95485995c592446b6,64,64
b4e19f04d4bbe68320456ce56d3c1eb3554fda90dae2a21d95d177bc4796fe2c,True,ldpc.BpOsdDecoder,2.4.1,01da80662d024638938e3465e950570ec0ea2f886f95596895b9b527d7467f81,604aa77dd4e6bbb9539071f4be4a74d8c623a5642cd459272a2dc6dce8b930b6,"[1, 0, 1, 2, 0, 0, 1, 3, 2, 3]",synthetic_stress_125,True,1024,2.168404344971009e-19,toeplitz_mismatch,stress_125:f000,256,4,2304,2240,method_specific_not_cross_ranked,gray,ldpc_formal_v3,256,d7c55fa0323a2b2c7fa6100024f32259243abc6409de18f2010243807fbd4a11,stress_125:f000,2623,0.3046875,0.1720000000204891,1319938ff6c989642950d4e3f3dba7ae9d0cbea14eb0c1e3a90d826e4fbc3227,verify_failed,stress_125,p0875,12948,a93371ff1984634a3b53e87c4b120c5e1ffed6cb3ef0892eb38875ed4c415485,1,46,a93371ff1984634a3b53e87c4b120c5e1ffed6cb3ef0892eb38875ed4c415485,4,True,fc7ecd9fa90ff5c47a1dd7b6f24cdec26ec6b3538ddbced23be3d42c80ad3c17,64,64
45b182fd09daa16dcbf02aafc1f06f19be07c63dc9cb83a00b970c297ce73db9,True,ldpc.BpOsdDecoder,2.4.1,8b2a8e8cb8db3535fce044ac5e43679342b37f8b925959b68a2faba54e731dcd,604aa77dd4e6bbb9539071f4be4a74d8c623a5642cd459272a2dc6dce8b930b6,"[1, 0, 1, 2, 0, 0, 1, 3, 2, 3]",synthetic_stress_125,True,1024,2.168404344971009e-19,toeplitz_mismatch,stress_125:f004,256,4,2304,2240,method_specific_not_cross_ranked,gray,ldpc_formal_v3,256,d7c55fa0323a2b2c7fa6100024f32259243abc6409de18f2010243807fbd4a11,stress_125:f004,2623,0.32421875,0.1559999999590218,1319938ff6c989642950d4e3f3dba7ae9d0cbea14eb0c1e3a90d826e4fbc3227,verify_failed,stress_125,p0875,12948,3497d7acfaee26c3102c14311336b53354a763fe76107dea5530a26e3934fb2a,1,46,3497d7acfaee26c3102c14311336b53354a763fe76107dea5530a26e3934fb2a,4,True,82da40c9eaa4655418215646f9a2edcedcbeeea9911c53ee2d8b4b1fff8bc788,64,64
36ba2c4631d379c393af39c5f4d11b6d1fcbd5f4cdd8b9011a1c3c1c79459e34,True,ldpc.BpOsdDecoder,2.4.1,d264634c76c6ceb66e0884f7ddfd72341811d2cabc5f83c28e55d57b9e5c4748,604aa77dd4e6bbb9539071f4be4a74d8c623a5642cd459272a2dc6dce8b930b6,"[1, 0, 1, 2, 0, 0, 1, 3, 2, 3]",synthetic_stress_125,True,1024,2.168404344971009e-19,toeplitz_mismatch,stress_125:f019,256,4,2304,2240,method_specific_not_cross_ranked,gray,ldpc_formal_v3,256,d7c55fa0323a2b2c7fa6100024f32259243abc6409de18f2010243807fbd4a11,stress_125:f019,2623,0.26171875,0.1559999999590218,1319938ff6c989642950d4e3f3dba7ae9d0cbea14eb0c1e3a90d826e4fbc3227,verify_failed,stress_125,p0875,12948,d35f63dcc0236b64259cb8a431cca732090e90e6b77d166ca2923065b93a1844,1,46,d35f63dcc0236b64259cb8a431cca732090e90e6b77d166ca2923065b93a1844,4,True,2d2b042491b5e6512d3e6e72f8b81cfe9c13226c90180ad9296d299ca3fced47,64,64
613287a7d04bb16539988e5d38149c117edd609b9bbdd8ab1ea78e464b1ee234,True,ldpc.BpOsdDecoder,2.4.1,3ac9fe11bee674b6a8fdff567153ff00436ec72d88e5fd0dcc4dd22b8bfd12dc,604aa77dd4e6bbb9539071f4be4a74d8c623a5642cd459272a2dc6dce8b930b6,"[1, 0, 1, 2, 0, 0, 1, 3, 2, 3]",synthetic_calibrated,True,1024,2.168404344971009e-19,toeplitz_mismatch,calibrated:f017,256,4,2304,2240,method_specific_not_cross_ranked,gray,ldpc_formal_v3,256,d7c55fa0323a2b2c7fa6100024f32259243abc6409de18f2010243807fbd4a11,calibrated:f017,2623,0.23828125,0.15700000000651926,1319938ff6c989642950d4e3f3dba7ae9d0cbea14eb0c1e3a90d826e4fbc3227,verify_failed,calibrated,p0875,12948,72df7f2662f41556d02eb9cd35098356ef40975a37fec16bfd2eb1a866a96338,1,46,72df7f2662f41556d02eb9cd35098356ef40975a37fec16bfd2eb1a866a96338,4,True,a7e84f521fd509e84b17441c343a90de359c33000f8476795f2f9ff8f38fe4ef,64,64
c628912015771d8bbc91d0ba05ded66535e8889d9c2c56da3f91650ecdaac7c9,True,ldpc.BpOsdDecoder,2.4.1,1f008c2b58a71844ae4b94cdc5c8bd1d2b433011dc562874ecf6cd3a3407b19a,604aa77dd4e6bbb9539071f4be4a74d8c623a5642cd459272a2dc6dce8b930b6,"[1, 0, 1, 2, 0, 0, 1, 3, 2, 3]",synthetic_calibrated,True,1024,2.168404344971009e-19,toeplitz_mismatch,calibrated:f006,256,4,2304,2240,method_specific_not_cross_ranked,gray,ldpc_formal_v3,256,d7c55fa0323a2b2c7fa6100024f32259243abc6409de18f2010243807fbd4a11,calibrated:f006,2623,0.265625,0.15600000007543713,1319938ff6c989642950d4e3f3dba7ae9d0cbea14eb0c1e3a90d826e4fbc3227,verify_failed,calibrated,p0875,12948,35fc416bde1a56f104c60c8902e63cfb715c7fc73fabcfdd02f00e26c66ae3be,1,46,35fc416bde1a56f104c60c8902e63cfb715c7fc73fabcfdd02f00e26c66ae3be,4,True,1befad52ab789ecaa2f86effb9e69c319a583d7b7ba158fefae3dae007c744fe,64,64
071dee660c4969e274f940bc91aebafbcc7a3ed06a131532e57395895f397b62,True,ldpc.BpOsdDecoder,2.4.1,4fb67e74a75e14e57f456158e3075ae68cad5037e5dae85a02a8c326de2f1070,604aa77dd4e6bbb9539071f4be4a74d8c623a5642cd459272a2dc6dce8b930b6,"[1, 0, 1, 2, 0, 0, 1, 3, 2, 3]",synthetic_stress_125,True,1024,2.168404344971009e-19,toeplitz_mismatch,stress_125:f014,256,4,2304,2240,method_specific_not_cross_ranked,gray,ldpc_formal_v3,256,d7c55fa0323a2b2c7fa6100024f32259243abc6409de18f2010243807fbd4a11,stress_125:f014,2623,0.29296875,0.1559999999590218,1319938ff6c989642950d4e3f3dba7ae9d0cbea14eb0c1e3a90d826e4fbc3227,verify_failed,stress_125,p0875,12948,4f69a3b09da576d4a2b79c44083469f53476fb6ba6362de267dfc232233a44af,1,46,4f69a3b09da576d4a2b79c44083469f53476fb6ba6362de267dfc232233a44af,4,True,3efddb37a1942c5d6bec7e100df54f0cb2521bb42b2c221c03ecc49f4a7a6fb3,64,64
c3e9ee9c3c9140c63c22c282dd0ca0b702648d3122214641bff11503eceff852,True,ldpc.BpOsdDecoder,2.4.1,7bd264774becc3ac9d33a16e120fca7198ab79b4f1b852068b915ff02bb15940,604aa77dd4e6bbb9539071f4be4a74d8c623a5642cd459272a2dc6dce8b930b6,"[1, 0, 1, 2, 0, 0, 1, 3, 2, 3]",synthetic_calibrated,True,1024,2.168404344971009e-19,toeplitz_mismatch,calibrated:f016,256,4,2304,2240,method_specific_not_cross_ranked,gray,ldpc_formal_v3,256,d7c55fa0323a2b2c7fa6100024f32259243abc6409de18f2010243807fbd4a11,calibrated:f016,2623,0.2109375,0.1559999999590218,1319938ff6c989642950d4e3f3dba7ae9d0cbea14eb0c1e3a90d826e4fbc3227,verify_failed,calibrated,p0875,12948,03eeff859834ef820ed44643377f832f55dfa168db8dfc1cc052c492ad6aa2b2,1,46,03eeff859834ef820ed44643377f832f55dfa168db8dfc1cc052c492ad6aa2b2,4,True,efadea502de7a3e0b45450563b6e8aa55a575967685eadeb095075c4b2bea677,64,64
5ed3ee8a3a944025262da1860bb5d833aaed8b709e8c2291233cd0dc7457e20e,True,ldpc.BpOsdDecoder,2.4.1,b4fe52cb8187b65af160e7ec29878801a0e49dd603cb6da83d50ebfb6390fecb,604aa77dd4e6bbb9539071f4be4a74d8c623a5642cd459272a2dc6dce8b930b6,"[1, 0, 1, 2, 0, 0, 1, 3, 2, 3]",synthetic_calibrated,True,1024,2.168404344971009e-19,toeplitz_mismatch,calibrated:f005,256,4,2304,2240,method_specific_not_cross_ranked,gray,ldpc_formal_v3,256,d7c55fa0323a2b2c7fa6100024f32259243abc6409de18f2010243807fbd4a11,calibrated:f005,2623,0.23046875,0.15700000000651926,1319938ff6c989642950d4e3f3dba7ae9d0cbea14eb0c1e3a90d826e4fbc3227,verify_failed,calibrated,p0875,12948,a0fdd6dca20599a7667e243dc190d7f58c66d3feeb2221b7a611460b4eed1dbc,1,46,a0fdd6dca20599a7667e243dc190d7f58c66d3feeb2221b7a611460b4eed1dbc,4,True,823f11106a0e9aa60e449d1010780d96b72a5633998bf42dc742a8f698154a8e,64,64
cde166d926435835b7bea53c3e4d92d1e667cebfd48639a34ca453e95f251d83,True,ldpc.BpOsdDecoder,2.4.1,126ea4c48aef388e3591707e2ae90b2b62b348f6f80152a3612d379f66ae7fe4,604aa77dd4e6bbb9539071f4be4a74d8c623a5642cd459272a2dc6dce8b930b6,"[1, 0, 1, 2, 0, 0, 1, 3, 2, 3]",synthetic_calibrated,True,1024,2.168404344971009e-19,toeplitz_mismatch,calibrated:f023,256,4,2304,2240,method_specific_not_cross_ranked,gray,ldpc_formal_v3,256,d7c55fa0323a2b2c7fa6100024f32259243abc6409de18f2010243807fbd4a11,calibrated:f023,2623,0.2109375,0.15600000007543713,1319938ff6c989642950d4e3f3dba7ae9d0cbea14eb0c1e3a90d826e4fbc3227,verify_failed,calibrated,p0875,12948,965b888cc41c579ff35d3d06ca0d92832a6439c1ca8c6ce2a03bcabbbc8eede9,1,46,965b888cc41c579ff35d3d06ca0d92832a6439c1ca8c6ce2a03bcabbbc8eede9,4,True,b8aa6b2ac3dc8ff03c00cc6f6ff796b3838415ca68f98797d043cfb1aabbbec1,64,64
0de0191df5a52e1c9816a3f24d4afd1dc0ada3be4b102847f4acf7e2ba726556,True,ldpc.BpOsdDecoder,2.4.1,dfbff83c2ace543899f0db1d42a7fb2c0ba16ce0640261c0ef7e397b16faba6c,604aa77dd4e6bbb9539071f4be4a74d8c623a5642cd459272a2dc6dce8b930b6,"[1, 0, 1, 2, 0, 0, 1, 3, 2, 3]",synthetic_stress_125,True,1024,2.168404344971009e-19,toeplitz_mismatch,stress_125:f011,256,4,2304,2240,method_specific_not_cross_ranked,gray,ldpc_formal_v3,256,d7c55fa0323a2b2c7fa6100024f32259243abc6409de18f2010243807fbd4a11,stress_125:f011,2623,0.26171875,0.1559999999590218,1319938ff6c989642950d4e3f3dba7ae9d0cbea14eb0c1e3a90d826e4fbc3227,verify_failed,stress_125,p0875,12948,66beef279862946721825732609135ce9ac3929e3bbd3cafb500956335c1dbc9,1,46,66beef279862946721825732609135ce9ac3929e3bbd3cafb500956335c1dbc9,4,True,37589ff4c4224774904d084f481177f1264a7adf0c40c11d1cfcadfab398c430,64,64
8333cec41fff067e8ccf3cfe3694f0f009c28e72ea4eb22fa01e9cc0d694a226,True,ldpc.BpOsdDecoder,2.4.1,1382508d356dc16b11770b989b9cde6ec66d81488b32a1287413ae43aa3aa593,604aa77dd4e6bbb9539071f4be4a74d8c623a5642cd459272a2dc6dce8b930b6,"[1, 0, 1, 2, 0, 0, 1, 3, 2, 3]",synthetic_calibrated,True,1024,2.168404344971009e-19,toeplitz_mismatch,calibrated:f004,256,4,2304,2240,method_specific_not_cross_ranked,gray,ldpc_formal_v3,256,d7c55fa0323a2b2c7fa6100024f32259243abc6409de18f2010243807fbd4a11,calibrated:f004,2623,0.203125,0.15600000007543713,1319938ff6c989642950d4e3f3dba7ae9d0cbea14eb0c1e3a90d826e4fbc3227,verify_failed,calibrated,p0875,12948,6f05b5256f4b863954d9680ddc7afcc8d3dc12672a5dd7c2cb7492dead0d8b8d,1,46,6f05b5256f4b863954d9680ddc7afcc8d3dc12672a5dd7c2cb7492dead0d8b8d,4,True,b7a3cb40281fa42302d95131d0b06300756acab98a589cc414d625c7448e9d85,64,64
886799ccd79fdaee927a18aa7c85296a5585e246d00a9aded1dafa0a86fea7f9,True,ldpc.BpOsdDecoder,2.4.1,79209903c1dd5c9d001f0b9b980e45034e3e65b115d9584379e619c9239882b1,604aa77dd4e6bbb9539071f4be4a74d8c623a5642cd459272a2dc6dce8b930b6,"[1, 0, 1, 2, 0, 0, 1, 3, 2, 3]",synthetic_stress_125,True,1024,2.168404344971009e-19,toeplitz_mismatch,stress_125:f012,256,4,2304,2240,method_specific_not_cross_ranked,gray,ldpc_formal_v3,256,d7c55fa0323a2b2c7fa6100024f32259243abc6409de18f2010243807fbd4a11,stress_125:f012,2623,0.2890625,0.1559999999590218,1319938ff6c989642950d4e3f3dba7ae9d0cbea14eb0c1e3a90d826e4fbc3227,verify_failed,stress_125,p0875,12948,df74fc8fad141c70720ee54adc561e7252a4c17e9828399f0d02141c2acc7c86,1,46,df74fc8fad141c70720ee54adc561e7252a4c17e9828399f0d02141c2acc7c86,4,True,a8e5171220c11ec50cd4e42f8b418d7e0846447c324d30aca4fd6dbec6e074a0,64,64
5004b6968e260a6327b38e6bff57c1a47c236b8b2465f1b08fc48379262871bc,True,ldpc.BpOsdDecoder,2.4.1,e892d4f5acc2d2573e29b40d02e493547a281055290a1b187b55afda077d2a76,604aa77dd4e6bbb9539071f4be4a74d8c623a5642cd459272a2dc6dce8b930b6,"[1, 0, 1, 2, 0, 0, 1, 3, 2, 3]",synthetic_stress_125,True,1024,2.168404344971009e-19,toeplitz_mismatch,stress_125:f002,256,4,2304,2240,method_specific_not_cross_ranked,gray,ldpc_formal_v3,256,d7c55fa0323a2b2c7fa6100024f32259243abc6409de18f2010243807fbd4a11,stress_125:f002,2623,0.2734375,0.1720000000204891,1319938ff6c989642950d4e3f3dba7ae9d0cbea14eb0c1e3a90d826e4fbc3227,verify_failed,stress_125,p0875,12948,d656580dc3c7dbbe6d68cfe9239c3d544f0eb063f6f046e7bbb1cccb1ae19ada,1,46,d656580dc3c7dbbe6d68cfe9239c3d544f0eb063f6f046e7bbb1cccb1ae19ada,4,True,3bc1bd8a3b89697b46e699abd750b3acd456d34761f92b4a7f6f338283336bdf,64,64
45d23eb57817afc5df0675bef62275e3d6de6496d058b0d841febf30d6d09727,True,ldpc.BpOsdDecoder,2.4.1,dfa4e98b7632c82ca5cc10e36f86d7bc4d78fe7cb6173f67575a3689eb873f06,604aa77dd4e6bbb9539071f4be4a74d8c623a5642cd459272a2dc6dce8b930b6,"[1, 0, 1, 2, 0, 0, 1, 3, 2, 3]",synthetic_stress_125,True,1024,2.168404344971009e-19,toeplitz_mismatch,stress_125:f006,256,4,2304,2240,method_specific_not_cross_ranked,gray,ldpc_formal_v3,256,d7c55fa0323a2b2c7fa6100024f32259243abc6409de18f2010243807fbd4a11,stress_125:f006,2623,0.2578125,0.1559999999590218,1319938ff6c989642950d4e3f3dba7ae9d0cbea14eb0c1e3a90d826e4fbc3227,verify_failed,stress_125,p0875,12948,6a2587feb77fd6ef988dc41ee2c00532127dfdd6139075953215973821581fff,1,46,6a2587feb77fd6ef988dc41ee2c00532127dfdd6139075953215973821581fff,4,True,20f9d4dcdeccf80a152c0cef5ba03a9da3012905c44dc28ab4405a9b003fba21,64,64
c9909bd8070a5be1494085d800e21cc89dc764cbc36ab33cc22f0e925b0bafed,True,ldpc.BpOsdDecoder,2.4.1,ed9e369d75e0035c7e5eaf1087c981b909cffe4e57e8840aaf429768a9213fa0,604aa77dd4e6bbb9539071f4be4a74d8c623a5642cd459272a2dc6dce8b930b6,"[1, 0, 1, 2, 0, 0, 1, 3, 2, 3]",synthetic_calibrated,True,1024,2.168404344971009e-19,toeplitz_mismatch,calibrated:f026,256,4,2304,2240,method_specific_not_cross_ranked,gray,ldpc_formal_v3,256,d7c55fa0323a2b2c7fa6100024f32259243abc6409de18f2010243807fbd4a11,calibrated:f026,2623,0.203125,0.1720000000204891,1319938ff6c989642950d4e3f3dba7ae9d0cbea14eb0c1e3a90d826e4fbc3227,verify_failed,calibrated,p0875,12948,73fdc48a205482df4ee8d916cc1cfb80b7f1fdf9cf8bd0f6885ffe06df5b7940,1,46,73fdc48a205482df4ee8d916cc1cfb80b7f1fdf9cf8bd0f6885ffe06df5b7940,4,True,c450b6b235f5b2658883ba0d6f3fe47910d4eaf8368cf0607bc76685d278b335,64,64
