dataset_id,source_path,loss_db,dimension,bin_width_ps,n_eff_pairs,frame_len_symbols,frame_len_bits,method,method_variant,method_status,processing_rule_version,pairing_path_tag,threshold_ps,effective_pairing_window_ps,n_frames_total,n_frames_attempted,n_frames_success,n_frames_failed_decode,n_frames_failed_verify,accepted_frame_fraction,rejected_frame_fraction,raw_ser,raw_ber,post_ir_ser,post_ir_ber,leak_EC_actual_bits,leak_EC_per_frame,leak_EC_per_input_bit,beta_eff_empirical,runtime_s,throughput_input_bits_per_s,throughput_output_bits_per_s,notes,backend_status,error_message
polar_row_0,D:\Code\HD-QKD_Polar_Release\results\authoritative\_tmp_longrun_fresh_rerun\full_20dB\candidate_rerun\polar_diag_summary.csv,20.0,4,20,26165.0,4,8,polar_existing,read_existing,ok,pairing_v2,time_pairs_nearest,20,20,6541,6541,0.0,6541.0,0.0,0.0,1.0,0.3956048155933498,0.3956048155933498,,,,,,,,,,"source=D:\Code\HD-QKD_Polar_Release\results\authoritative\_tmp_longrun_fresh_rerun\full_20dB\candidate_rerun\polar_diag_summary.csv; checked_files=_tmp_grid_table.csv,_tmp_src_table.csv,polar_e2e_results.csv,polar_layer_metrics.csv; source_missing_fields=dataset_id,loss_db,n_eff_pairs,frame_len_symbols,leak_EC_actual_bits,runtime_s; missing_after_companion_scan=leak_EC_actual_bits,runtime_s,n_frames_success,n_frames_failed_decode,n_frames_failed_verify,throughput_input_bits_per_s",read_existing_file,
polar_row_1,D:\Code\HD-QKD_Polar_Release\results\authoritative\_tmp_longrun_fresh_rerun\full_20dB\candidate_rerun\polar_diag_summary.csv,20.0,4,30,28641.0,4,8,polar_existing,read_existing,ok,pairing_v2,time_pairs_nearest,30,30,7160,7160,0.0,7160.0,0.0,0.0,1.0,0.3138158583848329,0.3138158583848329,,,,,,,,,,"source=D:\Code\HD-QKD_Polar_Release\results\authoritative\_tmp_longrun_fresh_rerun\full_20dB\candidate_rerun\polar_diag_summary.csv; checked_files=_tmp_grid_table.csv,_tmp_src_table.csv,polar_e2e_results.csv,polar_layer_metrics.csv; source_missing_fields=dataset_id,loss_db,n_eff_pairs,frame_len_symbols,leak_EC_actual_bits,runtime_s; missing_after_companion_scan=leak_EC_actual_bits,runtime_s,n_frames_success,n_frames_failed_decode,n_frames_failed_verify,throughput_input_bits_per_s",read_existing_file,
polar_row_2,D:\Code\HD-QKD_Polar_Release\results\authoritative\_tmp_longrun_fresh_rerun\full_20dB\candidate_rerun\polar_diag_summary.csv,20.0,4,40,29328.0,4,8,polar_existing,read_existing,ok,pairing_v2,time_pairs_nearest,40,40,7332,7332,0.0,7332.0,0.0,0.0,1.0,0.2499318057828696,0.2499318057828696,,,,,,,,,,"source=D:\Code\HD-QKD_Polar_Release\results\authoritative\_tmp_longrun_fresh_rerun\full_20dB\candidate_rerun\polar_diag_summary.csv; checked_files=_tmp_grid_table.csv,_tmp_src_table.csv,polar_e2e_results.csv,polar_layer_metrics.csv; source_missing_fields=dataset_id,loss_db,n_eff_pairs,frame_len_symbols,leak_EC_actual_bits,runtime_s; missing_after_companion_scan=leak_EC_actual_bits,runtime_s,n_frames_success,n_frames_failed_decode,n_frames_failed_verify,throughput_input_bits_per_s",read_existing_file,
polar_row_3,D:\Code\HD-QKD_Polar_Release\results\authoritative\_tmp_longrun_fresh_rerun\full_20dB\candidate_rerun\polar_diag_summary.csv,20.0,4,50,29613.0,4,8,polar_existing,read_existing,ok,pairing_v2,time_pairs_nearest,50,50,7403,7403,0.0,7403.0,0.0,0.0,1.0,0.2045723162124742,0.2045723162124742,,,,,,,,,,"source=D:\Code\HD-QKD_Polar_Release\results\authoritative\_tmp_longrun_fresh_rerun\full_20dB\candidate_rerun\polar_diag_summary.csv; checked_files=_tmp_grid_table.csv,_tmp_src_table.csv,polar_e2e_results.csv,polar_layer_metrics.csv; source_missing_fields=dataset_id,loss_db,n_eff_pairs,frame_len_symbols,leak_EC_actual_bits,runtime_s; missing_after_companion_scan=leak_EC_actual_bits,runtime_s,n_frames_success,n_frames_failed_decode,n_frames_failed_verify,throughput_input_bits_per_s",read_existing_file,
polar_row_4,D:\Code\HD-QKD_Polar_Release\results\authoritative\_tmp_longrun_fresh_rerun\full_20dB\candidate_rerun\polar_diag_summary.csv,20.0,4,60,29779.0,4,8,polar_existing,read_existing,ok,pairing_v2,time_pairs_nearest,60,60,7444,7444,0.0,7444.0,0.0,0.0,1.0,0.1755263776486786,0.1755263776486786,,,,,,,,,,"source=D:\Code\HD-QKD_Polar_Release\results\authoritative\_tmp_longrun_fresh_rerun\full_20dB\candidate_rerun\polar_diag_summary.csv; checked_files=_tmp_grid_table.csv,_tmp_src_table.csv,polar_e2e_results.csv,polar_layer_metrics.csv; source_missing_fields=dataset_id,loss_db,n_eff_pairs,frame_len_symbols,leak_EC_actual_bits,runtime_s; missing_after_companion_scan=leak_EC_actual_bits,runtime_s,n_frames_success,n_frames_failed_decode,n_frames_failed_verify,throughput_input_bits_per_s",read_existing_file,
polar_row_5,D:\Code\HD-QKD_Polar_Release\results\authoritative\_tmp_longrun_fresh_rerun\full_20dB\candidate_rerun\polar_diag_summary.csv,20.0,4,80,29935.0,4,8,polar_existing,read_existing,ok,pairing_v2,time_pairs_nearest,80,80,7483,7483,0.0,7483.0,0.0,0.0,1.0,0.1363621179221646,0.1363621179221646,,,,,,,,,,"source=D:\Code\HD-QKD_Polar_Release\results\authoritative\_tmp_longrun_fresh_rerun\full_20dB\candidate_rerun\polar_diag_summary.csv; checked_files=_tmp_grid_table.csv,_tmp_src_table.csv,polar_e2e_results.csv,polar_layer_metrics.csv; source_missing_fields=dataset_id,loss_db,n_eff_pairs,frame_len_symbols,leak_EC_actual_bits,runtime_s; missing_after_companion_scan=leak_EC_actual_bits,runtime_s,n_frames_success,n_frames_failed_decode,n_frames_failed_verify,throughput_input_bits_per_s",read_existing_file,
polar_row_6,D:\Code\HD-QKD_Polar_Release\results\authoritative\_tmp_longrun_fresh_rerun\full_20dB\candidate_rerun\polar_diag_summary.csv,20.0,4,100,30012.0,4,8,polar_existing,read_existing,ok,pairing_v2,time_pairs_nearest,100,100,7503,7503,0.0,7503.0,0.0,0.0,1.0,0.1101226176196188,0.1101226176196188,,,,,,,,,,"source=D:\Code\HD-QKD_Polar_Release\results\authoritative\_tmp_longrun_fresh_rerun\full_20dB\candidate_rerun\polar_diag_summary.csv; checked_files=_tmp_grid_table.csv,_tmp_src_table.csv,polar_e2e_results.csv,polar_layer_metrics.csv; source_missing_fields=dataset_id,loss_db,n_eff_pairs,frame_len_symbols,leak_EC_actual_bits,runtime_s; missing_after_companion_scan=leak_EC_actual_bits,runtime_s,n_frames_success,n_frames_failed_decode,n_frames_failed_verify,throughput_input_bits_per_s",read_existing_file,
polar_row_7,D:\Code\HD-QKD_Polar_Release\results\authoritative\_tmp_longrun_fresh_rerun\full_20dB\candidate_rerun\polar_diag_summary.csv,20.0,4,120,30056.0,4,8,polar_existing,read_existing,ok,pairing_v2,time_pairs_nearest,120,120,7514,7514,7514.0,0.0,0.0,1.0,0.0,0.0933923343092893,0.0933923343092893,,,,,,,,,,"source=D:\Code\HD-QKD_Polar_Release\results\authoritative\_tmp_longrun_fresh_rerun\full_20dB\candidate_rerun\polar_diag_summary.csv; checked_files=_tmp_grid_table.csv,_tmp_src_table.csv,polar_e2e_results.csv,polar_layer_metrics.csv; source_missing_fields=dataset_id,loss_db,n_eff_pairs,frame_len_symbols,leak_EC_actual_bits,runtime_s; missing_after_companion_scan=leak_EC_actual_bits,runtime_s,n_frames_success,n_frames_failed_decode,n_frames_failed_verify,throughput_input_bits_per_s",read_existing_file,
polar_row_8,D:\Code\HD-QKD_Polar_Release\results\authoritative\_tmp_longrun_fresh_rerun\full_20dB\candidate_rerun\polar_diag_summary.csv,20.0,4,150,30104.0,4,8,polar_existing,read_existing,ok,pairing_v2,time_pairs_nearest,150,150,7526,7526,7526.0,0.0,0.0,1.0,0.0,0.0745748073345734,0.0745748073345734,,,,,,,,,,"source=D:\Code\HD-QKD_Polar_Release\results\authoritative\_tmp_longrun_fresh_rerun\full_20dB\candidate_rerun\polar_diag_summary.csv; checked_files=_tmp_grid_table.csv,_tmp_src_table.csv,polar_e2e_results.csv,polar_layer_metrics.csv; source_missing_fields=dataset_id,loss_db,n_eff_pairs,frame_len_symbols,leak_EC_actual_bits,runtime_s; missing_after_companion_scan=leak_EC_actual_bits,runtime_s,n_frames_success,n_frames_failed_decode,n_frames_failed_verify,throughput_input_bits_per_s",read_existing_file,
polar_row_9,D:\Code\HD-QKD_Polar_Release\results\authoritative\_tmp_longrun_fresh_rerun\full_20dB\candidate_rerun\polar_diag_summary.csv,20.0,4,180,30149.0,4,8,polar_existing,read_existing,ok,pairing_v2,time_pairs_nearest,180,180,7537,7537,7537.0,0.0,0.0,1.0,0.0,0.0642144018043716,0.0642144018043716,,,,,,,,,,"source=D:\Code\HD-QKD_Polar_Release\results\authoritative\_tmp_longrun_fresh_rerun\full_20dB\candidate_rerun\polar_diag_summary.csv; checked_files=_tmp_grid_table.csv,_tmp_src_table.csv,polar_e2e_results.csv,polar_layer_metrics.csv; source_missing_fields=dataset_id,loss_db,n_eff_pairs,frame_len_symbols,leak_EC_actual_bits,runtime_s; missing_after_companion_scan=leak_EC_actual_bits,runtime_s,n_frames_success,n_frames_failed_decode,n_frames_failed_verify,throughput_input_bits_per_s",read_existing_file,
polar_row_10,D:\Code\HD-QKD_Polar_Release\results\authoritative\_tmp_longrun_fresh_rerun\full_20dB\candidate_rerun\polar_diag_summary.csv,20.0,4,200,30168.0,4,8,polar_existing,read_existing,ok,pairing_v2,time_pairs_nearest,200,200,7542,7542,7542.0,0.0,0.0,1.0,0.0,0.0590692124105011,0.0590692124105011,,,,,,,,,,"source=D:\Code\HD-QKD_Polar_Release\results\authoritative\_tmp_longrun_fresh_rerun\full_20dB\candidate_rerun\polar_diag_summary.csv; checked_files=_tmp_grid_table.csv,_tmp_src_table.csv,polar_e2e_results.csv,polar_layer_metrics.csv; source_missing_fields=dataset_id,loss_db,n_eff_pairs,frame_len_symbols,leak_EC_actual_bits,runtime_s; missing_after_companion_scan=leak_EC_actual_bits,runtime_s,n_frames_success,n_frames_failed_decode,n_frames_failed_verify,throughput_input_bits_per_s",read_existing_file,
polar_row_11,D:\Code\HD-QKD_Polar_Release\results\authoritative\_tmp_longrun_fresh_rerun\full_20dB\candidate_rerun\polar_diag_summary.csv,20.0,8,20,26165.0,8,24,polar_existing,read_existing,ok,pairing_v2,time_pairs_nearest,20,20,3270,3270,0.0,3270.0,0.0,0.0,1.0,0.3956048155933498,0.3956048155933498,,,,,,,,,,"source=D:\Code\HD-QKD_Polar_Release\results\authoritative\_tmp_longrun_fresh_rerun\full_20dB\candidate_rerun\polar_diag_summary.csv; checked_files=_tmp_grid_table.csv,_tmp_src_table.csv,polar_e2e_results.csv,polar_layer_metrics.csv; source_missing_fields=dataset_id,loss_db,n_eff_pairs,frame_len_symbols,leak_EC_actual_bits,runtime_s; missing_after_companion_scan=leak_EC_actual_bits,runtime_s,n_frames_success,n_frames_failed_decode,n_frames_failed_verify,throughput_input_bits_per_s",read_existing_file,
polar_row_12,D:\Code\HD-QKD_Polar_Release\results\authoritative\_tmp_longrun_fresh_rerun\full_20dB\candidate_rerun\polar_diag_summary.csv,20.0,8,30,28641.0,8,24,polar_existing,read_existing,ok,pairing_v2,time_pairs_nearest,30,30,3580,3580,0.0,3580.0,0.0,0.0,1.0,0.3138158583848329,0.3138158583848329,,,,,,,,,,"source=D:\Code\HD-QKD_Polar_Release\results\authoritative\_tmp_longrun_fresh_rerun\full_20dB\candidate_rerun\polar_diag_summary.csv; checked_files=_tmp_grid_table.csv,_tmp_src_table.csv,polar_e2e_results.csv,polar_layer_metrics.csv; source_missing_fields=dataset_id,loss_db,n_eff_pairs,frame_len_symbols,leak_EC_actual_bits,runtime_s; missing_after_companion_scan=leak_EC_actual_bits,runtime_s,n_frames_success,n_frames_failed_decode,n_frames_failed_verify,throughput_input_bits_per_s",read_existing_file,
polar_row_13,D:\Code\HD-QKD_Polar_Release\results\authoritative\_tmp_longrun_fresh_rerun\full_20dB\candidate_rerun\polar_diag_summary.csv,20.0,8,40,29328.0,8,24,polar_existing,read_existing,ok,pairing_v2,time_pairs_nearest,40,40,3666,3666,0.0,3666.0,0.0,0.0,1.0,0.2499318057828696,0.2499318057828696,,,,,,,,,,"source=D:\Code\HD-QKD_Polar_Release\results\authoritative\_tmp_longrun_fresh_rerun\full_20dB\candidate_rerun\polar_diag_summary.csv; checked_files=_tmp_grid_table.csv,_tmp_src_table.csv,polar_e2e_results.csv,polar_layer_metrics.csv; source_missing_fields=dataset_id,loss_db,n_eff_pairs,frame_len_symbols,leak_EC_actual_bits,runtime_s; missing_after_companion_scan=leak_EC_actual_bits,runtime_s,n_frames_success,n_frames_failed_decode,n_frames_failed_verify,throughput_input_bits_per_s",read_existing_file,
polar_row_14,D:\Code\HD-QKD_Polar_Release\results\authoritative\_tmp_longrun_fresh_rerun\full_20dB\candidate_rerun\polar_diag_summary.csv,20.0,8,50,29613.0,8,24,polar_existing,read_existing,ok,pairing_v2,time_pairs_nearest,50,50,3701,3701,0.0,3701.0,0.0,0.0,1.0,0.2045723162124742,0.2045723162124742,,,,,,,,,,"source=D:\Code\HD-QKD_Polar_Release\results\authoritative\_tmp_longrun_fresh_rerun\full_20dB\candidate_rerun\polar_diag_summary.csv; checked_files=_tmp_grid_table.csv,_tmp_src_table.csv,polar_e2e_results.csv,polar_layer_metrics.csv; source_missing_fields=dataset_id,loss_db,n_eff_pairs,frame_len_symbols,leak_EC_actual_bits,runtime_s; missing_after_companion_scan=leak_EC_actual_bits,runtime_s,n_frames_success,n_frames_failed_decode,n_frames_failed_verify,throughput_input_bits_per_s",read_existing_file,
polar_row_15,D:\Code\HD-QKD_Polar_Release\results\authoritative\_tmp_longrun_fresh_rerun\full_20dB\candidate_rerun\polar_diag_summary.csv,20.0,8,60,29779.0,8,24,polar_existing,read_existing,ok,pairing_v2,time_pairs_nearest,60,60,3722,3722,0.0,3722.0,0.0,0.0,1.0,0.1755263776486786,0.1755263776486786,,,,,,,,,,"source=D:\Code\HD-QKD_Polar_Release\results\authoritative\_tmp_longrun_fresh_rerun\full_20dB\candidate_rerun\polar_diag_summary.csv; checked_files=_tmp_grid_table.csv,_tmp_src_table.csv,polar_e2e_results.csv,polar_layer_metrics.csv; source_missing_fields=dataset_id,loss_db,n_eff_pairs,frame_len_symbols,leak_EC_actual_bits,runtime_s; missing_after_companion_scan=leak_EC_actual_bits,runtime_s,n_frames_success,n_frames_failed_decode,n_frames_failed_verify,throughput_input_bits_per_s",read_existing_file,
polar_row_16,D:\Code\HD-QKD_Polar_Release\results\authoritative\_tmp_longrun_fresh_rerun\full_20dB\candidate_rerun\polar_diag_summary.csv,20.0,8,80,29935.0,8,24,polar_existing,read_existing,ok,pairing_v2,time_pairs_nearest,80,80,3741,3741,0.0,3741.0,0.0,0.0,1.0,0.1363621179221646,0.1363621179221646,,,,,,,,,,"source=D:\Code\HD-QKD_Polar_Release\results\authoritative\_tmp_longrun_fresh_rerun\full_20dB\candidate_rerun\polar_diag_summary.csv; checked_files=_tmp_grid_table.csv,_tmp_src_table.csv,polar_e2e_results.csv,polar_layer_metrics.csv; source_missing_fields=dataset_id,loss_db,n_eff_pairs,frame_len_symbols,leak_EC_actual_bits,runtime_s; missing_after_companion_scan=leak_EC_actual_bits,runtime_s,n_frames_success,n_frames_failed_decode,n_frames_failed_verify,throughput_input_bits_per_s",read_existing_file,
polar_row_17,D:\Code\HD-QKD_Polar_Release\results\authoritative\_tmp_longrun_fresh_rerun\full_20dB\candidate_rerun\polar_diag_summary.csv,20.0,8,100,30012.0,8,24,polar_existing,read_existing,ok,pairing_v2,time_pairs_nearest,100,100,3751,3751,0.0,3751.0,0.0,0.0,1.0,0.1101226176196188,0.1101226176196188,,,,,,,,,,"source=D:\Code\HD-QKD_Polar_Release\results\authoritative\_tmp_longrun_fresh_rerun\full_20dB\candidate_rerun\polar_diag_summary.csv; checked_files=_tmp_grid_table.csv,_tmp_src_table.csv,polar_e2e_results.csv,polar_layer_metrics.csv; source_missing_fields=dataset_id,loss_db,n_eff_pairs,frame_len_symbols,leak_EC_actual_bits,runtime_s; missing_after_companion_scan=leak_EC_actual_bits,runtime_s,n_frames_success,n_frames_failed_decode,n_frames_failed_verify,throughput_input_bits_per_s",read_existing_file,
polar_row_18,D:\Code\HD-QKD_Polar_Release\results\authoritative\_tmp_longrun_fresh_rerun\full_20dB\candidate_rerun\polar_diag_summary.csv,20.0,8,120,30056.0,8,24,polar_existing,read_existing,ok,pairing_v2,time_pairs_nearest,120,120,3757,3757,3757.0,0.0,0.0,1.0,0.0,0.0933923343092893,0.0933923343092893,,,,,,,,,,"source=D:\Code\HD-QKD_Polar_Release\results\authoritative\_tmp_longrun_fresh_rerun\full_20dB\candidate_rerun\polar_diag_summary.csv; checked_files=_tmp_grid_table.csv,_tmp_src_table.csv,polar_e2e_results.csv,polar_layer_metrics.csv; source_missing_fields=dataset_id,loss_db,n_eff_pairs,frame_len_symbols,leak_EC_actual_bits,runtime_s; missing_after_companion_scan=leak_EC_actual_bits,runtime_s,n_frames_success,n_frames_failed_decode,n_frames_failed_verify,throughput_input_bits_per_s",read_existing_file,
polar_row_19,D:\Code\HD-QKD_Polar_Release\results\authoritative\_tmp_longrun_fresh_rerun\full_20dB\candidate_rerun\polar_diag_summary.csv,20.0,8,150,30104.0,8,24,polar_existing,read_existing,ok,pairing_v2,time_pairs_nearest,150,150,3763,3763,3763.0,0.0,0.0,1.0,0.0,0.0745748073345734,0.0745748073345734,,,,,,,,,,"source=D:\Code\HD-QKD_Polar_Release\results\authoritative\_tmp_longrun_fresh_rerun\full_20dB\candidate_rerun\polar_diag_summary.csv; checked_files=_tmp_grid_table.csv,_tmp_src_table.csv,polar_e2e_results.csv,polar_layer_metrics.csv; source_missing_fields=dataset_id,loss_db,n_eff_pairs,frame_len_symbols,leak_EC_actual_bits,runtime_s; missing_after_companion_scan=leak_EC_actual_bits,runtime_s,n_frames_success,n_frames_failed_decode,n_frames_failed_verify,throughput_input_bits_per_s",read_existing_file,
polar_row_20,D:\Code\HD-QKD_Polar_Release\results\authoritative\_tmp_longrun_fresh_rerun\full_20dB\candidate_rerun\polar_diag_summary.csv,20.0,8,180,30149.0,8,24,polar_existing,read_existing,ok,pairing_v2,time_pairs_nearest,180,180,3768,3768,3768.0,0.0,0.0,1.0,0.0,0.0642144018043716,0.0642144018043716,,,,,,,,,,"source=D:\Code\HD-QKD_Polar_Release\results\authoritative\_tmp_longrun_fresh_rerun\full_20dB\candidate_rerun\polar_diag_summary.csv; checked_files=_tmp_grid_table.csv,_tmp_src_table.csv,polar_e2e_results.csv,polar_layer_metrics.csv; source_missing_fields=dataset_id,loss_db,n_eff_pairs,frame_len_symbols,leak_EC_actual_bits,runtime_s; missing_after_companion_scan=leak_EC_actual_bits,runtime_s,n_frames_success,n_frames_failed_decode,n_frames_failed_verify,throughput_input_bits_per_s",read_existing_file,
polar_row_21,D:\Code\HD-QKD_Polar_Release\results\authoritative\_tmp_longrun_fresh_rerun\full_20dB\candidate_rerun\polar_diag_summary.csv,20.0,8,200,30168.0,8,24,polar_existing,read_existing,ok,pairing_v2,time_pairs_nearest,200,200,3771,3771,3771.0,0.0,0.0,1.0,0.0,0.0590692124105011,0.0590692124105011,,,,,,,,,,"source=D:\Code\HD-QKD_Polar_Release\results\authoritative\_tmp_longrun_fresh_rerun\full_20dB\candidate_rerun\polar_diag_summary.csv; checked_files=_tmp_grid_table.csv,_tmp_src_table.csv,polar_e2e_results.csv,polar_layer_metrics.csv; source_missing_fields=dataset_id,loss_db,n_eff_pairs,frame_len_symbols,leak_EC_actual_bits,runtime_s; missing_after_companion_scan=leak_EC_actual_bits,runtime_s,n_frames_success,n_frames_failed_decode,n_frames_failed_verify,throughput_input_bits_per_s",read_existing_file,
polar_row_22,D:\Code\HD-QKD_Polar_Release\results\authoritative\_tmp_longrun_fresh_rerun\full_20dB\candidate_rerun\polar_diag_summary.csv,20.0,16,20,26165.0,16,64,polar_existing,read_existing,ok,pairing_v2,time_pairs_nearest,20,20,1635,1635,0.0,1635.0,0.0,0.0,1.0,0.3956048155933498,0.3956048155933498,,,,,,,,,,"source=D:\Code\HD-QKD_Polar_Release\results\authoritative\_tmp_longrun_fresh_rerun\full_20dB\candidate_rerun\polar_diag_summary.csv; checked_files=_tmp_grid_table.csv,_tmp_src_table.csv,polar_e2e_results.csv,polar_layer_metrics.csv; source_missing_fields=dataset_id,loss_db,n_eff_pairs,frame_len_symbols,leak_EC_actual_bits,runtime_s; missing_after_companion_scan=leak_EC_actual_bits,runtime_s,n_frames_success,n_frames_failed_decode,n_frames_failed_verify,throughput_input_bits_per_s",read_existing_file,
polar_row_23,D:\Code\HD-QKD_Polar_Release\results\authoritative\_tmp_longrun_fresh_rerun\full_20dB\candidate_rerun\polar_diag_summary.csv,20.0,16,30,28641.0,16,64,polar_existing,read_existing,ok,pairing_v2,time_pairs_nearest,30,30,1790,1790,0.0,1790.0,0.0,0.0,1.0,0.3138158583848329,0.3138158583848329,,,,,,,,,,"source=D:\Code\HD-QKD_Polar_Release\results\authoritative\_tmp_longrun_fresh_rerun\full_20dB\candidate_rerun\polar_diag_summary.csv; checked_files=_tmp_grid_table.csv,_tmp_src_table.csv,polar_e2e_results.csv,polar_layer_metrics.csv; source_missing_fields=dataset_id,loss_db,n_eff_pairs,frame_len_symbols,leak_EC_actual_bits,runtime_s; missing_after_companion_scan=leak_EC_actual_bits,runtime_s,n_frames_success,n_frames_failed_decode,n_frames_failed_verify,throughput_input_bits_per_s",read_existing_file,
polar_row_24,D:\Code\HD-QKD_Polar_Release\results\authoritative\_tmp_longrun_fresh_rerun\full_20dB\candidate_rerun\polar_diag_summary.csv,20.0,16,40,29328.0,16,64,polar_existing,read_existing,ok,pairing_v2,time_pairs_nearest,40,40,1833,1833,0.0,1833.0,0.0,0.0,1.0,0.2499318057828696,0.2499318057828696,,,,,,,,,,"source=D:\Code\HD-QKD_Polar_Release\results\authoritative\_tmp_longrun_fresh_rerun\full_20dB\candidate_rerun\polar_diag_summary.csv; checked_files=_tmp_grid_table.csv,_tmp_src_table.csv,polar_e2e_results.csv,polar_layer_metrics.csv; source_missing_fields=dataset_id,loss_db,n_eff_pairs,frame_len_symbols,leak_EC_actual_bits,runtime_s; missing_after_companion_scan=leak_EC_actual_bits,runtime_s,n_frames_success,n_frames_failed_decode,n_frames_failed_verify,throughput_input_bits_per_s",read_existing_file,
polar_row_25,D:\Code\HD-QKD_Polar_Release\results\authoritative\_tmp_longrun_fresh_rerun\full_20dB\candidate_rerun\polar_diag_summary.csv,20.0,16,50,29613.0,16,64,polar_existing,read_existing,ok,pairing_v2,time_pairs_nearest,50,50,1850,1850,0.0,1850.0,0.0,0.0,1.0,0.2045723162124742,0.2045723162124742,,,,,,,,,,"source=D:\Code\HD-QKD_Polar_Release\results\authoritative\_tmp_longrun_fresh_rerun\full_20dB\candidate_rerun\polar_diag_summary.csv; checked_files=_tmp_grid_table.csv,_tmp_src_table.csv,polar_e2e_results.csv,polar_layer_metrics.csv; source_missing_fields=dataset_id,loss_db,n_eff_pairs,frame_len_symbols,leak_EC_actual_bits,runtime_s; missing_after_companion_scan=leak_EC_actual_bits,runtime_s,n_frames_success,n_frames_failed_decode,n_frames_failed_verify,throughput_input_bits_per_s",read_existing_file,
polar_row_26,D:\Code\HD-QKD_Polar_Release\results\authoritative\_tmp_longrun_fresh_rerun\full_20dB\candidate_rerun\polar_diag_summary.csv,20.0,16,60,29779.0,16,64,polar_existing,read_existing,ok,pairing_v2,time_pairs_nearest,60,60,1861,1861,0.0,1861.0,0.0,0.0,1.0,0.1755263776486786,0.1755263776486786,,,,,,,,,,"source=D:\Code\HD-QKD_Polar_Release\results\authoritative\_tmp_longrun_fresh_rerun\full_20dB\candidate_rerun\polar_diag_summary.csv; checked_files=_tmp_grid_table.csv,_tmp_src_table.csv,polar_e2e_results.csv,polar_layer_metrics.csv; source_missing_fields=dataset_id,loss_db,n_eff_pairs,frame_len_symbols,leak_EC_actual_bits,runtime_s; missing_after_companion_scan=leak_EC_actual_bits,runtime_s,n_frames_success,n_frames_failed_decode,n_frames_failed_verify,throughput_input_bits_per_s",read_existing_file,
polar_row_27,D:\Code\HD-QKD_Polar_Release\results\authoritative\_tmp_longrun_fresh_rerun\full_20dB\candidate_rerun\polar_diag_summary.csv,20.0,16,80,29935.0,16,64,polar_existing,read_existing,ok,pairing_v2,time_pairs_nearest,80,80,1870,1870,0.0,1870.0,0.0,0.0,1.0,0.1363621179221646,0.1363621179221646,,,,,,,,,,"source=D:\Code\HD-QKD_Polar_Release\results\authoritative\_tmp_longrun_fresh_rerun\full_20dB\candidate_rerun\polar_diag_summary.csv; checked_files=_tmp_grid_table.csv,_tmp_src_table.csv,polar_e2e_results.csv,polar_layer_metrics.csv; source_missing_fields=dataset_id,loss_db,n_eff_pairs,frame_len_symbols,leak_EC_actual_bits,runtime_s; missing_after_companion_scan=leak_EC_actual_bits,runtime_s,n_frames_success,n_frames_failed_decode,n_frames_failed_verify,throughput_input_bits_per_s",read_existing_file,
polar_row_28,D:\Code\HD-QKD_Polar_Release\results\authoritative\_tmp_longrun_fresh_rerun\full_20dB\candidate_rerun\polar_diag_summary.csv,20.0,16,100,30012.0,16,64,polar_existing,read_existing,ok,pairing_v2,time_pairs_nearest,100,100,1875,1875,0.0,1875.0,0.0,0.0,1.0,0.1101226176196188,0.1101226176196188,,,,,,,,,,"source=D:\Code\HD-QKD_Polar_Release\results\authoritative\_tmp_longrun_fresh_rerun\full_20dB\candidate_rerun\polar_diag_summary.csv; checked_files=_tmp_grid_table.csv,_tmp_src_table.csv,polar_e2e_results.csv,polar_layer_metrics.csv; source_missing_fields=dataset_id,loss_db,n_eff_pairs,frame_len_symbols,leak_EC_actual_bits,runtime_s; missing_after_companion_scan=leak_EC_actual_bits,runtime_s,n_frames_success,n_frames_failed_decode,n_frames_failed_verify,throughput_input_bits_per_s",read_existing_file,
polar_row_29,D:\Code\HD-QKD_Polar_Release\results\authoritative\_tmp_longrun_fresh_rerun\full_20dB\candidate_rerun\polar_diag_summary.csv,20.0,16,120,30056.0,16,64,polar_existing,read_existing,ok,pairing_v2,time_pairs_nearest,120,120,1878,1878,1878.0,0.0,0.0,1.0,0.0,0.0933923343092893,0.0933923343092893,,,,,,,,,,"source=D:\Code\HD-QKD_Polar_Release\results\authoritative\_tmp_longrun_fresh_rerun\full_20dB\candidate_rerun\polar_diag_summary.csv; checked_files=_tmp_grid_table.csv,_tmp_src_table.csv,polar_e2e_results.csv,polar_layer_metrics.csv; source_missing_fields=dataset_id,loss_db,n_eff_pairs,frame_len_symbols,leak_EC_actual_bits,runtime_s; missing_after_companion_scan=leak_EC_actual_bits,runtime_s,n_frames_success,n_frames_failed_decode,n_frames_failed_verify,throughput_input_bits_per_s",read_existing_file,
polar_row_30,D:\Code\HD-QKD_Polar_Release\results\authoritative\_tmp_longrun_fresh_rerun\full_20dB\candidate_rerun\polar_diag_summary.csv,20.0,16,150,30104.0,16,64,polar_existing,read_existing,ok,pairing_v2,time_pairs_nearest,150,150,1881,1881,1881.0,0.0,0.0,1.0,0.0,0.0745748073345734,0.0745748073345734,,,,,,,,,,"source=D:\Code\HD-QKD_Polar_Release\results\authoritative\_tmp_longrun_fresh_rerun\full_20dB\candidate_rerun\polar_diag_summary.csv; checked_files=_tmp_grid_table.csv,_tmp_src_table.csv,polar_e2e_results.csv,polar_layer_metrics.csv; source_missing_fields=dataset_id,loss_db,n_eff_pairs,frame_len_symbols,leak_EC_actual_bits,runtime_s; missing_after_companion_scan=leak_EC_actual_bits,runtime_s,n_frames_success,n_frames_failed_decode,n_frames_failed_verify,throughput_input_bits_per_s",read_existing_file,
polar_row_31,D:\Code\HD-QKD_Polar_Release\results\authoritative\_tmp_longrun_fresh_rerun\full_20dB\candidate_rerun\polar_diag_summary.csv,20.0,16,180,30149.0,16,64,polar_existing,read_existing,ok,pairing_v2,time_pairs_nearest,180,180,1884,1884,1884.0,0.0,0.0,1.0,0.0,0.0642144018043716,0.0642144018043716,,,,,,,,,,"source=D:\Code\HD-QKD_Polar_Release\results\authoritative\_tmp_longrun_fresh_rerun\full_20dB\candidate_rerun\polar_diag_summary.csv; checked_files=_tmp_grid_table.csv,_tmp_src_table.csv,polar_e2e_results.csv,polar_layer_metrics.csv; source_missing_fields=dataset_id,loss_db,n_eff_pairs,frame_len_symbols,leak_EC_actual_bits,runtime_s; missing_after_companion_scan=leak_EC_actual_bits,runtime_s,n_frames_success,n_frames_failed_decode,n_frames_failed_verify,throughput_input_bits_per_s",read_existing_file,
polar_row_32,D:\Code\HD-QKD_Polar_Release\results\authoritative\_tmp_longrun_fresh_rerun\full_20dB\candidate_rerun\polar_diag_summary.csv,20.0,16,200,30168.0,16,64,polar_existing,read_existing,ok,pairing_v2,time_pairs_nearest,200,200,1885,1885,1885.0,0.0,0.0,1.0,0.0,0.0590692124105011,0.0590692124105011,,,,,,,,,,"source=D:\Code\HD-QKD_Polar_Release\results\authoritative\_tmp_longrun_fresh_rerun\full_20dB\candidate_rerun\polar_diag_summary.csv; checked_files=_tmp_grid_table.csv,_tmp_src_table.csv,polar_e2e_results.csv,polar_layer_metrics.csv; source_missing_fields=dataset_id,loss_db,n_eff_pairs,frame_len_symbols,leak_EC_actual_bits,runtime_s; missing_after_companion_scan=leak_EC_actual_bits,runtime_s,n_frames_success,n_frames_failed_decode,n_frames_failed_verify,throughput_input_bits_per_s",read_existing_file,
polar_row_33,D:\Code\HD-QKD_Polar_Release\results\authoritative\_tmp_longrun_fresh_rerun\full_20dB\candidate_rerun\polar_diag_summary.csv,20.0,32,20,26165.0,32,160,polar_existing,read_existing,ok,pairing_v2,time_pairs_nearest,20,20,817,817,0.0,817.0,0.0,0.0,1.0,0.3956048155933498,0.3956048155933498,,,,,,,,,,"source=D:\Code\HD-QKD_Polar_Release\results\authoritative\_tmp_longrun_fresh_rerun\full_20dB\candidate_rerun\polar_diag_summary.csv; checked_files=_tmp_grid_table.csv,_tmp_src_table.csv,polar_e2e_results.csv,polar_layer_metrics.csv; source_missing_fields=dataset_id,loss_db,n_eff_pairs,frame_len_symbols,leak_EC_actual_bits,runtime_s; missing_after_companion_scan=leak_EC_actual_bits,runtime_s,n_frames_success,n_frames_failed_decode,n_frames_failed_verify,throughput_input_bits_per_s",read_existing_file,
polar_row_34,D:\Code\HD-QKD_Polar_Release\results\authoritative\_tmp_longrun_fresh_rerun\full_20dB\candidate_rerun\polar_diag_summary.csv,20.0,32,30,28641.0,32,160,polar_existing,read_existing,ok,pairing_v2,time_pairs_nearest,30,30,895,895,0.0,895.0,0.0,0.0,1.0,0.3138158583848329,0.3138158583848329,,,,,,,,,,"source=D:\Code\HD-QKD_Polar_Release\results\authoritative\_tmp_longrun_fresh_rerun\full_20dB\candidate_rerun\polar_diag_summary.csv; checked_files=_tmp_grid_table.csv,_tmp_src_table.csv,polar_e2e_results.csv,polar_layer_metrics.csv; source_missing_fields=dataset_id,loss_db,n_eff_pairs,frame_len_symbols,leak_EC_actual_bits,runtime_s; missing_after_companion_scan=leak_EC_actual_bits,runtime_s,n_frames_success,n_frames_failed_decode,n_frames_failed_verify,throughput_input_bits_per_s",read_existing_file,
polar_row_35,D:\Code\HD-QKD_Polar_Release\results\authoritative\_tmp_longrun_fresh_rerun\full_20dB\candidate_rerun\polar_diag_summary.csv,20.0,32,40,29328.0,32,160,polar_existing,read_existing,ok,pairing_v2,time_pairs_nearest,40,40,916,916,0.0,916.0,0.0,0.0,1.0,0.2499318057828696,0.2499318057828696,,,,,,,,,,"source=D:\Code\HD-QKD_Polar_Release\results\authoritative\_tmp_longrun_fresh_rerun\full_20dB\candidate_rerun\polar_diag_summary.csv; checked_files=_tmp_grid_table.csv,_tmp_src_table.csv,polar_e2e_results.csv,polar_layer_metrics.csv; source_missing_fields=dataset_id,loss_db,n_eff_pairs,frame_len_symbols,leak_EC_actual_bits,runtime_s; missing_after_companion_scan=leak_EC_actual_bits,runtime_s,n_frames_success,n_frames_failed_decode,n_frames_failed_verify,throughput_input_bits_per_s",read_existing_file,
polar_row_36,D:\Code\HD-QKD_Polar_Release\results\authoritative\_tmp_longrun_fresh_rerun\full_20dB\candidate_rerun\polar_diag_summary.csv,20.0,32,50,29613.0,32,160,polar_existing,read_existing,ok,pairing_v2,time_pairs_nearest,50,50,925,925,0.0,925.0,0.0,0.0,1.0,0.2045723162124742,0.2045723162124742,,,,,,,,,,"source=D:\Code\HD-QKD_Polar_Release\results\authoritative\_tmp_longrun_fresh_rerun\full_20dB\candidate_rerun\polar_diag_summary.csv; checked_files=_tmp_grid_table.csv,_tmp_src_table.csv,polar_e2e_results.csv,polar_layer_metrics.csv; source_missing_fields=dataset_id,loss_db,n_eff_pairs,frame_len_symbols,leak_EC_actual_bits,runtime_s; missing_after_companion_scan=leak_EC_actual_bits,runtime_s,n_frames_success,n_frames_failed_decode,n_frames_failed_verify,throughput_input_bits_per_s",read_existing_file,
polar_row_37,D:\Code\HD-QKD_Polar_Release\results\authoritative\_tmp_longrun_fresh_rerun\full_20dB\candidate_rerun\polar_diag_summary.csv,20.0,32,60,29779.0,32,160,polar_existing,read_existing,ok,pairing_v2,time_pairs_nearest,60,60,930,930,0.0,930.0,0.0,0.0,1.0,0.1755263776486786,0.1755263776486786,,,,,,,,,,"source=D:\Code\HD-QKD_Polar_Release\results\authoritative\_tmp_longrun_fresh_rerun\full_20dB\candidate_rerun\polar_diag_summary.csv; checked_files=_tmp_grid_table.csv,_tmp_src_table.csv,polar_e2e_results.csv,polar_layer_metrics.csv; source_missing_fields=dataset_id,loss_db,n_eff_pairs,frame_len_symbols,leak_EC_actual_bits,runtime_s; missing_after_companion_scan=leak_EC_actual_bits,runtime_s,n_frames_success,n_frames_failed_decode,n_frames_failed_verify,throughput_input_bits_per_s",read_existing_file,
polar_row_38,D:\Code\HD-QKD_Polar_Release\results\authoritative\_tmp_longrun_fresh_rerun\full_20dB\candidate_rerun\polar_diag_summary.csv,20.0,32,80,29935.0,32,160,polar_existing,read_existing,ok,pairing_v2,time_pairs_nearest,80,80,935,935,0.0,935.0,0.0,0.0,1.0,0.1363621179221646,0.1363621179221646,,,,,,,,,,"source=D:\Code\HD-QKD_Polar_Release\results\authoritative\_tmp_longrun_fresh_rerun\full_20dB\candidate_rerun\polar_diag_summary.csv; checked_files=_tmp_grid_table.csv,_tmp_src_table.csv,polar_e2e_results.csv,polar_layer_metrics.csv; source_missing_fields=dataset_id,loss_db,n_eff_pairs,frame_len_symbols,leak_EC_actual_bits,runtime_s; missing_after_companion_scan=leak_EC_actual_bits,runtime_s,n_frames_success,n_frames_failed_decode,n_frames_failed_verify,throughput_input_bits_per_s",read_existing_file,
polar_row_39,D:\Code\HD-QKD_Polar_Release\results\authoritative\_tmp_longrun_fresh_rerun\full_20dB\candidate_rerun\polar_diag_summary.csv,20.0,32,100,30012.0,32,160,polar_existing,read_existing,ok,pairing_v2,time_pairs_nearest,100,100,937,937,0.0,937.0,0.0,0.0,1.0,0.1101226176196188,0.1101226176196188,,,,,,,,,,"source=D:\Code\HD-QKD_Polar_Release\results\authoritative\_tmp_longrun_fresh_rerun\full_20dB\candidate_rerun\polar_diag_summary.csv; checked_files=_tmp_grid_table.csv,_tmp_src_table.csv,polar_e2e_results.csv,polar_layer_metrics.csv; source_missing_fields=dataset_id,loss_db,n_eff_pairs,frame_len_symbols,leak_EC_actual_bits,runtime_s; missing_after_companion_scan=leak_EC_actual_bits,runtime_s,n_frames_success,n_frames_failed_decode,n_frames_failed_verify,throughput_input_bits_per_s",read_existing_file,
polar_row_40,D:\Code\HD-QKD_Polar_Release\results\authoritative\_tmp_longrun_fresh_rerun\full_20dB\candidate_rerun\polar_diag_summary.csv,20.0,32,120,30056.0,32,160,polar_existing,read_existing,ok,pairing_v2,time_pairs_nearest,120,120,939,939,939.0,0.0,0.0,1.0,0.0,0.0933923343092893,0.0933923343092893,,,,,,,,,,"source=D:\Code\HD-QKD_Polar_Release\results\authoritative\_tmp_longrun_fresh_rerun\full_20dB\candidate_rerun\polar_diag_summary.csv; checked_files=_tmp_grid_table.csv,_tmp_src_table.csv,polar_e2e_results.csv,polar_layer_metrics.csv; source_missing_fields=dataset_id,loss_db,n_eff_pairs,frame_len_symbols,leak_EC_actual_bits,runtime_s; missing_after_companion_scan=leak_EC_actual_bits,runtime_s,n_frames_success,n_frames_failed_decode,n_frames_failed_verify,throughput_input_bits_per_s",read_existing_file,
polar_row_41,D:\Code\HD-QKD_Polar_Release\results\authoritative\_tmp_longrun_fresh_rerun\full_20dB\candidate_rerun\polar_diag_summary.csv,20.0,32,150,30104.0,32,160,polar_existing,read_existing,ok,pairing_v2,time_pairs_nearest,150,150,940,940,940.0,0.0,0.0,1.0,0.0,0.0745748073345734,0.0745748073345734,,,,,,,,,,"source=D:\Code\HD-QKD_Polar_Release\results\authoritative\_tmp_longrun_fresh_rerun\full_20dB\candidate_rerun\polar_diag_summary.csv; checked_files=_tmp_grid_table.csv,_tmp_src_table.csv,polar_e2e_results.csv,polar_layer_metrics.csv; source_missing_fields=dataset_id,loss_db,n_eff_pairs,frame_len_symbols,leak_EC_actual_bits,runtime_s; missing_after_companion_scan=leak_EC_actual_bits,runtime_s,n_frames_success,n_frames_failed_decode,n_frames_failed_verify,throughput_input_bits_per_s",read_existing_file,
polar_row_42,D:\Code\HD-QKD_Polar_Release\results\authoritative\_tmp_longrun_fresh_rerun\full_20dB\candidate_rerun\polar_diag_summary.csv,20.0,32,180,30149.0,32,160,polar_existing,read_existing,ok,pairing_v2,time_pairs_nearest,180,180,942,942,942.0,0.0,0.0,1.0,0.0,0.0642144018043716,0.0642144018043716,,,,,,,,,,"source=D:\Code\HD-QKD_Polar_Release\results\authoritative\_tmp_longrun_fresh_rerun\full_20dB\candidate_rerun\polar_diag_summary.csv; checked_files=_tmp_grid_table.csv,_tmp_src_table.csv,polar_e2e_results.csv,polar_layer_metrics.csv; source_missing_fields=dataset_id,loss_db,n_eff_pairs,frame_len_symbols,leak_EC_actual_bits,runtime_s; missing_after_companion_scan=leak_EC_actual_bits,runtime_s,n_frames_success,n_frames_failed_decode,n_frames_failed_verify,throughput_input_bits_per_s",read_existing_file,
polar_row_43,D:\Code\HD-QKD_Polar_Release\results\authoritative\_tmp_longrun_fresh_rerun\full_20dB\candidate_rerun\polar_diag_summary.csv,20.0,32,200,30168.0,32,160,polar_existing,read_existing,ok,pairing_v2,time_pairs_nearest,200,200,942,942,942.0,0.0,0.0,1.0,0.0,0.0590692124105011,0.0590692124105011,,,,,,,,,,"source=D:\Code\HD-QKD_Polar_Release\results\authoritative\_tmp_longrun_fresh_rerun\full_20dB\candidate_rerun\polar_diag_summary.csv; checked_files=_tmp_grid_table.csv,_tmp_src_table.csv,polar_e2e_results.csv,polar_layer_metrics.csv; source_missing_fields=dataset_id,loss_db,n_eff_pairs,frame_len_symbols,leak_EC_actual_bits,runtime_s; missing_after_companion_scan=leak_EC_actual_bits,runtime_s,n_frames_success,n_frames_failed_decode,n_frames_failed_verify,throughput_input_bits_per_s",read_existing_file,
polar_row_44,D:\Code\HD-QKD_Polar_Release\results\authoritative\_tmp_longrun_fresh_rerun\full_20dB\candidate_rerun\polar_diag_summary.csv,20.0,64,20,26165.0,64,384,polar_existing,read_existing,ok,pairing_v2,time_pairs_nearest,20,20,408,408,0.0,408.0,0.0,0.0,1.0,0.3956048155933498,0.3956048155933498,,,,,,,,,,"source=D:\Code\HD-QKD_Polar_Release\results\authoritative\_tmp_longrun_fresh_rerun\full_20dB\candidate_rerun\polar_diag_summary.csv; checked_files=_tmp_grid_table.csv,_tmp_src_table.csv,polar_e2e_results.csv,polar_layer_metrics.csv; source_missing_fields=dataset_id,loss_db,n_eff_pairs,frame_len_symbols,leak_EC_actual_bits,runtime_s; missing_after_companion_scan=leak_EC_actual_bits,runtime_s,n_frames_success,n_frames_failed_decode,n_frames_failed_verify,throughput_input_bits_per_s",read_existing_file,
polar_row_45,D:\Code\HD-QKD_Polar_Release\results\authoritative\_tmp_longrun_fresh_rerun\full_20dB\candidate_rerun\polar_diag_summary.csv,20.0,64,30,28641.0,64,384,polar_existing,read_existing,ok,pairing_v2,time_pairs_nearest,30,30,447,447,0.0,447.0,0.0,0.0,1.0,0.3138158583848329,0.3138158583848329,,,,,,,,,,"source=D:\Code\HD-QKD_Polar_Release\results\authoritative\_tmp_longrun_fresh_rerun\full_20dB\candidate_rerun\polar_diag_summary.csv; checked_files=_tmp_grid_table.csv,_tmp_src_table.csv,polar_e2e_results.csv,polar_layer_metrics.csv; source_missing_fields=dataset_id,loss_db,n_eff_pairs,frame_len_symbols,leak_EC_actual_bits,runtime_s; missing_after_companion_scan=leak_EC_actual_bits,runtime_s,n_frames_success,n_frames_failed_decode,n_frames_failed_verify,throughput_input_bits_per_s",read_existing_file,
polar_row_46,D:\Code\HD-QKD_Polar_Release\results\authoritative\_tmp_longrun_fresh_rerun\full_20dB\candidate_rerun\polar_diag_summary.csv,20.0,64,40,29328.0,64,384,polar_existing,read_existing,ok,pairing_v2,time_pairs_nearest,40,40,458,458,0.0,458.0,0.0,0.0,1.0,0.2499318057828696,0.2499318057828696,,,,,,,,,,"source=D:\Code\HD-QKD_Polar_Release\results\authoritative\_tmp_longrun_fresh_rerun\full_20dB\candidate_rerun\polar_diag_summary.csv; checked_files=_tmp_grid_table.csv,_tmp_src_table.csv,polar_e2e_results.csv,polar_layer_metrics.csv; source_missing_fields=dataset_id,loss_db,n_eff_pairs,frame_len_symbols,leak_EC_actual_bits,runtime_s; missing_after_companion_scan=leak_EC_actual_bits,runtime_s,n_frames_success,n_frames_failed_decode,n_frames_failed_verify,throughput_input_bits_per_s",read_existing_file,
polar_row_47,D:\Code\HD-QKD_Polar_Release\results\authoritative\_tmp_longrun_fresh_rerun\full_20dB\candidate_rerun\polar_diag_summary.csv,20.0,64,50,29613.0,64,384,polar_existing,read_existing,ok,pairing_v2,time_pairs_nearest,50,50,462,462,0.0,462.0,0.0,0.0,1.0,0.2045723162124742,0.2045723162124742,,,,,,,,,,"source=D:\Code\HD-QKD_Polar_Release\results\authoritative\_tmp_longrun_fresh_rerun\full_20dB\candidate_rerun\polar_diag_summary.csv; checked_files=_tmp_grid_table.csv,_tmp_src_table.csv,polar_e2e_results.csv,polar_layer_metrics.csv; source_missing_fields=dataset_id,loss_db,n_eff_pairs,frame_len_symbols,leak_EC_actual_bits,runtime_s; missing_after_companion_scan=leak_EC_actual_bits,runtime_s,n_frames_success,n_frames_failed_decode,n_frames_failed_verify,throughput_input_bits_per_s",read_existing_file,
polar_row_48,D:\Code\HD-QKD_Polar_Release\results\authoritative\_tmp_longrun_fresh_rerun\full_20dB\candidate_rerun\polar_diag_summary.csv,20.0,64,60,29779.0,64,384,polar_existing,read_existing,ok,pairing_v2,time_pairs_nearest,60,60,465,465,0.0,465.0,0.0,0.0,1.0,0.1755263776486786,0.1755263776486786,,,,,,,,,,"source=D:\Code\HD-QKD_Polar_Release\results\authoritative\_tmp_longrun_fresh_rerun\full_20dB\candidate_rerun\polar_diag_summary.csv; checked_files=_tmp_grid_table.csv,_tmp_src_table.csv,polar_e2e_results.csv,polar_layer_metrics.csv; source_missing_fields=dataset_id,loss_db,n_eff_pairs,frame_len_symbols,leak_EC_actual_bits,runtime_s; missing_after_companion_scan=leak_EC_actual_bits,runtime_s,n_frames_success,n_frames_failed_decode,n_frames_failed_verify,throughput_input_bits_per_s",read_existing_file,
polar_row_49,D:\Code\HD-QKD_Polar_Release\results\authoritative\_tmp_longrun_fresh_rerun\full_20dB\candidate_rerun\polar_diag_summary.csv,20.0,64,80,29935.0,64,384,polar_existing,read_existing,ok,pairing_v2,time_pairs_nearest,80,80,467,467,0.0,467.0,0.0,0.0,1.0,0.1363621179221646,0.1363621179221646,,,,,,,,,,"source=D:\Code\HD-QKD_Polar_Release\results\authoritative\_tmp_longrun_fresh_rerun\full_20dB\candidate_rerun\polar_diag_summary.csv; checked_files=_tmp_grid_table.csv,_tmp_src_table.csv,polar_e2e_results.csv,polar_layer_metrics.csv; source_missing_fields=dataset_id,loss_db,n_eff_pairs,frame_len_symbols,leak_EC_actual_bits,runtime_s; missing_after_companion_scan=leak_EC_actual_bits,runtime_s,n_frames_success,n_frames_failed_decode,n_frames_failed_verify,throughput_input_bits_per_s",read_existing_file,
polar_row_50,D:\Code\HD-QKD_Polar_Release\results\authoritative\_tmp_longrun_fresh_rerun\full_20dB\candidate_rerun\polar_diag_summary.csv,20.0,64,100,30012.0,64,384,polar_existing,read_existing,ok,pairing_v2,time_pairs_nearest,100,100,468,468,0.0,468.0,0.0,0.0,1.0,0.1101226176196188,0.1101226176196188,,,,,,,,,,"source=D:\Code\HD-QKD_Polar_Release\results\authoritative\_tmp_longrun_fresh_rerun\full_20dB\candidate_rerun\polar_diag_summary.csv; checked_files=_tmp_grid_table.csv,_tmp_src_table.csv,polar_e2e_results.csv,polar_layer_metrics.csv; source_missing_fields=dataset_id,loss_db,n_eff_pairs,frame_len_symbols,leak_EC_actual_bits,runtime_s; missing_after_companion_scan=leak_EC_actual_bits,runtime_s,n_frames_success,n_frames_failed_decode,n_frames_failed_verify,throughput_input_bits_per_s",read_existing_file,
polar_row_51,D:\Code\HD-QKD_Polar_Release\results\authoritative\_tmp_longrun_fresh_rerun\full_20dB\candidate_rerun\polar_diag_summary.csv,20.0,64,120,30056.0,64,384,polar_existing,read_existing,ok,pairing_v2,time_pairs_nearest,120,120,469,469,469.0,0.0,0.0,1.0,0.0,0.0933923343092893,0.0933923343092893,,,,,,,,,,"source=D:\Code\HD-QKD_Polar_Release\results\authoritative\_tmp_longrun_fresh_rerun\full_20dB\candidate_rerun\polar_diag_summary.csv; checked_files=_tmp_grid_table.csv,_tmp_src_table.csv,polar_e2e_results.csv,polar_layer_metrics.csv; source_missing_fields=dataset_id,loss_db,n_eff_pairs,frame_len_symbols,leak_EC_actual_bits,runtime_s; missing_after_companion_scan=leak_EC_actual_bits,runtime_s,n_frames_success,n_frames_failed_decode,n_frames_failed_verify,throughput_input_bits_per_s",read_existing_file,
polar_row_52,D:\Code\HD-QKD_Polar_Release\results\authoritative\_tmp_longrun_fresh_rerun\full_20dB\candidate_rerun\polar_diag_summary.csv,20.0,64,150,30104.0,64,384,polar_existing,read_existing,ok,pairing_v2,time_pairs_nearest,150,150,470,470,470.0,0.0,0.0,1.0,0.0,0.0745748073345734,0.0745748073345734,,,,,,,,,,"source=D:\Code\HD-QKD_Polar_Release\results\authoritative\_tmp_longrun_fresh_rerun\full_20dB\candidate_rerun\polar_diag_summary.csv; checked_files=_tmp_grid_table.csv,_tmp_src_table.csv,polar_e2e_results.csv,polar_layer_metrics.csv; source_missing_fields=dataset_id,loss_db,n_eff_pairs,frame_len_symbols,leak_EC_actual_bits,runtime_s; missing_after_companion_scan=leak_EC_actual_bits,runtime_s,n_frames_success,n_frames_failed_decode,n_frames_failed_verify,throughput_input_bits_per_s",read_existing_file,
polar_row_53,D:\Code\HD-QKD_Polar_Release\results\authoritative\_tmp_longrun_fresh_rerun\full_20dB\candidate_rerun\polar_diag_summary.csv,20.0,64,180,30149.0,64,384,polar_existing,read_existing,ok,pairing_v2,time_pairs_nearest,180,180,471,471,471.0,0.0,0.0,1.0,0.0,0.0642144018043716,0.0642144018043716,,,,,,,,,,"source=D:\Code\HD-QKD_Polar_Release\results\authoritative\_tmp_longrun_fresh_rerun\full_20dB\candidate_rerun\polar_diag_summary.csv; checked_files=_tmp_grid_table.csv,_tmp_src_table.csv,polar_e2e_results.csv,polar_layer_metrics.csv; source_missing_fields=dataset_id,loss_db,n_eff_pairs,frame_len_symbols,leak_EC_actual_bits,runtime_s; missing_after_companion_scan=leak_EC_actual_bits,runtime_s,n_frames_success,n_frames_failed_decode,n_frames_failed_verify,throughput_input_bits_per_s",read_existing_file,
polar_row_54,D:\Code\HD-QKD_Polar_Release\results\authoritative\_tmp_longrun_fresh_rerun\full_20dB\candidate_rerun\polar_diag_summary.csv,20.0,64,200,30168.0,64,384,polar_existing,read_existing,ok,pairing_v2,time_pairs_nearest,200,200,471,471,471.0,0.0,0.0,1.0,0.0,0.0590692124105011,0.0590692124105011,,,,,,,,,,"source=D:\Code\HD-QKD_Polar_Release\results\authoritative\_tmp_longrun_fresh_rerun\full_20dB\candidate_rerun\polar_diag_summary.csv; checked_files=_tmp_grid_table.csv,_tmp_src_table.csv,polar_e2e_results.csv,polar_layer_metrics.csv; source_missing_fields=dataset_id,loss_db,n_eff_pairs,frame_len_symbols,leak_EC_actual_bits,runtime_s; missing_after_companion_scan=leak_EC_actual_bits,runtime_s,n_frames_success,n_frames_failed_decode,n_frames_failed_verify,throughput_input_bits_per_s",read_existing_file,
polar_row_55,D:\Code\HD-QKD_Polar_Release\results\authoritative\_tmp_longrun_fresh_rerun\full_20dB\candidate_rerun\polar_diag_summary.csv,20.0,128,20,26165.0,128,896,polar_existing,read_existing,ok,pairing_v2,time_pairs_nearest,20,20,204,204,0.0,204.0,0.0,0.0,1.0,0.3956048155933498,0.3956048155933498,,,,,,,,,,"source=D:\Code\HD-QKD_Polar_Release\results\authoritative\_tmp_longrun_fresh_rerun\full_20dB\candidate_rerun\polar_diag_summary.csv; checked_files=_tmp_grid_table.csv,_tmp_src_table.csv,polar_e2e_results.csv,polar_layer_metrics.csv; source_missing_fields=dataset_id,loss_db,n_eff_pairs,frame_len_symbols,leak_EC_actual_bits,runtime_s; missing_after_companion_scan=leak_EC_actual_bits,runtime_s,n_frames_success,n_frames_failed_decode,n_frames_failed_verify,throughput_input_bits_per_s",read_existing_file,
polar_row_56,D:\Code\HD-QKD_Polar_Release\results\authoritative\_tmp_longrun_fresh_rerun\full_20dB\candidate_rerun\polar_diag_summary.csv,20.0,128,30,28641.0,128,896,polar_existing,read_existing,ok,pairing_v2,time_pairs_nearest,30,30,223,223,0.0,223.0,0.0,0.0,1.0,0.3138158583848329,0.3138158583848329,,,,,,,,,,"source=D:\Code\HD-QKD_Polar_Release\results\authoritative\_tmp_longrun_fresh_rerun\full_20dB\candidate_rerun\polar_diag_summary.csv; checked_files=_tmp_grid_table.csv,_tmp_src_table.csv,polar_e2e_results.csv,polar_layer_metrics.csv; source_missing_fields=dataset_id,loss_db,n_eff_pairs,frame_len_symbols,leak_EC_actual_bits,runtime_s; missing_after_companion_scan=leak_EC_actual_bits,runtime_s,n_frames_success,n_frames_failed_decode,n_frames_failed_verify,throughput_input_bits_per_s",read_existing_file,
polar_row_57,D:\Code\HD-QKD_Polar_Release\results\authoritative\_tmp_longrun_fresh_rerun\full_20dB\candidate_rerun\polar_diag_summary.csv,20.0,128,40,29328.0,128,896,polar_existing,read_existing,ok,pairing_v2,time_pairs_nearest,40,40,229,229,0.0,229.0,0.0,0.0,1.0,0.2499318057828696,0.2499318057828696,,,,,,,,,,"source=D:\Code\HD-QKD_Polar_Release\results\authoritative\_tmp_longrun_fresh_rerun\full_20dB\candidate_rerun\polar_diag_summary.csv; checked_files=_tmp_grid_table.csv,_tmp_src_table.csv,polar_e2e_results.csv,polar_layer_metrics.csv; source_missing_fields=dataset_id,loss_db,n_eff_pairs,frame_len_symbols,leak_EC_actual_bits,runtime_s; missing_after_companion_scan=leak_EC_actual_bits,runtime_s,n_frames_success,n_frames_failed_decode,n_frames_failed_verify,throughput_input_bits_per_s",read_existing_file,
polar_row_58,D:\Code\HD-QKD_Polar_Release\results\authoritative\_tmp_longrun_fresh_rerun\full_20dB\candidate_rerun\polar_diag_summary.csv,20.0,128,50,29613.0,128,896,polar_existing,read_existing,ok,pairing_v2,time_pairs_nearest,50,50,231,231,0.0,231.0,0.0,0.0,1.0,0.2045723162124742,0.2045723162124742,,,,,,,,,,"source=D:\Code\HD-QKD_Polar_Release\results\authoritative\_tmp_longrun_fresh_rerun\full_20dB\candidate_rerun\polar_diag_summary.csv; checked_files=_tmp_grid_table.csv,_tmp_src_table.csv,polar_e2e_results.csv,polar_layer_metrics.csv; source_missing_fields=dataset_id,loss_db,n_eff_pairs,frame_len_symbols,leak_EC_actual_bits,runtime_s; missing_after_companion_scan=leak_EC_actual_bits,runtime_s,n_frames_success,n_frames_failed_decode,n_frames_failed_verify,throughput_input_bits_per_s",read_existing_file,
polar_row_59,D:\Code\HD-QKD_Polar_Release\results\authoritative\_tmp_longrun_fresh_rerun\full_20dB\candidate_rerun\polar_diag_summary.csv,20.0,128,60,29779.0,128,896,polar_existing,read_existing,ok,pairing_v2,time_pairs_nearest,60,60,232,232,0.0,232.0,0.0,0.0,1.0,0.1755263776486786,0.1755263776486786,,,,,,,,,,"source=D:\Code\HD-QKD_Polar_Release\results\authoritative\_tmp_longrun_fresh_rerun\full_20dB\candidate_rerun\polar_diag_summary.csv; checked_files=_tmp_grid_table.csv,_tmp_src_table.csv,polar_e2e_results.csv,polar_layer_metrics.csv; source_missing_fields=dataset_id,loss_db,n_eff_pairs,frame_len_symbols,leak_EC_actual_bits,runtime_s; missing_after_companion_scan=leak_EC_actual_bits,runtime_s,n_frames_success,n_frames_failed_decode,n_frames_failed_verify,throughput_input_bits_per_s",read_existing_file,
polar_row_60,D:\Code\HD-QKD_Polar_Release\results\authoritative\_tmp_longrun_fresh_rerun\full_20dB\candidate_rerun\polar_diag_summary.csv,20.0,128,80,29935.0,128,896,polar_existing,read_existing,ok,pairing_v2,time_pairs_nearest,80,80,233,233,0.0,233.0,0.0,0.0,1.0,0.1363621179221646,0.1363621179221646,,,,,,,,,,"source=D:\Code\HD-QKD_Polar_Release\results\authoritative\_tmp_longrun_fresh_rerun\full_20dB\candidate_rerun\polar_diag_summary.csv; checked_files=_tmp_grid_table.csv,_tmp_src_table.csv,polar_e2e_results.csv,polar_layer_metrics.csv; source_missing_fields=dataset_id,loss_db,n_eff_pairs,frame_len_symbols,leak_EC_actual_bits,runtime_s; missing_after_companion_scan=leak_EC_actual_bits,runtime_s,n_frames_success,n_frames_failed_decode,n_frames_failed_verify,throughput_input_bits_per_s",read_existing_file,
polar_row_61,D:\Code\HD-QKD_Polar_Release\results\authoritative\_tmp_longrun_fresh_rerun\full_20dB\candidate_rerun\polar_diag_summary.csv,20.0,128,100,30012.0,128,896,polar_existing,read_existing,ok,pairing_v2,time_pairs_nearest,100,100,234,234,0.0,234.0,0.0,0.0,1.0,0.1101226176196188,0.1101226176196188,,,,,,,,,,"source=D:\Code\HD-QKD_Polar_Release\results\authoritative\_tmp_longrun_fresh_rerun\full_20dB\candidate_rerun\polar_diag_summary.csv; checked_files=_tmp_grid_table.csv,_tmp_src_table.csv,polar_e2e_results.csv,polar_layer_metrics.csv; source_missing_fields=dataset_id,loss_db,n_eff_pairs,frame_len_symbols,leak_EC_actual_bits,runtime_s; missing_after_companion_scan=leak_EC_actual_bits,runtime_s,n_frames_success,n_frames_failed_decode,n_frames_failed_verify,throughput_input_bits_per_s",read_existing_file,
polar_row_62,D:\Code\HD-QKD_Polar_Release\results\authoritative\_tmp_longrun_fresh_rerun\full_20dB\candidate_rerun\polar_diag_summary.csv,20.0,128,120,30056.0,128,896,polar_existing,read_existing,ok,pairing_v2,time_pairs_nearest,120,120,234,234,234.0,0.0,0.0,1.0,0.0,0.0933923343092893,0.0933923343092893,,,,,,,,,,"source=D:\Code\HD-QKD_Polar_Release\results\authoritative\_tmp_longrun_fresh_rerun\full_20dB\candidate_rerun\polar_diag_summary.csv; checked_files=_tmp_grid_table.csv,_tmp_src_table.csv,polar_e2e_results.csv,polar_layer_metrics.csv; source_missing_fields=dataset_id,loss_db,n_eff_pairs,frame_len_symbols,leak_EC_actual_bits,runtime_s; missing_after_companion_scan=leak_EC_actual_bits,runtime_s,n_frames_success,n_frames_failed_decode,n_frames_failed_verify,throughput_input_bits_per_s",read_existing_file,
polar_row_63,D:\Code\HD-QKD_Polar_Release\results\authoritative\_tmp_longrun_fresh_rerun\full_20dB\candidate_rerun\polar_diag_summary.csv,20.0,128,150,30104.0,128,896,polar_existing,read_existing,ok,pairing_v2,time_pairs_nearest,150,150,235,235,235.0,0.0,0.0,1.0,0.0,0.0745748073345734,0.0745748073345734,,,,,,,,,,"source=D:\Code\HD-QKD_Polar_Release\results\authoritative\_tmp_longrun_fresh_rerun\full_20dB\candidate_rerun\polar_diag_summary.csv; checked_files=_tmp_grid_table.csv,_tmp_src_table.csv,polar_e2e_results.csv,polar_layer_metrics.csv; source_missing_fields=dataset_id,loss_db,n_eff_pairs,frame_len_symbols,leak_EC_actual_bits,runtime_s; missing_after_companion_scan=leak_EC_actual_bits,runtime_s,n_frames_success,n_frames_failed_decode,n_frames_failed_verify,throughput_input_bits_per_s",read_existing_file,
polar_row_64,D:\Code\HD-QKD_Polar_Release\results\authoritative\_tmp_longrun_fresh_rerun\full_20dB\candidate_rerun\polar_diag_summary.csv,20.0,128,180,30149.0,128,896,polar_existing,read_existing,ok,pairing_v2,time_pairs_nearest,180,180,235,235,235.0,0.0,0.0,1.0,0.0,0.0642144018043716,0.0642144018043716,,,,,,,,,,"source=D:\Code\HD-QKD_Polar_Release\results\authoritative\_tmp_longrun_fresh_rerun\full_20dB\candidate_rerun\polar_diag_summary.csv; checked_files=_tmp_grid_table.csv,_tmp_src_table.csv,polar_e2e_results.csv,polar_layer_metrics.csv; source_missing_fields=dataset_id,loss_db,n_eff_pairs,frame_len_symbols,leak_EC_actual_bits,runtime_s; missing_after_companion_scan=leak_EC_actual_bits,runtime_s,n_frames_success,n_frames_failed_decode,n_frames_failed_verify,throughput_input_bits_per_s",read_existing_file,
polar_row_65,D:\Code\HD-QKD_Polar_Release\results\authoritative\_tmp_longrun_fresh_rerun\full_20dB\candidate_rerun\polar_diag_summary.csv,20.0,128,200,30168.0,128,896,polar_existing,read_existing,ok,pairing_v2,time_pairs_nearest,200,200,235,235,235.0,0.0,0.0,1.0,0.0,0.0590692124105011,0.0590692124105011,,,,,,,,,,"source=D:\Code\HD-QKD_Polar_Release\results\authoritative\_tmp_longrun_fresh_rerun\full_20dB\candidate_rerun\polar_diag_summary.csv; checked_files=_tmp_grid_table.csv,_tmp_src_table.csv,polar_e2e_results.csv,polar_layer_metrics.csv; source_missing_fields=dataset_id,loss_db,n_eff_pairs,frame_len_symbols,leak_EC_actual_bits,runtime_s; missing_after_companion_scan=leak_EC_actual_bits,runtime_s,n_frames_success,n_frames_failed_decode,n_frames_failed_verify,throughput_input_bits_per_s",read_existing_file,
polar_row_66,D:\Code\HD-QKD_Polar_Release\results\authoritative\_tmp_longrun_fresh_rerun\full_20dB\candidate_rerun\polar_diag_summary.csv,20.0,256,20,26165.0,256,2048,polar_existing,read_existing,ok,pairing_v2,time_pairs_nearest,20,20,102,102,0.0,102.0,0.0,0.0,1.0,0.3956048155933498,0.3956048155933498,,,,,,,,,,"source=D:\Code\HD-QKD_Polar_Release\results\authoritative\_tmp_longrun_fresh_rerun\full_20dB\candidate_rerun\polar_diag_summary.csv; checked_files=_tmp_grid_table.csv,_tmp_src_table.csv,polar_e2e_results.csv,polar_layer_metrics.csv; source_missing_fields=dataset_id,loss_db,n_eff_pairs,frame_len_symbols,leak_EC_actual_bits,runtime_s; missing_after_companion_scan=leak_EC_actual_bits,runtime_s,n_frames_success,n_frames_failed_decode,n_frames_failed_verify,throughput_input_bits_per_s",read_existing_file,
polar_row_67,D:\Code\HD-QKD_Polar_Release\results\authoritative\_tmp_longrun_fresh_rerun\full_20dB\candidate_rerun\polar_diag_summary.csv,20.0,256,30,28641.0,256,2048,polar_existing,read_existing,ok,pairing_v2,time_pairs_nearest,30,30,111,111,0.0,111.0,0.0,0.0,1.0,0.3138158583848329,0.3138158583848329,,,,,,,,,,"source=D:\Code\HD-QKD_Polar_Release\results\authoritative\_tmp_longrun_fresh_rerun\full_20dB\candidate_rerun\polar_diag_summary.csv; checked_files=_tmp_grid_table.csv,_tmp_src_table.csv,polar_e2e_results.csv,polar_layer_metrics.csv; source_missing_fields=dataset_id,loss_db,n_eff_pairs,frame_len_symbols,leak_EC_actual_bits,runtime_s; missing_after_companion_scan=leak_EC_actual_bits,runtime_s,n_frames_success,n_frames_failed_decode,n_frames_failed_verify,throughput_input_bits_per_s",read_existing_file,
polar_row_68,D:\Code\HD-QKD_Polar_Release\results\authoritative\_tmp_longrun_fresh_rerun\full_20dB\candidate_rerun\polar_diag_summary.csv,20.0,256,40,29328.0,256,2048,polar_existing,read_existing,ok,pairing_v2,time_pairs_nearest,40,40,114,114,0.0,114.0,0.0,0.0,1.0,0.2499318057828696,0.2499318057828696,,,,,,,,,,"source=D:\Code\HD-QKD_Polar_Release\results\authoritative\_tmp_longrun_fresh_rerun\full_20dB\candidate_rerun\polar_diag_summary.csv; checked_files=_tmp_grid_table.csv,_tmp_src_table.csv,polar_e2e_results.csv,polar_layer_metrics.csv; source_missing_fields=dataset_id,loss_db,n_eff_pairs,frame_len_symbols,leak_EC_actual_bits,runtime_s; missing_after_companion_scan=leak_EC_actual_bits,runtime_s,n_frames_success,n_frames_failed_decode,n_frames_failed_verify,throughput_input_bits_per_s",read_existing_file,
polar_row_69,D:\Code\HD-QKD_Polar_Release\results\authoritative\_tmp_longrun_fresh_rerun\full_20dB\candidate_rerun\polar_diag_summary.csv,20.0,256,50,29613.0,256,2048,polar_existing,read_existing,ok,pairing_v2,time_pairs_nearest,50,50,115,115,0.0,115.0,0.0,0.0,1.0,0.2045723162124742,0.2045723162124742,,,,,,,,,,"source=D:\Code\HD-QKD_Polar_Release\results\authoritative\_tmp_longrun_fresh_rerun\full_20dB\candidate_rerun\polar_diag_summary.csv; checked_files=_tmp_grid_table.csv,_tmp_src_table.csv,polar_e2e_results.csv,polar_layer_metrics.csv; source_missing_fields=dataset_id,loss_db,n_eff_pairs,frame_len_symbols,leak_EC_actual_bits,runtime_s; missing_after_companion_scan=leak_EC_actual_bits,runtime_s,n_frames_success,n_frames_failed_decode,n_frames_failed_verify,throughput_input_bits_per_s",read_existing_file,
polar_row_70,D:\Code\HD-QKD_Polar_Release\results\authoritative\_tmp_longrun_fresh_rerun\full_20dB\candidate_rerun\polar_diag_summary.csv,20.0,256,60,29779.0,256,2048,polar_existing,read_existing,ok,pairing_v2,time_pairs_nearest,60,60,116,116,0.0,116.0,0.0,0.0,1.0,0.1755263776486786,0.1755263776486786,,,,,,,,,,"source=D:\Code\HD-QKD_Polar_Release\results\authoritative\_tmp_longrun_fresh_rerun\full_20dB\candidate_rerun\polar_diag_summary.csv; checked_files=_tmp_grid_table.csv,_tmp_src_table.csv,polar_e2e_results.csv,polar_layer_metrics.csv; source_missing_fields=dataset_id,loss_db,n_eff_pairs,frame_len_symbols,leak_EC_actual_bits,runtime_s; missing_after_companion_scan=leak_EC_actual_bits,runtime_s,n_frames_success,n_frames_failed_decode,n_frames_failed_verify,throughput_input_bits_per_s",read_existing_file,
polar_row_71,D:\Code\HD-QKD_Polar_Release\results\authoritative\_tmp_longrun_fresh_rerun\full_20dB\candidate_rerun\polar_diag_summary.csv,20.0,256,80,29935.0,256,2048,polar_existing,read_existing,ok,pairing_v2,time_pairs_nearest,80,80,116,116,0.0,116.0,0.0,0.0,1.0,0.1363621179221646,0.1363621179221646,,,,,,,,,,"source=D:\Code\HD-QKD_Polar_Release\results\authoritative\_tmp_longrun_fresh_rerun\full_20dB\candidate_rerun\polar_diag_summary.csv; checked_files=_tmp_grid_table.csv,_tmp_src_table.csv,polar_e2e_results.csv,polar_layer_metrics.csv; source_missing_fields=dataset_id,loss_db,n_eff_pairs,frame_len_symbols,leak_EC_actual_bits,runtime_s; missing_after_companion_scan=leak_EC_actual_bits,runtime_s,n_frames_success,n_frames_failed_decode,n_frames_failed_verify,throughput_input_bits_per_s",read_existing_file,
polar_row_72,D:\Code\HD-QKD_Polar_Release\results\authoritative\_tmp_longrun_fresh_rerun\full_20dB\candidate_rerun\polar_diag_summary.csv,20.0,256,100,30012.0,256,2048,polar_existing,read_existing,ok,pairing_v2,time_pairs_nearest,100,100,117,117,0.0,117.0,0.0,0.0,1.0,0.1101226176196188,0.1101226176196188,,,,,,,,,,"source=D:\Code\HD-QKD_Polar_Release\results\authoritative\_tmp_longrun_fresh_rerun\full_20dB\candidate_rerun\polar_diag_summary.csv; checked_files=_tmp_grid_table.csv,_tmp_src_table.csv,polar_e2e_results.csv,polar_layer_metrics.csv; source_missing_fields=dataset_id,loss_db,n_eff_pairs,frame_len_symbols,leak_EC_actual_bits,runtime_s; missing_after_companion_scan=leak_EC_actual_bits,runtime_s,n_frames_success,n_frames_failed_decode,n_frames_failed_verify,throughput_input_bits_per_s",read_existing_file,
polar_row_73,D:\Code\HD-QKD_Polar_Release\results\authoritative\_tmp_longrun_fresh_rerun\full_20dB\candidate_rerun\polar_diag_summary.csv,20.0,256,120,30056.0,256,2048,polar_existing,read_existing,ok,pairing_v2,time_pairs_nearest,120,120,117,117,117.0,0.0,0.0,1.0,0.0,0.0933923343092893,0.0933923343092893,,,,,,,,,,"source=D:\Code\HD-QKD_Polar_Release\results\authoritative\_tmp_longrun_fresh_rerun\full_20dB\candidate_rerun\polar_diag_summary.csv; checked_files=_tmp_grid_table.csv,_tmp_src_table.csv,polar_e2e_results.csv,polar_layer_metrics.csv; source_missing_fields=dataset_id,loss_db,n_eff_pairs,frame_len_symbols,leak_EC_actual_bits,runtime_s; missing_after_companion_scan=leak_EC_actual_bits,runtime_s,n_frames_success,n_frames_failed_decode,n_frames_failed_verify,throughput_input_bits_per_s",read_existing_file,
polar_row_74,D:\Code\HD-QKD_Polar_Release\results\authoritative\_tmp_longrun_fresh_rerun\full_20dB\candidate_rerun\polar_diag_summary.csv,20.0,256,150,30104.0,256,2048,polar_existing,read_existing,ok,pairing_v2,time_pairs_nearest,150,150,117,117,117.0,0.0,0.0,1.0,0.0,0.0745748073345734,0.0745748073345734,,,,,,,,,,"source=D:\Code\HD-QKD_Polar_Release\results\authoritative\_tmp_longrun_fresh_rerun\full_20dB\candidate_rerun\polar_diag_summary.csv; checked_files=_tmp_grid_table.csv,_tmp_src_table.csv,polar_e2e_results.csv,polar_layer_metrics.csv; source_missing_fields=dataset_id,loss_db,n_eff_pairs,frame_len_symbols,leak_EC_actual_bits,runtime_s; missing_after_companion_scan=leak_EC_actual_bits,runtime_s,n_frames_success,n_frames_failed_decode,n_frames_failed_verify,throughput_input_bits_per_s",read_existing_file,
polar_row_75,D:\Code\HD-QKD_Polar_Release\results\authoritative\_tmp_longrun_fresh_rerun\full_20dB\candidate_rerun\polar_diag_summary.csv,20.0,256,180,30149.0,256,2048,polar_existing,read_existing,ok,pairing_v2,time_pairs_nearest,180,180,117,117,117.0,0.0,0.0,1.0,0.0,0.0642144018043716,0.0642144018043716,,,,,,,,,,"source=D:\Code\HD-QKD_Polar_Release\results\authoritative\_tmp_longrun_fresh_rerun\full_20dB\candidate_rerun\polar_diag_summary.csv; checked_files=_tmp_grid_table.csv,_tmp_src_table.csv,polar_e2e_results.csv,polar_layer_metrics.csv; source_missing_fields=dataset_id,loss_db,n_eff_pairs,frame_len_symbols,leak_EC_actual_bits,runtime_s; missing_after_companion_scan=leak_EC_actual_bits,runtime_s,n_frames_success,n_frames_failed_decode,n_frames_failed_verify,throughput_input_bits_per_s",read_existing_file,
polar_row_76,D:\Code\HD-QKD_Polar_Release\results\authoritative\_tmp_longrun_fresh_rerun\full_20dB\candidate_rerun\polar_diag_summary.csv,20.0,256,200,30168.0,256,2048,polar_existing,read_existing,ok,pairing_v2,time_pairs_nearest,200,200,117,117,117.0,0.0,0.0,1.0,0.0,0.0590692124105011,0.0590692124105011,,,,,,,,,,"source=D:\Code\HD-QKD_Polar_Release\results\authoritative\_tmp_longrun_fresh_rerun\full_20dB\candidate_rerun\polar_diag_summary.csv; checked_files=_tmp_grid_table.csv,_tmp_src_table.csv,polar_e2e_results.csv,polar_layer_metrics.csv; source_missing_fields=dataset_id,loss_db,n_eff_pairs,frame_len_symbols,leak_EC_actual_bits,runtime_s; missing_after_companion_scan=leak_EC_actual_bits,runtime_s,n_frames_success,n_frames_failed_decode,n_frames_failed_verify,throughput_input_bits_per_s",read_existing_file,
polar_row_77,D:\Code\HD-QKD_Polar_Release\results\authoritative\_tmp_longrun_fresh_rerun\full_20dB\candidate_rerun\polar_diag_summary.csv,20.0,512,20,26165.0,512,4608,polar_existing,read_existing,ok,pairing_v2,time_pairs_nearest,20,20,51,51,0.0,51.0,0.0,0.0,1.0,0.3956048155933498,0.3956048155933498,,,,,,,,,,"source=D:\Code\HD-QKD_Polar_Release\results\authoritative\_tmp_longrun_fresh_rerun\full_20dB\candidate_rerun\polar_diag_summary.csv; checked_files=_tmp_grid_table.csv,_tmp_src_table.csv,polar_e2e_results.csv,polar_layer_metrics.csv; source_missing_fields=dataset_id,loss_db,n_eff_pairs,frame_len_symbols,leak_EC_actual_bits,runtime_s; missing_after_companion_scan=leak_EC_actual_bits,runtime_s,n_frames_success,n_frames_failed_decode,n_frames_failed_verify,throughput_input_bits_per_s",read_existing_file,
polar_row_78,D:\Code\HD-QKD_Polar_Release\results\authoritative\_tmp_longrun_fresh_rerun\full_20dB\candidate_rerun\polar_diag_summary.csv,20.0,512,30,28641.0,512,4608,polar_existing,read_existing,ok,pairing_v2,time_pairs_nearest,30,30,55,55,0.0,55.0,0.0,0.0,1.0,0.3138158583848329,0.3138158583848329,,,,,,,,,,"source=D:\Code\HD-QKD_Polar_Release\results\authoritative\_tmp_longrun_fresh_rerun\full_20dB\candidate_rerun\polar_diag_summary.csv; checked_files=_tmp_grid_table.csv,_tmp_src_table.csv,polar_e2e_results.csv,polar_layer_metrics.csv; source_missing_fields=dataset_id,loss_db,n_eff_pairs,frame_len_symbols,leak_EC_actual_bits,runtime_s; missing_after_companion_scan=leak_EC_actual_bits,runtime_s,n_frames_success,n_frames_failed_decode,n_frames_failed_verify,throughput_input_bits_per_s",read_existing_file,
polar_row_79,D:\Code\HD-QKD_Polar_Release\results\authoritative\_tmp_longrun_fresh_rerun\full_20dB\candidate_rerun\polar_diag_summary.csv,20.0,512,40,29328.0,512,4608,polar_existing,read_existing,ok,pairing_v2,time_pairs_nearest,40,40,57,57,0.0,57.0,0.0,0.0,1.0,0.2499318057828696,0.2499318057828696,,,,,,,,,,"source=D:\Code\HD-QKD_Polar_Release\results\authoritative\_tmp_longrun_fresh_rerun\full_20dB\candidate_rerun\polar_diag_summary.csv; checked_files=_tmp_grid_table.csv,_tmp_src_table.csv,polar_e2e_results.csv,polar_layer_metrics.csv; source_missing_fields=dataset_id,loss_db,n_eff_pairs,frame_len_symbols,leak_EC_actual_bits,runtime_s; missing_after_companion_scan=leak_EC_actual_bits,runtime_s,n_frames_success,n_frames_failed_decode,n_frames_failed_verify,throughput_input_bits_per_s",read_existing_file,
polar_row_80,D:\Code\HD-QKD_Polar_Release\results\authoritative\_tmp_longrun_fresh_rerun\full_20dB\candidate_rerun\polar_diag_summary.csv,20.0,512,50,29613.0,512,4608,polar_existing,read_existing,ok,pairing_v2,time_pairs_nearest,50,50,57,57,0.0,57.0,0.0,0.0,1.0,0.2045723162124742,0.2045723162124742,,,,,,,,,,"source=D:\Code\HD-QKD_Polar_Release\results\authoritative\_tmp_longrun_fresh_rerun\full_20dB\candidate_rerun\polar_diag_summary.csv; checked_files=_tmp_grid_table.csv,_tmp_src_table.csv,polar_e2e_results.csv,polar_layer_metrics.csv; source_missing_fields=dataset_id,loss_db,n_eff_pairs,frame_len_symbols,leak_EC_actual_bits,runtime_s; missing_after_companion_scan=leak_EC_actual_bits,runtime_s,n_frames_success,n_frames_failed_decode,n_frames_failed_verify,throughput_input_bits_per_s",read_existing_file,
polar_row_81,D:\Code\HD-QKD_Polar_Release\results\authoritative\_tmp_longrun_fresh_rerun\full_20dB\candidate_rerun\polar_diag_summary.csv,20.0,512,60,29779.0,512,4608,polar_existing,read_existing,ok,pairing_v2,time_pairs_nearest,60,60,58,58,0.0,58.0,0.0,0.0,1.0,0.1755263776486786,0.1755263776486786,,,,,,,,,,"source=D:\Code\HD-QKD_Polar_Release\results\authoritative\_tmp_longrun_fresh_rerun\full_20dB\candidate_rerun\polar_diag_summary.csv; checked_files=_tmp_grid_table.csv,_tmp_src_table.csv,polar_e2e_results.csv,polar_layer_metrics.csv; source_missing_fields=dataset_id,loss_db,n_eff_pairs,frame_len_symbols,leak_EC_actual_bits,runtime_s; missing_after_companion_scan=leak_EC_actual_bits,runtime_s,n_frames_success,n_frames_failed_decode,n_frames_failed_verify,throughput_input_bits_per_s",read_existing_file,
polar_row_82,D:\Code\HD-QKD_Polar_Release\results\authoritative\_tmp_longrun_fresh_rerun\full_20dB\candidate_rerun\polar_diag_summary.csv,20.0,512,80,29935.0,512,4608,polar_existing,read_existing,ok,pairing_v2,time_pairs_nearest,80,80,58,58,0.0,58.0,0.0,0.0,1.0,0.1363621179221646,0.1363621179221646,,,,,,,,,,"source=D:\Code\HD-QKD_Polar_Release\results\authoritative\_tmp_longrun_fresh_rerun\full_20dB\candidate_rerun\polar_diag_summary.csv; checked_files=_tmp_grid_table.csv,_tmp_src_table.csv,polar_e2e_results.csv,polar_layer_metrics.csv; source_missing_fields=dataset_id,loss_db,n_eff_pairs,frame_len_symbols,leak_EC_actual_bits,runtime_s; missing_after_companion_scan=leak_EC_actual_bits,runtime_s,n_frames_success,n_frames_failed_decode,n_frames_failed_verify,throughput_input_bits_per_s",read_existing_file,
polar_row_83,D:\Code\HD-QKD_Polar_Release\results\authoritative\_tmp_longrun_fresh_rerun\full_20dB\candidate_rerun\polar_diag_summary.csv,20.0,512,100,30012.0,512,4608,polar_existing,read_existing,ok,pairing_v2,time_pairs_nearest,100,100,58,58,0.0,58.0,0.0,0.0,1.0,0.1101226176196188,0.1101226176196188,,,,,,,,,,"source=D:\Code\HD-QKD_Polar_Release\results\authoritative\_tmp_longrun_fresh_rerun\full_20dB\candidate_rerun\polar_diag_summary.csv; checked_files=_tmp_grid_table.csv,_tmp_src_table.csv,polar_e2e_results.csv,polar_layer_metrics.csv; source_missing_fields=dataset_id,loss_db,n_eff_pairs,frame_len_symbols,leak_EC_actual_bits,runtime_s; missing_after_companion_scan=leak_EC_actual_bits,runtime_s,n_frames_success,n_frames_failed_decode,n_frames_failed_verify,throughput_input_bits_per_s",read_existing_file,
polar_row_84,D:\Code\HD-QKD_Polar_Release\results\authoritative\_tmp_longrun_fresh_rerun\full_20dB\candidate_rerun\polar_diag_summary.csv,20.0,512,120,30056.0,512,4608,polar_existing,read_existing,ok,pairing_v2,time_pairs_nearest,120,120,58,58,58.0,0.0,0.0,1.0,0.0,0.0933923343092893,0.0933923343092893,,,,,,,,,,"source=D:\Code\HD-QKD_Polar_Release\results\authoritative\_tmp_longrun_fresh_rerun\full_20dB\candidate_rerun\polar_diag_summary.csv; checked_files=_tmp_grid_table.csv,_tmp_src_table.csv,polar_e2e_results.csv,polar_layer_metrics.csv; source_missing_fields=dataset_id,loss_db,n_eff_pairs,frame_len_symbols,leak_EC_actual_bits,runtime_s; missing_after_companion_scan=leak_EC_actual_bits,runtime_s,n_frames_success,n_frames_failed_decode,n_frames_failed_verify,throughput_input_bits_per_s",read_existing_file,
polar_row_85,D:\Code\HD-QKD_Polar_Release\results\authoritative\_tmp_longrun_fresh_rerun\full_20dB\candidate_rerun\polar_diag_summary.csv,20.0,512,150,30104.0,512,4608,polar_existing,read_existing,ok,pairing_v2,time_pairs_nearest,150,150,58,58,58.0,0.0,0.0,1.0,0.0,0.0745748073345734,0.0745748073345734,,,,,,,,,,"source=D:\Code\HD-QKD_Polar_Release\results\authoritative\_tmp_longrun_fresh_rerun\full_20dB\candidate_rerun\polar_diag_summary.csv; checked_files=_tmp_grid_table.csv,_tmp_src_table.csv,polar_e2e_results.csv,polar_layer_metrics.csv; source_missing_fields=dataset_id,loss_db,n_eff_pairs,frame_len_symbols,leak_EC_actual_bits,runtime_s; missing_after_companion_scan=leak_EC_actual_bits,runtime_s,n_frames_success,n_frames_failed_decode,n_frames_failed_verify,throughput_input_bits_per_s",read_existing_file,
polar_row_86,D:\Code\HD-QKD_Polar_Release\results\authoritative\_tmp_longrun_fresh_rerun\full_20dB\candidate_rerun\polar_diag_summary.csv,20.0,512,180,30149.0,512,4608,polar_existing,read_existing,ok,pairing_v2,time_pairs_nearest,180,180,58,58,58.0,0.0,0.0,1.0,0.0,0.0642144018043716,0.0642144018043716,,,,,,,,,,"source=D:\Code\HD-QKD_Polar_Release\results\authoritative\_tmp_longrun_fresh_rerun\full_20dB\candidate_rerun\polar_diag_summary.csv; checked_files=_tmp_grid_table.csv,_tmp_src_table.csv,polar_e2e_results.csv,polar_layer_metrics.csv; source_missing_fields=dataset_id,loss_db,n_eff_pairs,frame_len_symbols,leak_EC_actual_bits,runtime_s; missing_after_companion_scan=leak_EC_actual_bits,runtime_s,n_frames_success,n_frames_failed_decode,n_frames_failed_verify,throughput_input_bits_per_s",read_existing_file,
polar_row_87,D:\Code\HD-QKD_Polar_Release\results\authoritative\_tmp_longrun_fresh_rerun\full_20dB\candidate_rerun\polar_diag_summary.csv,20.0,512,200,30168.0,512,4608,polar_existing,read_existing,ok,pairing_v2,time_pairs_nearest,200,200,58,58,58.0,0.0,0.0,1.0,0.0,0.0590692124105011,0.0590692124105011,,,,,,,,,,"source=D:\Code\HD-QKD_Polar_Release\results\authoritative\_tmp_longrun_fresh_rerun\full_20dB\candidate_rerun\polar_diag_summary.csv; checked_files=_tmp_grid_table.csv,_tmp_src_table.csv,polar_e2e_results.csv,polar_layer_metrics.csv; source_missing_fields=dataset_id,loss_db,n_eff_pairs,frame_len_symbols,leak_EC_actual_bits,runtime_s; missing_after_companion_scan=leak_EC_actual_bits,runtime_s,n_frames_success,n_frames_failed_decode,n_frames_failed_verify,throughput_input_bits_per_s",read_existing_file,
polar_row_88,D:\Code\HD-QKD_Polar_Release\results\authoritative\_tmp_longrun_fresh_rerun\full_20dB\candidate_rerun\polar_diag_summary.csv,20.0,1024,20,26165.0,1024,10240,polar_existing,read_existing,ok,pairing_v2,time_pairs_nearest,20,20,25,25,0.0,25.0,0.0,0.0,1.0,0.3956048155933498,0.3956048155933498,,,,,,,,,,"source=D:\Code\HD-QKD_Polar_Release\results\authoritative\_tmp_longrun_fresh_rerun\full_20dB\candidate_rerun\polar_diag_summary.csv; checked_files=_tmp_grid_table.csv,_tmp_src_table.csv,polar_e2e_results.csv,polar_layer_metrics.csv; source_missing_fields=dataset_id,loss_db,n_eff_pairs,frame_len_symbols,leak_EC_actual_bits,runtime_s; missing_after_companion_scan=leak_EC_actual_bits,runtime_s,n_frames_success,n_frames_failed_decode,n_frames_failed_verify,throughput_input_bits_per_s",read_existing_file,
polar_row_89,D:\Code\HD-QKD_Polar_Release\results\authoritative\_tmp_longrun_fresh_rerun\full_20dB\candidate_rerun\polar_diag_summary.csv,20.0,1024,30,28641.0,1024,10240,polar_existing,read_existing,ok,pairing_v2,time_pairs_nearest,30,30,27,27,0.0,27.0,0.0,0.0,1.0,0.3138158583848329,0.3138158583848329,,,,,,,,,,"source=D:\Code\HD-QKD_Polar_Release\results\authoritative\_tmp_longrun_fresh_rerun\full_20dB\candidate_rerun\polar_diag_summary.csv; checked_files=_tmp_grid_table.csv,_tmp_src_table.csv,polar_e2e_results.csv,polar_layer_metrics.csv; source_missing_fields=dataset_id,loss_db,n_eff_pairs,frame_len_symbols,leak_EC_actual_bits,runtime_s; missing_after_companion_scan=leak_EC_actual_bits,runtime_s,n_frames_success,n_frames_failed_decode,n_frames_failed_verify,throughput_input_bits_per_s",read_existing_file,
polar_row_90,D:\Code\HD-QKD_Polar_Release\results\authoritative\_tmp_longrun_fresh_rerun\full_20dB\candidate_rerun\polar_diag_summary.csv,20.0,1024,40,29328.0,1024,10240,polar_existing,read_existing,ok,pairing_v2,time_pairs_nearest,40,40,28,28,0.0,28.0,0.0,0.0,1.0,0.2499318057828696,0.2499318057828696,,,,,,,,,,"source=D:\Code\HD-QKD_Polar_Release\results\authoritative\_tmp_longrun_fresh_rerun\full_20dB\candidate_rerun\polar_diag_summary.csv; checked_files=_tmp_grid_table.csv,_tmp_src_table.csv,polar_e2e_results.csv,polar_layer_metrics.csv; source_missing_fields=dataset_id,loss_db,n_eff_pairs,frame_len_symbols,leak_EC_actual_bits,runtime_s; missing_after_companion_scan=leak_EC_actual_bits,runtime_s,n_frames_success,n_frames_failed_decode,n_frames_failed_verify,throughput_input_bits_per_s",read_existing_file,
polar_row_91,D:\Code\HD-QKD_Polar_Release\results\authoritative\_tmp_longrun_fresh_rerun\full_20dB\candidate_rerun\polar_diag_summary.csv,20.0,1024,50,29613.0,1024,10240,polar_existing,read_existing,ok,pairing_v2,time_pairs_nearest,50,50,28,28,0.0,28.0,0.0,0.0,1.0,0.2045723162124742,0.2045723162124742,,,,,,,,,,"source=D:\Code\HD-QKD_Polar_Release\results\authoritative\_tmp_longrun_fresh_rerun\full_20dB\candidate_rerun\polar_diag_summary.csv; checked_files=_tmp_grid_table.csv,_tmp_src_table.csv,polar_e2e_results.csv,polar_layer_metrics.csv; source_missing_fields=dataset_id,loss_db,n_eff_pairs,frame_len_symbols,leak_EC_actual_bits,runtime_s; missing_after_companion_scan=leak_EC_actual_bits,runtime_s,n_frames_success,n_frames_failed_decode,n_frames_failed_verify,throughput_input_bits_per_s",read_existing_file,
polar_row_92,D:\Code\HD-QKD_Polar_Release\results\authoritative\_tmp_longrun_fresh_rerun\full_20dB\candidate_rerun\polar_diag_summary.csv,20.0,1024,60,29779.0,1024,10240,polar_existing,read_existing,ok,pairing_v2,time_pairs_nearest,60,60,29,29,0.0,29.0,0.0,0.0,1.0,0.1755263776486786,0.1755263776486786,,,,,,,,,,"source=D:\Code\HD-QKD_Polar_Release\results\authoritative\_tmp_longrun_fresh_rerun\full_20dB\candidate_rerun\polar_diag_summary.csv; checked_files=_tmp_grid_table.csv,_tmp_src_table.csv,polar_e2e_results.csv,polar_layer_metrics.csv; source_missing_fields=dataset_id,loss_db,n_eff_pairs,frame_len_symbols,leak_EC_actual_bits,runtime_s; missing_after_companion_scan=leak_EC_actual_bits,runtime_s,n_frames_success,n_frames_failed_decode,n_frames_failed_verify,throughput_input_bits_per_s",read_existing_file,
polar_row_93,D:\Code\HD-QKD_Polar_Release\results\authoritative\_tmp_longrun_fresh_rerun\full_20dB\candidate_rerun\polar_diag_summary.csv,20.0,1024,80,29935.0,1024,10240,polar_existing,read_existing,ok,pairing_v2,time_pairs_nearest,80,80,29,29,0.0,29.0,0.0,0.0,1.0,0.1363621179221646,0.1363621179221646,,,,,,,,,,"source=D:\Code\HD-QKD_Polar_Release\results\authoritative\_tmp_longrun_fresh_rerun\full_20dB\candidate_rerun\polar_diag_summary.csv; checked_files=_tmp_grid_table.csv,_tmp_src_table.csv,polar_e2e_results.csv,polar_layer_metrics.csv; source_missing_fields=dataset_id,loss_db,n_eff_pairs,frame_len_symbols,leak_EC_actual_bits,runtime_s; missing_after_companion_scan=leak_EC_actual_bits,runtime_s,n_frames_success,n_frames_failed_decode,n_frames_failed_verify,throughput_input_bits_per_s",read_existing_file,
polar_row_94,D:\Code\HD-QKD_Polar_Release\results\authoritative\_tmp_longrun_fresh_rerun\full_20dB\candidate_rerun\polar_diag_summary.csv,20.0,1024,100,30012.0,1024,10240,polar_existing,read_existing,ok,pairing_v2,time_pairs_nearest,100,100,29,29,0.0,29.0,0.0,0.0,1.0,0.1101226176196188,0.1101226176196188,,,,,,,,,,"source=D:\Code\HD-QKD_Polar_Release\results\authoritative\_tmp_longrun_fresh_rerun\full_20dB\candidate_rerun\polar_diag_summary.csv; checked_files=_tmp_grid_table.csv,_tmp_src_table.csv,polar_e2e_results.csv,polar_layer_metrics.csv; source_missing_fields=dataset_id,loss_db,n_eff_pairs,frame_len_symbols,leak_EC_actual_bits,runtime_s; missing_after_companion_scan=leak_EC_actual_bits,runtime_s,n_frames_success,n_frames_failed_decode,n_frames_failed_verify,throughput_input_bits_per_s",read_existing_file,
polar_row_95,D:\Code\HD-QKD_Polar_Release\results\authoritative\_tmp_longrun_fresh_rerun\full_20dB\candidate_rerun\polar_diag_summary.csv,20.0,1024,120,30056.0,1024,10240,polar_existing,read_existing,ok,pairing_v2,time_pairs_nearest,120,120,29,29,29.0,0.0,0.0,1.0,0.0,0.0933923343092893,0.0933923343092893,,,,,,,,,,"source=D:\Code\HD-QKD_Polar_Release\results\authoritative\_tmp_longrun_fresh_rerun\full_20dB\candidate_rerun\polar_diag_summary.csv; checked_files=_tmp_grid_table.csv,_tmp_src_table.csv,polar_e2e_results.csv,polar_layer_metrics.csv; source_missing_fields=dataset_id,loss_db,n_eff_pairs,frame_len_symbols,leak_EC_actual_bits,runtime_s; missing_after_companion_scan=leak_EC_actual_bits,runtime_s,n_frames_success,n_frames_failed_decode,n_frames_failed_verify,throughput_input_bits_per_s",read_existing_file,
polar_row_96,D:\Code\HD-QKD_Polar_Release\results\authoritative\_tmp_longrun_fresh_rerun\full_20dB\candidate_rerun\polar_diag_summary.csv,20.0,1024,150,30104.0,1024,10240,polar_existing,read_existing,ok,pairing_v2,time_pairs_nearest,150,150,29,29,29.0,0.0,0.0,1.0,0.0,0.0745748073345734,0.0745748073345734,,,,,,,,,,"source=D:\Code\HD-QKD_Polar_Release\results\authoritative\_tmp_longrun_fresh_rerun\full_20dB\candidate_rerun\polar_diag_summary.csv; checked_files=_tmp_grid_table.csv,_tmp_src_table.csv,polar_e2e_results.csv,polar_layer_metrics.csv; source_missing_fields=dataset_id,loss_db,n_eff_pairs,frame_len_symbols,leak_EC_actual_bits,runtime_s; missing_after_companion_scan=leak_EC_actual_bits,runtime_s,n_frames_success,n_frames_failed_decode,n_frames_failed_verify,throughput_input_bits_per_s",read_existing_file,
polar_row_97,D:\Code\HD-QKD_Polar_Release\results\authoritative\_tmp_longrun_fresh_rerun\full_20dB\candidate_rerun\polar_diag_summary.csv,20.0,1024,180,30149.0,1024,10240,polar_existing,read_existing,ok,pairing_v2,time_pairs_nearest,180,180,29,29,29.0,0.0,0.0,1.0,0.0,0.0642144018043716,0.0642144018043716,,,,,,,,,,"source=D:\Code\HD-QKD_Polar_Release\results\authoritative\_tmp_longrun_fresh_rerun\full_20dB\candidate_rerun\polar_diag_summary.csv; checked_files=_tmp_grid_table.csv,_tmp_src_table.csv,polar_e2e_results.csv,polar_layer_metrics.csv; source_missing_fields=dataset_id,loss_db,n_eff_pairs,frame_len_symbols,leak_EC_actual_bits,runtime_s; missing_after_companion_scan=leak_EC_actual_bits,runtime_s,n_frames_success,n_frames_failed_decode,n_frames_failed_verify,throughput_input_bits_per_s",read_existing_file,
polar_row_98,D:\Code\HD-QKD_Polar_Release\results\authoritative\_tmp_longrun_fresh_rerun\full_20dB\candidate_rerun\polar_diag_summary.csv,20.0,1024,200,30168.0,1024,10240,polar_existing,read_existing,ok,pairing_v2,time_pairs_nearest,200,200,29,29,29.0,0.0,0.0,1.0,0.0,0.0590692124105011,0.0590692124105011,,,,,,,,,,"source=D:\Code\HD-QKD_Polar_Release\results\authoritative\_tmp_longrun_fresh_rerun\full_20dB\candidate_rerun\polar_diag_summary.csv; checked_files=_tmp_grid_table.csv,_tmp_src_table.csv,polar_e2e_results.csv,polar_layer_metrics.csv; source_missing_fields=dataset_id,loss_db,n_eff_pairs,frame_len_symbols,leak_EC_actual_bits,runtime_s; missing_after_companion_scan=leak_EC_actual_bits,runtime_s,n_frames_success,n_frames_failed_decode,n_frames_failed_verify,throughput_input_bits_per_s",read_existing_file,
polar_row_99,D:\Code\HD-QKD_Polar_Release\results\authoritative\_tmp_longrun_fresh_rerun\full_20dB\candidate_rerun\polar_diag_summary.csv,20.0,2048,20,26165.0,2048,22528,polar_existing,read_existing,ok,pairing_v2,time_pairs_nearest,20,20,12,12,0.0,12.0,0.0,0.0,1.0,0.3956048155933498,0.3956048155933498,,,,,,,,,,"source=D:\Code\HD-QKD_Polar_Release\results\authoritative\_tmp_longrun_fresh_rerun\full_20dB\candidate_rerun\polar_diag_summary.csv; checked_files=_tmp_grid_table.csv,_tmp_src_table.csv,polar_e2e_results.csv,polar_layer_metrics.csv; source_missing_fields=dataset_id,loss_db,n_eff_pairs,frame_len_symbols,leak_EC_actual_bits,runtime_s; missing_after_companion_scan=leak_EC_actual_bits,runtime_s,n_frames_success,n_frames_failed_decode,n_frames_failed_verify,throughput_input_bits_per_s",read_existing_file,
polar_row_100,D:\Code\HD-QKD_Polar_Release\results\authoritative\_tmp_longrun_fresh_rerun\full_20dB\candidate_rerun\polar_diag_summary.csv,20.0,2048,30,28641.0,2048,22528,polar_existing,read_existing,ok,pairing_v2,time_pairs_nearest,30,30,13,13,0.0,13.0,0.0,0.0,1.0,0.3138158583848329,0.3138158583848329,,,,,,,,,,"source=D:\Code\HD-QKD_Polar_Release\results\authoritative\_tmp_longrun_fresh_rerun\full_20dB\candidate_rerun\polar_diag_summary.csv; checked_files=_tmp_grid_table.csv,_tmp_src_table.csv,polar_e2e_results.csv,polar_layer_metrics.csv; source_missing_fields=dataset_id,loss_db,n_eff_pairs,frame_len_symbols,leak_EC_actual_bits,runtime_s; missing_after_companion_scan=leak_EC_actual_bits,runtime_s,n_frames_success,n_frames_failed_decode,n_frames_failed_verify,throughput_input_bits_per_s",read_existing_file,
polar_row_101,D:\Code\HD-QKD_Polar_Release\results\authoritative\_tmp_longrun_fresh_rerun\full_20dB\candidate_rerun\polar_diag_summary.csv,20.0,2048,40,29328.0,2048,22528,polar_existing,read_existing,ok,pairing_v2,time_pairs_nearest,40,40,14,14,0.0,14.0,0.0,0.0,1.0,0.2499318057828696,0.2499318057828696,,,,,,,,,,"source=D:\Code\HD-QKD_Polar_Release\results\authoritative\_tmp_longrun_fresh_rerun\full_20dB\candidate_rerun\polar_diag_summary.csv; checked_files=_tmp_grid_table.csv,_tmp_src_table.csv,polar_e2e_results.csv,polar_layer_metrics.csv; source_missing_fields=dataset_id,loss_db,n_eff_pairs,frame_len_symbols,leak_EC_actual_bits,runtime_s; missing_after_companion_scan=leak_EC_actual_bits,runtime_s,n_frames_success,n_frames_failed_decode,n_frames_failed_verify,throughput_input_bits_per_s",read_existing_file,
polar_row_102,D:\Code\HD-QKD_Polar_Release\results\authoritative\_tmp_longrun_fresh_rerun\full_20dB\candidate_rerun\polar_diag_summary.csv,20.0,2048,50,29613.0,2048,22528,polar_existing,read_existing,ok,pairing_v2,time_pairs_nearest,50,50,14,14,0.0,14.0,0.0,0.0,1.0,0.2045723162124742,0.2045723162124742,,,,,,,,,,"source=D:\Code\HD-QKD_Polar_Release\results\authoritative\_tmp_longrun_fresh_rerun\full_20dB\candidate_rerun\polar_diag_summary.csv; checked_files=_tmp_grid_table.csv,_tmp_src_table.csv,polar_e2e_results.csv,polar_layer_metrics.csv; source_missing_fields=dataset_id,loss_db,n_eff_pairs,frame_len_symbols,leak_EC_actual_bits,runtime_s; missing_after_companion_scan=leak_EC_actual_bits,runtime_s,n_frames_success,n_frames_failed_decode,n_frames_failed_verify,throughput_input_bits_per_s",read_existing_file,
polar_row_103,D:\Code\HD-QKD_Polar_Release\results\authoritative\_tmp_longrun_fresh_rerun\full_20dB\candidate_rerun\polar_diag_summary.csv,20.0,2048,60,29779.0,2048,22528,polar_existing,read_existing,ok,pairing_v2,time_pairs_nearest,60,60,14,14,0.0,14.0,0.0,0.0,1.0,0.1755263776486786,0.1755263776486786,,,,,,,,,,"source=D:\Code\HD-QKD_Polar_Release\results\authoritative\_tmp_longrun_fresh_rerun\full_20dB\candidate_rerun\polar_diag_summary.csv; checked_files=_tmp_grid_table.csv,_tmp_src_table.csv,polar_e2e_results.csv,polar_layer_metrics.csv; source_missing_fields=dataset_id,loss_db,n_eff_pairs,frame_len_symbols,leak_EC_actual_bits,runtime_s; missing_after_companion_scan=leak_EC_actual_bits,runtime_s,n_frames_success,n_frames_failed_decode,n_frames_failed_verify,throughput_input_bits_per_s",read_existing_file,
polar_row_104,D:\Code\HD-QKD_Polar_Release\results\authoritative\_tmp_longrun_fresh_rerun\full_20dB\candidate_rerun\polar_diag_summary.csv,20.0,2048,80,29935.0,2048,22528,polar_existing,read_existing,ok,pairing_v2,time_pairs_nearest,80,80,14,14,0.0,14.0,0.0,0.0,1.0,0.1363621179221646,0.1363621179221646,,,,,,,,,,"source=D:\Code\HD-QKD_Polar_Release\results\authoritative\_tmp_longrun_fresh_rerun\full_20dB\candidate_rerun\polar_diag_summary.csv; checked_files=_tmp_grid_table.csv,_tmp_src_table.csv,polar_e2e_results.csv,polar_layer_metrics.csv; source_missing_fields=dataset_id,loss_db,n_eff_pairs,frame_len_symbols,leak_EC_actual_bits,runtime_s; missing_after_companion_scan=leak_EC_actual_bits,runtime_s,n_frames_success,n_frames_failed_decode,n_frames_failed_verify,throughput_input_bits_per_s",read_existing_file,
polar_row_105,D:\Code\HD-QKD_Polar_Release\results\authoritative\_tmp_longrun_fresh_rerun\full_20dB\candidate_rerun\polar_diag_summary.csv,20.0,2048,100,30012.0,2048,22528,polar_existing,read_existing,ok,pairing_v2,time_pairs_nearest,100,100,14,14,0.0,14.0,0.0,0.0,1.0,0.1101226176196188,0.1101226176196188,,,,,,,,,,"source=D:\Code\HD-QKD_Polar_Release\results\authoritative\_tmp_longrun_fresh_rerun\full_20dB\candidate_rerun\polar_diag_summary.csv; checked_files=_tmp_grid_table.csv,_tmp_src_table.csv,polar_e2e_results.csv,polar_layer_metrics.csv; source_missing_fields=dataset_id,loss_db,n_eff_pairs,frame_len_symbols,leak_EC_actual_bits,runtime_s; missing_after_companion_scan=leak_EC_actual_bits,runtime_s,n_frames_success,n_frames_failed_decode,n_frames_failed_verify,throughput_input_bits_per_s",read_existing_file,
polar_row_106,D:\Code\HD-QKD_Polar_Release\results\authoritative\_tmp_longrun_fresh_rerun\full_20dB\candidate_rerun\polar_diag_summary.csv,20.0,2048,120,30056.0,2048,22528,polar_existing,read_existing,ok,pairing_v2,time_pairs_nearest,120,120,14,14,14.0,0.0,0.0,1.0,0.0,0.0933923343092893,0.0933923343092893,,,,,,,,,,"source=D:\Code\HD-QKD_Polar_Release\results\authoritative\_tmp_longrun_fresh_rerun\full_20dB\candidate_rerun\polar_diag_summary.csv; checked_files=_tmp_grid_table.csv,_tmp_src_table.csv,polar_e2e_results.csv,polar_layer_metrics.csv; source_missing_fields=dataset_id,loss_db,n_eff_pairs,frame_len_symbols,leak_EC_actual_bits,runtime_s; missing_after_companion_scan=leak_EC_actual_bits,runtime_s,n_frames_success,n_frames_failed_decode,n_frames_failed_verify,throughput_input_bits_per_s",read_existing_file,
polar_row_107,D:\Code\HD-QKD_Polar_Release\results\authoritative\_tmp_longrun_fresh_rerun\full_20dB\candidate_rerun\polar_diag_summary.csv,20.0,2048,150,30104.0,2048,22528,polar_existing,read_existing,ok,pairing_v2,time_pairs_nearest,150,150,14,14,14.0,0.0,0.0,1.0,0.0,0.0745748073345734,0.0745748073345734,,,,,,,,,,"source=D:\Code\HD-QKD_Polar_Release\results\authoritative\_tmp_longrun_fresh_rerun\full_20dB\candidate_rerun\polar_diag_summary.csv; checked_files=_tmp_grid_table.csv,_tmp_src_table.csv,polar_e2e_results.csv,polar_layer_metrics.csv; source_missing_fields=dataset_id,loss_db,n_eff_pairs,frame_len_symbols,leak_EC_actual_bits,runtime_s; missing_after_companion_scan=leak_EC_actual_bits,runtime_s,n_frames_success,n_frames_failed_decode,n_frames_failed_verify,throughput_input_bits_per_s",read_existing_file,
polar_row_108,D:\Code\HD-QKD_Polar_Release\results\authoritative\_tmp_longrun_fresh_rerun\full_20dB\candidate_rerun\polar_diag_summary.csv,20.0,2048,180,30149.0,2048,22528,polar_existing,read_existing,ok,pairing_v2,time_pairs_nearest,180,180,14,14,14.0,0.0,0.0,1.0,0.0,0.0642144018043716,0.0642144018043716,,,,,,,,,,"source=D:\Code\HD-QKD_Polar_Release\results\authoritative\_tmp_longrun_fresh_rerun\full_20dB\candidate_rerun\polar_diag_summary.csv; checked_files=_tmp_grid_table.csv,_tmp_src_table.csv,polar_e2e_results.csv,polar_layer_metrics.csv; source_missing_fields=dataset_id,loss_db,n_eff_pairs,frame_len_symbols,leak_EC_actual_bits,runtime_s; missing_after_companion_scan=leak_EC_actual_bits,runtime_s,n_frames_success,n_frames_failed_decode,n_frames_failed_verify,throughput_input_bits_per_s",read_existing_file,
polar_row_109,D:\Code\HD-QKD_Polar_Release\results\authoritative\_tmp_longrun_fresh_rerun\full_20dB\candidate_rerun\polar_diag_summary.csv,20.0,2048,200,30168.0,2048,22528,polar_existing,read_existing,ok,pairing_v2,time_pairs_nearest,200,200,14,14,14.0,0.0,0.0,1.0,0.0,0.0590692124105011,0.0590692124105011,,,,,,,,,,"source=D:\Code\HD-QKD_Polar_Release\results\authoritative\_tmp_longrun_fresh_rerun\full_20dB\candidate_rerun\polar_diag_summary.csv; checked_files=_tmp_grid_table.csv,_tmp_src_table.csv,polar_e2e_results.csv,polar_layer_metrics.csv; source_missing_fields=dataset_id,loss_db,n_eff_pairs,frame_len_symbols,leak_EC_actual_bits,runtime_s; missing_after_companion_scan=leak_EC_actual_bits,runtime_s,n_frames_success,n_frames_failed_decode,n_frames_failed_verify,throughput_input_bits_per_s",read_existing_file,
polar_row_110,D:\Code\HD-QKD_Polar_Release\results\authoritative\_tmp_longrun_fresh_rerun\full_20dB\candidate_rerun\polar_diag_summary.csv,20.0,4096,20,26165.0,4096,49152,polar_existing,read_existing,ok,pairing_v2,time_pairs_nearest,20,20,6,6,0.0,6.0,0.0,0.0,1.0,0.3956048155933498,0.3956048155933498,,,,,,,,,,"source=D:\Code\HD-QKD_Polar_Release\results\authoritative\_tmp_longrun_fresh_rerun\full_20dB\candidate_rerun\polar_diag_summary.csv; checked_files=_tmp_grid_table.csv,_tmp_src_table.csv,polar_e2e_results.csv,polar_layer_metrics.csv; source_missing_fields=dataset_id,loss_db,n_eff_pairs,frame_len_symbols,leak_EC_actual_bits,runtime_s; missing_after_companion_scan=leak_EC_actual_bits,runtime_s,n_frames_success,n_frames_failed_decode,n_frames_failed_verify,throughput_input_bits_per_s",read_existing_file,
polar_row_111,D:\Code\HD-QKD_Polar_Release\results\authoritative\_tmp_longrun_fresh_rerun\full_20dB\candidate_rerun\polar_diag_summary.csv,20.0,4096,30,28641.0,4096,49152,polar_existing,read_existing,ok,pairing_v2,time_pairs_nearest,30,30,6,6,0.0,6.0,0.0,0.0,1.0,0.3138158583848329,0.3138158583848329,,,,,,,,,,"source=D:\Code\HD-QKD_Polar_Release\results\authoritative\_tmp_longrun_fresh_rerun\full_20dB\candidate_rerun\polar_diag_summary.csv; checked_files=_tmp_grid_table.csv,_tmp_src_table.csv,polar_e2e_results.csv,polar_layer_metrics.csv; source_missing_fields=dataset_id,loss_db,n_eff_pairs,frame_len_symbols,leak_EC_actual_bits,runtime_s; missing_after_companion_scan=leak_EC_actual_bits,runtime_s,n_frames_success,n_frames_failed_decode,n_frames_failed_verify,throughput_input_bits_per_s",read_existing_file,
polar_row_112,D:\Code\HD-QKD_Polar_Release\results\authoritative\_tmp_longrun_fresh_rerun\full_20dB\candidate_rerun\polar_diag_summary.csv,20.0,4096,40,29328.0,4096,49152,polar_existing,read_existing,ok,pairing_v2,time_pairs_nearest,40,40,7,7,0.0,7.0,0.0,0.0,1.0,0.2499318057828696,0.2499318057828696,,,,,,,,,,"source=D:\Code\HD-QKD_Polar_Release\results\authoritative\_tmp_longrun_fresh_rerun\full_20dB\candidate_rerun\polar_diag_summary.csv; checked_files=_tmp_grid_table.csv,_tmp_src_table.csv,polar_e2e_results.csv,polar_layer_metrics.csv; source_missing_fields=dataset_id,loss_db,n_eff_pairs,frame_len_symbols,leak_EC_actual_bits,runtime_s; missing_after_companion_scan=leak_EC_actual_bits,runtime_s,n_frames_success,n_frames_failed_decode,n_frames_failed_verify,throughput_input_bits_per_s",read_existing_file,
polar_row_113,D:\Code\HD-QKD_Polar_Release\results\authoritative\_tmp_longrun_fresh_rerun\full_20dB\candidate_rerun\polar_diag_summary.csv,20.0,4096,50,29613.0,4096,49152,polar_existing,read_existing,ok,pairing_v2,time_pairs_nearest,50,50,7,7,0.0,7.0,0.0,0.0,1.0,0.2045723162124742,0.2045723162124742,,,,,,,,,,"source=D:\Code\HD-QKD_Polar_Release\results\authoritative\_tmp_longrun_fresh_rerun\full_20dB\candidate_rerun\polar_diag_summary.csv; checked_files=_tmp_grid_table.csv,_tmp_src_table.csv,polar_e2e_results.csv,polar_layer_metrics.csv; source_missing_fields=dataset_id,loss_db,n_eff_pairs,frame_len_symbols,leak_EC_actual_bits,runtime_s; missing_after_companion_scan=leak_EC_actual_bits,runtime_s,n_frames_success,n_frames_failed_decode,n_frames_failed_verify,throughput_input_bits_per_s",read_existing_file,
polar_row_114,D:\Code\HD-QKD_Polar_Release\results\authoritative\_tmp_longrun_fresh_rerun\full_20dB\candidate_rerun\polar_diag_summary.csv,20.0,4096,60,29779.0,4096,49152,polar_existing,read_existing,ok,pairing_v2,time_pairs_nearest,60,60,7,7,0.0,7.0,0.0,0.0,1.0,0.1755263776486786,0.1755263776486786,,,,,,,,,,"source=D:\Code\HD-QKD_Polar_Release\results\authoritative\_tmp_longrun_fresh_rerun\full_20dB\candidate_rerun\polar_diag_summary.csv; checked_files=_tmp_grid_table.csv,_tmp_src_table.csv,polar_e2e_results.csv,polar_layer_metrics.csv; source_missing_fields=dataset_id,loss_db,n_eff_pairs,frame_len_symbols,leak_EC_actual_bits,runtime_s; missing_after_companion_scan=leak_EC_actual_bits,runtime_s,n_frames_success,n_frames_failed_decode,n_frames_failed_verify,throughput_input_bits_per_s",read_existing_file,
polar_row_115,D:\Code\HD-QKD_Polar_Release\results\authoritative\_tmp_longrun_fresh_rerun\full_20dB\candidate_rerun\polar_diag_summary.csv,20.0,4096,80,29935.0,4096,49152,polar_existing,read_existing,ok,pairing_v2,time_pairs_nearest,80,80,7,7,0.0,7.0,0.0,0.0,1.0,0.1363621179221646,0.1363621179221646,,,,,,,,,,"source=D:\Code\HD-QKD_Polar_Release\results\authoritative\_tmp_longrun_fresh_rerun\full_20dB\candidate_rerun\polar_diag_summary.csv; checked_files=_tmp_grid_table.csv,_tmp_src_table.csv,polar_e2e_results.csv,polar_layer_metrics.csv; source_missing_fields=dataset_id,loss_db,n_eff_pairs,frame_len_symbols,leak_EC_actual_bits,runtime_s; missing_after_companion_scan=leak_EC_actual_bits,runtime_s,n_frames_success,n_frames_failed_decode,n_frames_failed_verify,throughput_input_bits_per_s",read_existing_file,
polar_row_116,D:\Code\HD-QKD_Polar_Release\results\authoritative\_tmp_longrun_fresh_rerun\full_20dB\candidate_rerun\polar_diag_summary.csv,20.0,4096,100,30012.0,4096,49152,polar_existing,read_existing,ok,pairing_v2,time_pairs_nearest,100,100,7,7,0.0,7.0,0.0,0.0,1.0,0.1101226176196188,0.1101226176196188,,,,,,,,,,"source=D:\Code\HD-QKD_Polar_Release\results\authoritative\_tmp_longrun_fresh_rerun\full_20dB\candidate_rerun\polar_diag_summary.csv; checked_files=_tmp_grid_table.csv,_tmp_src_table.csv,polar_e2e_results.csv,polar_layer_metrics.csv; source_missing_fields=dataset_id,loss_db,n_eff_pairs,frame_len_symbols,leak_EC_actual_bits,runtime_s; missing_after_companion_scan=leak_EC_actual_bits,runtime_s,n_frames_success,n_frames_failed_decode,n_frames_failed_verify,throughput_input_bits_per_s",read_existing_file,
polar_row_117,D:\Code\HD-QKD_Polar_Release\results\authoritative\_tmp_longrun_fresh_rerun\full_20dB\candidate_rerun\polar_diag_summary.csv,20.0,4096,120,30056.0,4096,49152,polar_existing,read_existing,ok,pairing_v2,time_pairs_nearest,120,120,7,7,7.0,0.0,0.0,1.0,0.0,0.0933923343092893,0.0933923343092893,,,,,,,,,,"source=D:\Code\HD-QKD_Polar_Release\results\authoritative\_tmp_longrun_fresh_rerun\full_20dB\candidate_rerun\polar_diag_summary.csv; checked_files=_tmp_grid_table.csv,_tmp_src_table.csv,polar_e2e_results.csv,polar_layer_metrics.csv; source_missing_fields=dataset_id,loss_db,n_eff_pairs,frame_len_symbols,leak_EC_actual_bits,runtime_s; missing_after_companion_scan=leak_EC_actual_bits,runtime_s,n_frames_success,n_frames_failed_decode,n_frames_failed_verify,throughput_input_bits_per_s",read_existing_file,
polar_row_118,D:\Code\HD-QKD_Polar_Release\results\authoritative\_tmp_longrun_fresh_rerun\full_20dB\candidate_rerun\polar_diag_summary.csv,20.0,4096,150,30104.0,4096,49152,polar_existing,read_existing,ok,pairing_v2,time_pairs_nearest,150,150,7,7,7.0,0.0,0.0,1.0,0.0,0.0745748073345734,0.0745748073345734,,,,,,,,,,"source=D:\Code\HD-QKD_Polar_Release\results\authoritative\_tmp_longrun_fresh_rerun\full_20dB\candidate_rerun\polar_diag_summary.csv; checked_files=_tmp_grid_table.csv,_tmp_src_table.csv,polar_e2e_results.csv,polar_layer_metrics.csv; source_missing_fields=dataset_id,loss_db,n_eff_pairs,frame_len_symbols,leak_EC_actual_bits,runtime_s; missing_after_companion_scan=leak_EC_actual_bits,runtime_s,n_frames_success,n_frames_failed_decode,n_frames_failed_verify,throughput_input_bits_per_s",read_existing_file,
polar_row_119,D:\Code\HD-QKD_Polar_Release\results\authoritative\_tmp_longrun_fresh_rerun\full_20dB\candidate_rerun\polar_diag_summary.csv,20.0,4096,180,30149.0,4096,49152,polar_existing,read_existing,ok,pairing_v2,time_pairs_nearest,180,180,7,7,7.0,0.0,0.0,1.0,0.0,0.0642144018043716,0.0642144018043716,,,,,,,,,,"source=D:\Code\HD-QKD_Polar_Release\results\authoritative\_tmp_longrun_fresh_rerun\full_20dB\candidate_rerun\polar_diag_summary.csv; checked_files=_tmp_grid_table.csv,_tmp_src_table.csv,polar_e2e_results.csv,polar_layer_metrics.csv; source_missing_fields=dataset_id,loss_db,n_eff_pairs,frame_len_symbols,leak_EC_actual_bits,runtime_s; missing_after_companion_scan=leak_EC_actual_bits,runtime_s,n_frames_success,n_frames_failed_decode,n_frames_failed_verify,throughput_input_bits_per_s",read_existing_file,
polar_row_120,D:\Code\HD-QKD_Polar_Release\results\authoritative\_tmp_longrun_fresh_rerun\full_20dB\candidate_rerun\polar_diag_summary.csv,20.0,4096,200,30168.0,4096,49152,polar_existing,read_existing,ok,pairing_v2,time_pairs_nearest,200,200,7,7,7.0,0.0,0.0,1.0,0.0,0.0590692124105011,0.0590692124105011,,,,,,,,,,"source=D:\Code\HD-QKD_Polar_Release\results\authoritative\_tmp_longrun_fresh_rerun\full_20dB\candidate_rerun\polar_diag_summary.csv; checked_files=_tmp_grid_table.csv,_tmp_src_table.csv,polar_e2e_results.csv,polar_layer_metrics.csv; source_missing_fields=dataset_id,loss_db,n_eff_pairs,frame_len_symbols,leak_EC_actual_bits,runtime_s; missing_after_companion_scan=leak_EC_actual_bits,runtime_s,n_frames_success,n_frames_failed_decode,n_frames_failed_verify,throughput_input_bits_per_s",read_existing_file,
