attempted,calibration_source_sha256,codebook_ids,dataset_id,denominator_included,dimension,epsilon_ec,failure_reason,frame_id,frame_len_symbols,key_dependent_disclosure_bits_total,ldpc_syndrome_bits,leakage_comparison_policy,mapping,method,n_pairs,pair_idx_sequence_sha256,plan_frame_id,policy_id,public_control_bits_total,qualification_role,rate_ids,raw_ser,runtime_s,status,stratum_p,transcript_bytes_len,transcript_bytes_sha256,transcript_first_event_id,transcript_last_event_id,transcript_sha256,verification_invoked,verification_seed_id,verification_tag_bits,verification_tag_bits_component
True,fb2c80d3a9a50df6e5f9ba611c62fb748f1be710e11b5651970f94ebf729ab10,"[""af121b3272024c76084af7f928c6d3a996125ee79624351c439bbdda6c52828b"", ""f091b8c6925e11c04008b367aed126c2987eaf8d776050a0e33368b446b836c1"", ""877c48b8216adb121750a561c12c2cfb9567aed4730425708170722e680c1607"", ""5d02aaab276fe9b647eb84534eadbcdbda645424784553b809e1e6236d9ad225"", ""8505d9fa86e63ae8005b078ed4860855542a5a0969e35c118b9c86afe8b1a5f2"", ""1bce8a7c44c385078f0a5e04dff3f3e1af9614df72bf51b0aeb9b5b8c88b5e0d"", ""065ddf735cbc5f47fbf5e753b6c14dbb4f5ab3dbe87b37235f33a081c4d1cd30"", ""d146e9ba17b3f5615c25f510c2d269472b4cb73d880522fb37fafa623c5022fd"", ""dc9fb89e19e5b5bb8b9c1e3ddcd25cc637f3e5e6b8c352d8f77cab01c5f65c22"", ""a6d5e42471e8b004aca01e8fe10bdff317c8d76a59773af28d1e130cc279376f""]",synthetic_p0.02,True,1024,5.421010862427522e-20,,synthetic_q1024_p020_confirmation_f024,64,544,480,method_specific_not_cross_ranked,gray,ldpc_formal_v2,64,7a61ce53d17eb721f1f7ead1b73d46792741cf9b82591734c084441e9eeacffe,synthetic_q1024_p020_confirmation_f024,3236a5daab15c160c83c96431c8834594f3ea7c428b72b531d9d8bcf1cfa9b1d,3583,confirmation,"[""r025"", ""r025"", ""r025"", ""r025"", ""r025"", ""r025"", ""r025"", ""r025"", ""r025"", ""r025""]",0.0625,0.3279999999795109,verified_success,0.02,13612,3375ad0c77064fdfe36a68b49b70923367a992f7fef994fb181af6d685f4a565,1,42,3375ad0c77064fdfe36a68b49b70923367a992f7fef994fb181af6d685f4a565,True,efa57fefb037a467e0618e7661dc18c0cac15e0599e923af8b3bedae5d4bbdb9,64,64
True,7bb476540b7d8ed0affbf7437aee0162de26ff69b4ae136d33790dd2d17b0034,"[""af121b3272024c76084af7f928c6d3a996125ee79624351c439bbdda6c52828b"", ""f091b8c6925e11c04008b367aed126c2987eaf8d776050a0e33368b446b836c1"", ""877c48b8216adb121750a561c12c2cfb9567aed4730425708170722e680c1607"", ""5d02aaab276fe9b647eb84534eadbcdbda645424784553b809e1e6236d9ad225"", ""8505d9fa86e63ae8005b078ed4860855542a5a0969e35c118b9c86afe8b1a5f2"", ""1bce8a7c44c385078f0a5e04dff3f3e1af9614df72bf51b0aeb9b5b8c88b5e0d"", ""065ddf735cbc5f47fbf5e753b6c14dbb4f5ab3dbe87b37235f33a081c4d1cd30"", ""d146e9ba17b3f5615c25f510c2d269472b4cb73d880522fb37fafa623c5022fd"", ""dc9fb89e19e5b5bb8b9c1e3ddcd25cc637f3e5e6b8c352d8f77cab01c5f65c22"", ""a6d5e42471e8b004aca01e8fe10bdff317c8d76a59773af28d1e130cc279376f""]",synthetic_p0.01,True,1024,5.421010862427522e-20,,synthetic_q1024_p010_confirmation_f018,64,544,480,method_specific_not_cross_ranked,gray,ldpc_formal_v2,64,7a61ce53d17eb721f1f7ead1b73d46792741cf9b82591734c084441e9eeacffe,synthetic_q1024_p010_confirmation_f018,3236a5daab15c160c83c96431c8834594f3ea7c428b72b531d9d8bcf1cfa9b1d,3583,confirmation,"[""r025"", ""r025"", ""r025"", ""r025"", ""r025"", ""r025"", ""r025"", ""r025"", ""r025"", ""r025""]",0.15625,0.3280000000959262,verified_success,0.01,13612,50a532ce328cd2152ad1da75a992ff09cba6922c5fa85c6d6715d6c2e3609fa4,1,42,50a532ce328cd2152ad1da75a992ff09cba6922c5fa85c6d6715d6c2e3609fa4,True,d7933d617c5b2bbf95a0336202a637a65ec39a8481f9bbf30b2fe832e56ee4a0,64,64
True,7bb476540b7d8ed0affbf7437aee0162de26ff69b4ae136d33790dd2d17b0034,"[""af121b3272024c76084af7f928c6d3a996125ee79624351c439bbdda6c52828b"", ""f091b8c6925e11c04008b367aed126c2987eaf8d776050a0e33368b446b836c1"", ""877c48b8216adb121750a561c12c2cfb9567aed4730425708170722e680c1607"", ""5d02aaab276fe9b647eb84534eadbcdbda645424784553b809e1e6236d9ad225"", ""8505d9fa86e63ae8005b078ed4860855542a5a0969e35c118b9c86afe8b1a5f2"", ""1bce8a7c44c385078f0a5e04dff3f3e1af9614df72bf51b0aeb9b5b8c88b5e0d"", ""065ddf735cbc5f47fbf5e753b6c14dbb4f5ab3dbe87b37235f33a081c4d1cd30"", ""d146e9ba17b3f5615c25f510c2d269472b4cb73d880522fb37fafa623c5022fd"", ""dc9fb89e19e5b5bb8b9c1e3ddcd25cc637f3e5e6b8c352d8f77cab01c5f65c22"", ""a6d5e42471e8b004aca01e8fe10bdff317c8d76a59773af28d1e130cc279376f""]",synthetic_p0.01,True,1024,5.421010862427522e-20,,synthetic_q1024_p010_confirmation_f017,64,544,480,method_specific_not_cross_ranked,gray,ldpc_formal_v2,64,7a61ce53d17eb721f1f7ead1b73d46792741cf9b82591734c084441e9eeacffe,synthetic_q1024_p010_confirmation_f017,3236a5daab15c160c83c96431c8834594f3ea7c428b72b531d9d8bcf1cfa9b1d,3583,confirmation,"[""r025"", ""r025"", ""r025"", ""r025"", ""r025"", ""r025"", ""r025"", ""r025"", ""r025"", ""r025""]",0.046875,0.34399999992456287,verified_success,0.01,13612,e226b2caee07f1561fe166be446c7945161ca654c3510b64a1106cec5fea46d5,1,42,e226b2caee07f1561fe166be446c7945161ca654c3510b64a1106cec5fea46d5,True,088767fe21d2a1798635dbdb71ae95f27df79eda9e70b555cce76560737ecb4b,64,64
True,fb2c80d3a9a50df6e5f9ba611c62fb748f1be710e11b5651970f94ebf729ab10,"[""af121b3272024c76084af7f928c6d3a996125ee79624351c439bbdda6c52828b"", ""f091b8c6925e11c04008b367aed126c2987eaf8d776050a0e33368b446b836c1"", ""877c48b8216adb121750a561c12c2cfb9567aed4730425708170722e680c1607"", ""5d02aaab276fe9b647eb84534eadbcdbda645424784553b809e1e6236d9ad225"", ""8505d9fa86e63ae8005b078ed4860855542a5a0969e35c118b9c86afe8b1a5f2"", ""1bce8a7c44c385078f0a5e04dff3f3e1af9614df72bf51b0aeb9b5b8c88b5e0d"", ""065ddf735cbc5f47fbf5e753b6c14dbb4f5ab3dbe87b37235f33a081c4d1cd30"", ""d146e9ba17b3f5615c25f510c2d269472b4cb73d880522fb37fafa623c5022fd"", ""dc9fb89e19e5b5bb8b9c1e3ddcd25cc637f3e5e6b8c352d8f77cab01c5f65c22"", ""a6d5e42471e8b004aca01e8fe10bdff317c8d76a59773af28d1e130cc279376f""]",synthetic_p0.02,True,1024,5.421010862427522e-20,,synthetic_q1024_p020_confirmation_f027,64,544,480,method_specific_not_cross_ranked,gray,ldpc_formal_v2,64,7a61ce53d17eb721f1f7ead1b73d46792741cf9b82591734c084441e9eeacffe,synthetic_q1024_p020_confirmation_f027,3236a5daab15c160c83c96431c8834594f3ea7c428b72b531d9d8bcf1cfa9b1d,3583,confirmation,"[""r025"", ""r025"", ""r025"", ""r025"", ""r025"", ""r025"", ""r025"", ""r025"", ""r025"", ""r025""]",0.203125,0.3279999999795109,verified_success,0.02,13612,dd1181804f14557d5802dbad2afadaf743090a7ff756cb38e84f38fc345a43c9,1,42,dd1181804f14557d5802dbad2afadaf743090a7ff756cb38e84f38fc345a43c9,True,fb4bd07b3b4c983f7234920dbb6d25a3a1767f6c01eec7f5692751d86ecc2d5a,64,64
True,fb2c80d3a9a50df6e5f9ba611c62fb748f1be710e11b5651970f94ebf729ab10,"[""af121b3272024c76084af7f928c6d3a996125ee79624351c439bbdda6c52828b"", ""f091b8c6925e11c04008b367aed126c2987eaf8d776050a0e33368b446b836c1"", ""877c48b8216adb121750a561c12c2cfb9567aed4730425708170722e680c1607"", ""5d02aaab276fe9b647eb84534eadbcdbda645424784553b809e1e6236d9ad225"", ""8505d9fa86e63ae8005b078ed4860855542a5a0969e35c118b9c86afe8b1a5f2"", ""1bce8a7c44c385078f0a5e04dff3f3e1af9614df72bf51b0aeb9b5b8c88b5e0d"", ""065ddf735cbc5f47fbf5e753b6c14dbb4f5ab3dbe87b37235f33a081c4d1cd30"", ""d146e9ba17b3f5615c25f510c2d269472b4cb73d880522fb37fafa623c5022fd"", ""dc9fb89e19e5b5bb8b9c1e3ddcd25cc637f3e5e6b8c352d8f77cab01c5f65c22"", ""a6d5e42471e8b004aca01e8fe10bdff317c8d76a59773af28d1e130cc279376f""]",synthetic_p0.02,True,1024,5.421010862427522e-20,,synthetic_q1024_p020_confirmation_f029,64,544,480,method_specific_not_cross_ranked,gray,ldpc_formal_v2,64,7a61ce53d17eb721f1f7ead1b73d46792741cf9b82591734c084441e9eeacffe,synthetic_q1024_p020_confirmation_f029,3236a5daab15c160c83c96431c8834594f3ea7c428b72b531d9d8bcf1cfa9b1d,3583,confirmation,"[""r025"", ""r025"", ""r025"", ""r025"", ""r025"", ""r025"", ""r025"", ""r025"", ""r025"", ""r025""]",0.125,0.3440000000409782,verified_success,0.02,13612,0a12f16aec910ab53cb800515369bf4eb81a95fccb8893200c2e1e78ad33311d,1,42,0a12f16aec910ab53cb800515369bf4eb81a95fccb8893200c2e1e78ad33311d,True,80a528f0a6b7ee5be20210fa89351e9816aa66dfac758f97599e9f1c4014d2d1,64,64
True,7bb476540b7d8ed0affbf7437aee0162de26ff69b4ae136d33790dd2d17b0034,"[""af121b3272024c76084af7f928c6d3a996125ee79624351c439bbdda6c52828b"", ""f091b8c6925e11c04008b367aed126c2987eaf8d776050a0e33368b446b836c1"", ""877c48b8216adb121750a561c12c2cfb9567aed4730425708170722e680c1607"", ""5d02aaab276fe9b647eb84534eadbcdbda645424784553b809e1e6236d9ad225"", ""8505d9fa86e63ae8005b078ed4860855542a5a0969e35c118b9c86afe8b1a5f2"", ""1bce8a7c44c385078f0a5e04dff3f3e1af9614df72bf51b0aeb9b5b8c88b5e0d"", ""065ddf735cbc5f47fbf5e753b6c14dbb4f5ab3dbe87b37235f33a081c4d1cd30"", ""d146e9ba17b3f5615c25f510c2d269472b4cb73d880522fb37fafa623c5022fd"", ""dc9fb89e19e5b5bb8b9c1e3ddcd25cc637f3e5e6b8c352d8f77cab01c5f65c22"", ""a6d5e42471e8b004aca01e8fe10bdff317c8d76a59773af28d1e130cc279376f""]",synthetic_p0.01,True,1024,5.421010862427522e-20,,synthetic_q1024_p010_confirmation_f028,64,544,480,method_specific_not_cross_ranked,gray,ldpc_formal_v2,64,7a61ce53d17eb721f1f7ead1b73d46792741cf9b82591734c084441e9eeacffe,synthetic_q1024_p010_confirmation_f028,3236a5daab15c160c83c96431c8834594f3ea7c428b72b531d9d8bcf1cfa9b1d,3583,confirmation,"[""r025"", ""r025"", ""r025"", ""r025"", ""r025"", ""r025"", ""r025"", ""r025"", ""r025"", ""r025""]",0.0625,0.34299999999348074,verified_success,0.01,13612,78c4c36e395db01cb979fbf4dbc1b03217bff1b8fc0cc0b029acd248fcdf4d4e,1,42,78c4c36e395db01cb979fbf4dbc1b03217bff1b8fc0cc0b029acd248fcdf4d4e,True,242c63f6e9002c22ef71b6a06eff829427095d749a3aec02fba2cbf052fe1b6f,64,64
True,fb2c80d3a9a50df6e5f9ba611c62fb748f1be710e11b5651970f94ebf729ab10,"[""af121b3272024c76084af7f928c6d3a996125ee79624351c439bbdda6c52828b"", ""f091b8c6925e11c04008b367aed126c2987eaf8d776050a0e33368b446b836c1"", ""877c48b8216adb121750a561c12c2cfb9567aed4730425708170722e680c1607"", ""5d02aaab276fe9b647eb84534eadbcdbda645424784553b809e1e6236d9ad225"", ""8505d9fa86e63ae8005b078ed4860855542a5a0969e35c118b9c86afe8b1a5f2"", ""1bce8a7c44c385078f0a5e04dff3f3e1af9614df72bf51b0aeb9b5b8c88b5e0d"", ""065ddf735cbc5f47fbf5e753b6c14dbb4f5ab3dbe87b37235f33a081c4d1cd30"", ""d146e9ba17b3f5615c25f510c2d269472b4cb73d880522fb37fafa623c5022fd"", ""dc9fb89e19e5b5bb8b9c1e3ddcd25cc637f3e5e6b8c352d8f77cab01c5f65c22"", ""a6d5e42471e8b004aca01e8fe10bdff317c8d76a59773af28d1e130cc279376f""]",synthetic_p0.02,True,1024,5.421010862427522e-20,,synthetic_q1024_p020_confirmation_f019,64,544,480,method_specific_not_cross_ranked,gray,ldpc_formal_v2,64,7a61ce53d17eb721f1f7ead1b73d46792741cf9b82591734c084441e9eeacffe,synthetic_q1024_p020_confirmation_f019,3236a5daab15c160c83c96431c8834594f3ea7c428b72b531d9d8bcf1cfa9b1d,3583,confirmation,"[""r025"", ""r025"", ""r025"", ""r025"", ""r025"", ""r025"", ""r025"", ""r025"", ""r025"", ""r025""]",0.109375,0.3440000000409782,verified_success,0.02,13612,4d0da19e1d2aa1c3c33b97e8c9e3068599c3a9538dcac483fad473938805e592,1,42,4d0da19e1d2aa1c3c33b97e8c9e3068599c3a9538dcac483fad473938805e592,True,5ba5a7f45e9e708613cc0441ec2addeb2bcf2e110e9d73ce4771b066de8fd791,64,64
True,7bb476540b7d8ed0affbf7437aee0162de26ff69b4ae136d33790dd2d17b0034,"[""af121b3272024c76084af7f928c6d3a996125ee79624351c439bbdda6c52828b"", ""f091b8c6925e11c04008b367aed126c2987eaf8d776050a0e33368b446b836c1"", ""877c48b8216adb121750a561c12c2cfb9567aed4730425708170722e680c1607"", ""5d02aaab276fe9b647eb84534eadbcdbda645424784553b809e1e6236d9ad225"", ""8505d9fa86e63ae8005b078ed4860855542a5a0969e35c118b9c86afe8b1a5f2"", ""1bce8a7c44c385078f0a5e04dff3f3e1af9614df72bf51b0aeb9b5b8c88b5e0d"", ""065ddf735cbc5f47fbf5e753b6c14dbb4f5ab3dbe87b37235f33a081c4d1cd30"", ""d146e9ba17b3f5615c25f510c2d269472b4cb73d880522fb37fafa623c5022fd"", ""dc9fb89e19e5b5bb8b9c1e3ddcd25cc637f3e5e6b8c352d8f77cab01c5f65c22"", ""a6d5e42471e8b004aca01e8fe10bdff317c8d76a59773af28d1e130cc279376f""]",synthetic_p0.01,True,1024,5.421010862427522e-20,,synthetic_q1024_p010_confirmation_f013,64,544,480,method_specific_not_cross_ranked,gray,ldpc_formal_v2,64,7a61ce53d17eb721f1f7ead1b73d46792741cf9b82591734c084441e9eeacffe,synthetic_q1024_p010_confirmation_f013,3236a5daab15c160c83c96431c8834594f3ea7c428b72b531d9d8bcf1cfa9b1d,3583,confirmation,"[""r025"", ""r025"", ""r025"", ""r025"", ""r025"", ""r025"", ""r025"", ""r025"", ""r025"", ""r025""]",0.125,0.34399999992456287,verified_success,0.01,13612,d9a029c519a79d651d51fd8df5a4ff86f29f7d71551b93655048012503b08cad,1,42,d9a029c519a79d651d51fd8df5a4ff86f29f7d71551b93655048012503b08cad,True,f1a52d23fbe3948f05e626684723db47d8a6fc0dc762a13a295802a3de016ddd,64,64
True,fb2c80d3a9a50df6e5f9ba611c62fb748f1be710e11b5651970f94ebf729ab10,"[""af121b3272024c76084af7f928c6d3a996125ee79624351c439bbdda6c52828b"", ""f091b8c6925e11c04008b367aed126c2987eaf8d776050a0e33368b446b836c1"", ""877c48b8216adb121750a561c12c2cfb9567aed4730425708170722e680c1607"", ""5d02aaab276fe9b647eb84534eadbcdbda645424784553b809e1e6236d9ad225"", ""8505d9fa86e63ae8005b078ed4860855542a5a0969e35c118b9c86afe8b1a5f2"", ""1bce8a7c44c385078f0a5e04dff3f3e1af9614df72bf51b0aeb9b5b8c88b5e0d"", ""065ddf735cbc5f47fbf5e753b6c14dbb4f5ab3dbe87b37235f33a081c4d1cd30"", ""d146e9ba17b3f5615c25f510c2d269472b4cb73d880522fb37fafa623c5022fd"", ""dc9fb89e19e5b5bb8b9c1e3ddcd25cc637f3e5e6b8c352d8f77cab01c5f65c22"", ""a6d5e42471e8b004aca01e8fe10bdff317c8d76a59773af28d1e130cc279376f""]",synthetic_p0.02,True,1024,5.421010862427522e-20,toeplitz_mismatch,synthetic_q1024_p020_confirmation_f004,64,544,480,method_specific_not_cross_ranked,gray,ldpc_formal_v2,64,7a61ce53d17eb721f1f7ead1b73d46792741cf9b82591734c084441e9eeacffe,synthetic_q1024_p020_confirmation_f004,3236a5daab15c160c83c96431c8834594f3ea7c428b72b531d9d8bcf1cfa9b1d,3583,confirmation,"[""r025"", ""r025"", ""r025"", ""r025"", ""r025"", ""r025"", ""r025"", ""r025"", ""r025"", ""r025""]",0.265625,0.3440000000409782,verify_failed,0.02,13612,d6be3da335770caab12da36431a1b197d4ea7355d850399e78991dce23d63939,1,42,d6be3da335770caab12da36431a1b197d4ea7355d850399e78991dce23d63939,True,eeaa15ac67ebcd2f5b1ab5ed2a4d134a47b1ce9d105b3cc9388e8e1034fbac43,64,64
True,fb2c80d3a9a50df6e5f9ba611c62fb748f1be710e11b5651970f94ebf729ab10,"[""af121b3272024c76084af7f928c6d3a996125ee79624351c439bbdda6c52828b"", ""f091b8c6925e11c04008b367aed126c2987eaf8d776050a0e33368b446b836c1"", ""877c48b8216adb121750a561c12c2cfb9567aed4730425708170722e680c1607"", ""5d02aaab276fe9b647eb84534eadbcdbda645424784553b809e1e6236d9ad225"", ""8505d9fa86e63ae8005b078ed4860855542a5a0969e35c118b9c86afe8b1a5f2"", ""1bce8a7c44c385078f0a5e04dff3f3e1af9614df72bf51b0aeb9b5b8c88b5e0d"", ""065ddf735cbc5f47fbf5e753b6c14dbb4f5ab3dbe87b37235f33a081c4d1cd30"", ""d146e9ba17b3f5615c25f510c2d269472b4cb73d880522fb37fafa623c5022fd"", ""dc9fb89e19e5b5bb8b9c1e3ddcd25cc637f3e5e6b8c352d8f77cab01c5f65c22"", ""a6d5e42471e8b004aca01e8fe10bdff317c8d76a59773af28d1e130cc279376f""]",synthetic_p0.02,True,1024,5.421010862427522e-20,,synthetic_q1024_p020_confirmation_f022,64,544,480,method_specific_not_cross_ranked,gray,ldpc_formal_v2,64,7a61ce53d17eb721f1f7ead1b73d46792741cf9b82591734c084441e9eeacffe,synthetic_q1024_p020_confirmation_f022,3236a5daab15c160c83c96431c8834594f3ea7c428b72b531d9d8bcf1cfa9b1d,3583,confirmation,"[""r025"", ""r025"", ""r025"", ""r025"", ""r025"", ""r025"", ""r025"", ""r025"", ""r025"", ""r025""]",0.125,0.34299999999348074,verified_success,0.02,13612,7166b1641dbf143af27a9dae8278f225d0080641b43d2e7ec2a7eb88f4488386,1,42,7166b1641dbf143af27a9dae8278f225d0080641b43d2e7ec2a7eb88f4488386,True,1cc8a70b597a738d8e0b388a7a04697bf7d6368962b142da22f495fbd7a0b61a,64,64
True,7bb476540b7d8ed0affbf7437aee0162de26ff69b4ae136d33790dd2d17b0034,"[""af121b3272024c76084af7f928c6d3a996125ee79624351c439bbdda6c52828b"", ""f091b8c6925e11c04008b367aed126c2987eaf8d776050a0e33368b446b836c1"", ""877c48b8216adb121750a561c12c2cfb9567aed4730425708170722e680c1607"", ""5d02aaab276fe9b647eb84534eadbcdbda645424784553b809e1e6236d9ad225"", ""8505d9fa86e63ae8005b078ed4860855542a5a0969e35c118b9c86afe8b1a5f2"", ""1bce8a7c44c385078f0a5e04dff3f3e1af9614df72bf51b0aeb9b5b8c88b5e0d"", ""065ddf735cbc5f47fbf5e753b6c14dbb4f5ab3dbe87b37235f33a081c4d1cd30"", ""d146e9ba17b3f5615c25f510c2d269472b4cb73d880522fb37fafa623c5022fd"", ""dc9fb89e19e5b5bb8b9c1e3ddcd25cc637f3e5e6b8c352d8f77cab01c5f65c22"", ""a6d5e42471e8b004aca01e8fe10bdff317c8d76a59773af28d1e130cc279376f""]",synthetic_p0.01,True,1024,5.421010862427522e-20,,synthetic_q1024_p010_confirmation_f030,64,544,480,method_specific_not_cross_ranked,gray,ldpc_formal_v2,64,7a61ce53d17eb721f1f7ead1b73d46792741cf9b82591734c084441e9eeacffe,synthetic_q1024_p010_confirmation_f030,3236a5daab15c160c83c96431c8834594f3ea7c428b72b531d9d8bcf1cfa9b1d,3583,confirmation,"[""r025"", ""r025"", ""r025"", ""r025"", ""r025"", ""r025"", ""r025"", ""r025"", ""r025"", ""r025""]",0.0625,0.35999999998603016,verified_success,0.01,13612,a6d0969e6129b3024a010fdd0183de79e9256b2b3aad2e27fc602254896351bb,1,42,a6d0969e6129b3024a010fdd0183de79e9256b2b3aad2e27fc602254896351bb,True,ee93dd1245187a3a9e49bf855ca0d9d0f0d8825d087a376a62aaae20d2d95d43,64,64
True,7bb476540b7d8ed0affbf7437aee0162de26ff69b4ae136d33790dd2d17b0034,"[""af121b3272024c76084af7f928c6d3a996125ee79624351c439bbdda6c52828b"", ""f091b8c6925e11c04008b367aed126c2987eaf8d776050a0e33368b446b836c1"", ""877c48b8216adb121750a561c12c2cfb9567aed4730425708170722e680c1607"", ""5d02aaab276fe9b647eb84534eadbcdbda645424784553b809e1e6236d9ad225"", ""8505d9fa86e63ae8005b078ed4860855542a5a0969e35c118b9c86afe8b1a5f2"", ""1bce8a7c44c385078f0a5e04dff3f3e1af9614df72bf51b0aeb9b5b8c88b5e0d"", ""065ddf735cbc5f47fbf5e753b6c14dbb4f5ab3dbe87b37235f33a081c4d1cd30"", ""d146e9ba17b3f5615c25f510c2d269472b4cb73d880522fb37fafa623c5022fd"", ""dc9fb89e19e5b5bb8b9c1e3ddcd25cc637f3e5e6b8c352d8f77cab01c5f65c22"", ""a6d5e42471e8b004aca01e8fe10bdff317c8d76a59773af28d1e130cc279376f""]",synthetic_p0.01,True,1024,5.421010862427522e-20,,synthetic_q1024_p010_confirmation_f021,64,544,480,method_specific_not_cross_ranked,gray,ldpc_formal_v2,64,7a61ce53d17eb721f1f7ead1b73d46792741cf9b82591734c084441e9eeacffe,synthetic_q1024_p010_confirmation_f021,3236a5daab15c160c83c96431c8834594f3ea7c428b72b531d9d8bcf1cfa9b1d,3583,confirmation,"[""r025"", ""r025"", ""r025"", ""r025"", ""r025"", ""r025"", ""r025"", ""r025"", ""r025"", ""r025""]",0.203125,0.3279999999795109,verified_success,0.01,13612,9b030ad01ef48e0d9ff6adaa422219837deaf266720156d60f9325cddd489534,1,42,9b030ad01ef48e0d9ff6adaa422219837deaf266720156d60f9325cddd489534,True,3b0f54f518551a96aa2be43d463d7a0baaf8aeb7dc5a32a0b1f5a490df3a7cb1,64,64
True,7bb476540b7d8ed0affbf7437aee0162de26ff69b4ae136d33790dd2d17b0034,"[""af121b3272024c76084af7f928c6d3a996125ee79624351c439bbdda6c52828b"", ""f091b8c6925e11c04008b367aed126c2987eaf8d776050a0e33368b446b836c1"", ""877c48b8216adb121750a561c12c2cfb9567aed4730425708170722e680c1607"", ""5d02aaab276fe9b647eb84534eadbcdbda645424784553b809e1e6236d9ad225"", ""8505d9fa86e63ae8005b078ed4860855542a5a0969e35c118b9c86afe8b1a5f2"", ""1bce8a7c44c385078f0a5e04dff3f3e1af9614df72bf51b0aeb9b5b8c88b5e0d"", ""065ddf735cbc5f47fbf5e753b6c14dbb4f5ab3dbe87b37235f33a081c4d1cd30"", ""d146e9ba17b3f5615c25f510c2d269472b4cb73d880522fb37fafa623c5022fd"", ""dc9fb89e19e5b5bb8b9c1e3ddcd25cc637f3e5e6b8c352d8f77cab01c5f65c22"", ""a6d5e42471e8b004aca01e8fe10bdff317c8d76a59773af28d1e130cc279376f""]",synthetic_p0.01,True,1024,5.421010862427522e-20,,synthetic_q1024_p010_confirmation_f019,64,544,480,method_specific_not_cross_ranked,gray,ldpc_formal_v2,64,7a61ce53d17eb721f1f7ead1b73d46792741cf9b82591734c084441e9eeacffe,synthetic_q1024_p010_confirmation_f019,3236a5daab15c160c83c96431c8834594f3ea7c428b72b531d9d8bcf1cfa9b1d,3583,confirmation,"[""r025"", ""r025"", ""r025"", ""r025"", ""r025"", ""r025"", ""r025"", ""r025"", ""r025"", ""r025""]",0.078125,0.3440000000409782,verified_success,0.01,13612,2187ebd0744d5acb322a36b108b8667e169621f24058330a1cea1bc8a0d32189,1,42,2187ebd0744d5acb322a36b108b8667e169621f24058330a1cea1bc8a0d32189,True,2d67baec780a22c2c0a071a73c5318baed7b34b788600d05cd42b7ae39b4f49d,64,64
True,7bb476540b7d8ed0affbf7437aee0162de26ff69b4ae136d33790dd2d17b0034,"[""af121b3272024c76084af7f928c6d3a996125ee79624351c439bbdda6c52828b"", ""f091b8c6925e11c04008b367aed126c2987eaf8d776050a0e33368b446b836c1"", ""877c48b8216adb121750a561c12c2cfb9567aed4730425708170722e680c1607"", ""5d02aaab276fe9b647eb84534eadbcdbda645424784553b809e1e6236d9ad225"", ""8505d9fa86e63ae8005b078ed4860855542a5a0969e35c118b9c86afe8b1a5f2"", ""1bce8a7c44c385078f0a5e04dff3f3e1af9614df72bf51b0aeb9b5b8c88b5e0d"", ""065ddf735cbc5f47fbf5e753b6c14dbb4f5ab3dbe87b37235f33a081c4d1cd30"", ""d146e9ba17b3f5615c25f510c2d269472b4cb73d880522fb37fafa623c5022fd"", ""dc9fb89e19e5b5bb8b9c1e3ddcd25cc637f3e5e6b8c352d8f77cab01c5f65c22"", ""a6d5e42471e8b004aca01e8fe10bdff317c8d76a59773af28d1e130cc279376f""]",synthetic_p0.01,True,1024,5.421010862427522e-20,,synthetic_q1024_p010_confirmation_f010,64,544,480,method_specific_not_cross_ranked,gray,ldpc_formal_v2,64,7a61ce53d17eb721f1f7ead1b73d46792741cf9b82591734c084441e9eeacffe,synthetic_q1024_p010_confirmation_f010,3236a5daab15c160c83c96431c8834594f3ea7c428b72b531d9d8bcf1cfa9b1d,3583,confirmation,"[""r025"", ""r025"", ""r025"", ""r025"", ""r025"", ""r025"", ""r025"", ""r025"", ""r025"", ""r025""]",0.109375,0.3279999999795109,verified_success,0.01,13612,338283e24a1941d05765d88c91813177d639547bca2347293e0e1a36aa034e7d,1,42,338283e24a1941d05765d88c91813177d639547bca2347293e0e1a36aa034e7d,True,366b143824682a91bd6172ab6fbbf2bb004612843aaa6eea2ad4008c4f2ce43e,64,64
True,7bb476540b7d8ed0affbf7437aee0162de26ff69b4ae136d33790dd2d17b0034,"[""af121b3272024c76084af7f928c6d3a996125ee79624351c439bbdda6c52828b"", ""f091b8c6925e11c04008b367aed126c2987eaf8d776050a0e33368b446b836c1"", ""877c48b8216adb121750a561c12c2cfb9567aed4730425708170722e680c1607"", ""5d02aaab276fe9b647eb84534eadbcdbda645424784553b809e1e6236d9ad225"", ""8505d9fa86e63ae8005b078ed4860855542a5a0969e35c118b9c86afe8b1a5f2"", ""1bce8a7c44c385078f0a5e04dff3f3e1af9614df72bf51b0aeb9b5b8c88b5e0d"", ""065ddf735cbc5f47fbf5e753b6c14dbb4f5ab3dbe87b37235f33a081c4d1cd30"", ""d146e9ba17b3f5615c25f510c2d269472b4cb73d880522fb37fafa623c5022fd"", ""dc9fb89e19e5b5bb8b9c1e3ddcd25cc637f3e5e6b8c352d8f77cab01c5f65c22"", ""a6d5e42471e8b004aca01e8fe10bdff317c8d76a59773af28d1e130cc279376f""]",synthetic_p0.01,True,1024,5.421010862427522e-20,,synthetic_q1024_p010_confirmation_f024,64,544,480,method_specific_not_cross_ranked,gray,ldpc_formal_v2,64,7a61ce53d17eb721f1f7ead1b73d46792741cf9b82591734c084441e9eeacffe,synthetic_q1024_p010_confirmation_f024,3236a5daab15c160c83c96431c8834594f3ea7c428b72b531d9d8bcf1cfa9b1d,3583,confirmation,"[""r025"", ""r025"", ""r025"", ""r025"", ""r025"", ""r025"", ""r025"", ""r025"", ""r025"", ""r025""]",0.078125,0.34299999999348074,verified_success,0.01,13612,5c5b98fe440c5b0ecf37ff1d5876d25d4d258ecdbf5e12f021713b4aeabb34d8,1,42,5c5b98fe440c5b0ecf37ff1d5876d25d4d258ecdbf5e12f021713b4aeabb34d8,True,010392497eeb7f234e748058b71d0a875717b59a88548153afa4d390876cc1dd,64,64
True,fb2c80d3a9a50df6e5f9ba611c62fb748f1be710e11b5651970f94ebf729ab10,"[""af121b3272024c76084af7f928c6d3a996125ee79624351c439bbdda6c52828b"", ""f091b8c6925e11c04008b367aed126c2987eaf8d776050a0e33368b446b836c1"", ""877c48b8216adb121750a561c12c2cfb9567aed4730425708170722e680c1607"", ""5d02aaab276fe9b647eb84534eadbcdbda645424784553b809e1e6236d9ad225"", ""8505d9fa86e63ae8005b078ed4860855542a5a0969e35c118b9c86afe8b1a5f2"", ""1bce8a7c44c385078f0a5e04dff3f3e1af9614df72bf51b0aeb9b5b8c88b5e0d"", ""065ddf735cbc5f47fbf5e753b6c14dbb4f5ab3dbe87b37235f33a081c4d1cd30"", ""d146e9ba17b3f5615c25f510c2d269472b4cb73d880522fb37fafa623c5022fd"", ""dc9fb89e19e5b5bb8b9c1e3ddcd25cc637f3e5e6b8c352d8f77cab01c5f65c22"", ""a6d5e42471e8b004aca01e8fe10bdff317c8d76a59773af28d1e130cc279376f""]",synthetic_p0.02,True,1024,5.421010862427522e-20,toeplitz_mismatch,synthetic_q1024_p020_confirmation_f002,64,544,480,method_specific_not_cross_ranked,gray,ldpc_formal_v2,64,7a61ce53d17eb721f1f7ead1b73d46792741cf9b82591734c084441e9eeacffe,synthetic_q1024_p020_confirmation_f002,3236a5daab15c160c83c96431c8834594f3ea7c428b72b531d9d8bcf1cfa9b1d,3583,confirmation,"[""r025"", ""r025"", ""r025"", ""r025"", ""r025"", ""r025"", ""r025"", ""r025"", ""r025"", ""r025""]",0.171875,0.3440000000409782,verify_failed,0.02,13612,4d2eac5200ca8cdebcef9ae1ae99748f5f15cf85c38034ae13af4e12f86d399e,1,42,4d2eac5200ca8cdebcef9ae1ae99748f5f15cf85c38034ae13af4e12f86d399e,True,a62dffb6d18a1bc13cd1eae78822995d2cda6d1503ad51d17fb73882e98bbde9,64,64
True,fb2c80d3a9a50df6e5f9ba611c62fb748f1be710e11b5651970f94ebf729ab10,"[""af121b3272024c76084af7f928c6d3a996125ee79624351c439bbdda6c52828b"", ""f091b8c6925e11c04008b367aed126c2987eaf8d776050a0e33368b446b836c1"", ""877c48b8216adb121750a561c12c2cfb9567aed4730425708170722e680c1607"", ""5d02aaab276fe9b647eb84534eadbcdbda645424784553b809e1e6236d9ad225"", ""8505d9fa86e63ae8005b078ed4860855542a5a0969e35c118b9c86afe8b1a5f2"", ""1bce8a7c44c385078f0a5e04dff3f3e1af9614df72bf51b0aeb9b5b8c88b5e0d"", ""065ddf735cbc5f47fbf5e753b6c14dbb4f5ab3dbe87b37235f33a081c4d1cd30"", ""d146e9ba17b3f5615c25f510c2d269472b4cb73d880522fb37fafa623c5022fd"", ""dc9fb89e19e5b5bb8b9c1e3ddcd25cc637f3e5e6b8c352d8f77cab01c5f65c22"", ""a6d5e42471e8b004aca01e8fe10bdff317c8d76a59773af28d1e130cc279376f""]",synthetic_p0.02,True,1024,5.421010862427522e-20,,synthetic_q1024_p020_confirmation_f015,64,544,480,method_specific_not_cross_ranked,gray,ldpc_formal_v2,64,7a61ce53d17eb721f1f7ead1b73d46792741cf9b82591734c084441e9eeacffe,synthetic_q1024_p020_confirmation_f015,3236a5daab15c160c83c96431c8834594f3ea7c428b72b531d9d8bcf1cfa9b1d,3583,confirmation,"[""r025"", ""r025"", ""r025"", ""r025"", ""r025"", ""r025"", ""r025"", ""r025"", ""r025"", ""r025""]",0.265625,0.3440000000409782,verified_success,0.02,13612,e3af6e76c0aca99b196f5bd7cb45b5d1def2b2d29ec5c434f05b156a0b1a17f2,1,42,e3af6e76c0aca99b196f5bd7cb45b5d1def2b2d29ec5c434f05b156a0b1a17f2,True,f9a11de774ed8acecad05f292451ab9c7396419457991e8c5c65d94608598485,64,64
True,fb2c80d3a9a50df6e5f9ba611c62fb748f1be710e11b5651970f94ebf729ab10,"[""af121b3272024c76084af7f928c6d3a996125ee79624351c439bbdda6c52828b"", ""f091b8c6925e11c04008b367aed126c2987eaf8d776050a0e33368b446b836c1"", ""877c48b8216adb121750a561c12c2cfb9567aed4730425708170722e680c1607"", ""5d02aaab276fe9b647eb84534eadbcdbda645424784553b809e1e6236d9ad225"", ""8505d9fa86e63ae8005b078ed4860855542a5a0969e35c118b9c86afe8b1a5f2"", ""1bce8a7c44c385078f0a5e04dff3f3e1af9614df72bf51b0aeb9b5b8c88b5e0d"", ""065ddf735cbc5f47fbf5e753b6c14dbb4f5ab3dbe87b37235f33a081c4d1cd30"", ""d146e9ba17b3f5615c25f510c2d269472b4cb73d880522fb37fafa623c5022fd"", ""dc9fb89e19e5b5bb8b9c1e3ddcd25cc637f3e5e6b8c352d8f77cab01c5f65c22"", ""a6d5e42471e8b004aca01e8fe10bdff317c8d76a59773af28d1e130cc279376f""]",synthetic_p0.02,True,1024,5.421010862427522e-20,,synthetic_q1024_p020_confirmation_f028,64,544,480,method_specific_not_cross_ranked,gray,ldpc_formal_v2,64,7a61ce53d17eb721f1f7ead1b73d46792741cf9b82591734c084441e9eeacffe,synthetic_q1024_p020_confirmation_f028,3236a5daab15c160c83c96431c8834594f3ea7c428b72b531d9d8bcf1cfa9b1d,3583,confirmation,"[""r025"", ""r025"", ""r025"", ""r025"", ""r025"", ""r025"", ""r025"", ""r025"", ""r025"", ""r025""]",0.15625,0.3279999999795109,verified_success,0.02,13612,fd851f9873d5e4d1aaaab790b1f050728261dca7550481ff982315ebe43cb000,1,42,fd851f9873d5e4d1aaaab790b1f050728261dca7550481ff982315ebe43cb000,True,d1f205642ed52e155316c573a6b6bcfd59a7287290bc5b1d7b0e34f771d6857f,64,64
True,7bb476540b7d8ed0affbf7437aee0162de26ff69b4ae136d33790dd2d17b0034,"[""af121b3272024c76084af7f928c6d3a996125ee79624351c439bbdda6c52828b"", ""f091b8c6925e11c04008b367aed126c2987eaf8d776050a0e33368b446b836c1"", ""877c48b8216adb121750a561c12c2cfb9567aed4730425708170722e680c1607"", ""5d02aaab276fe9b647eb84534eadbcdbda645424784553b809e1e6236d9ad225"", ""8505d9fa86e63ae8005b078ed4860855542a5a0969e35c118b9c86afe8b1a5f2"", ""1bce8a7c44c385078f0a5e04dff3f3e1af9614df72bf51b0aeb9b5b8c88b5e0d"", ""065ddf735cbc5f47fbf5e753b6c14dbb4f5ab3dbe87b37235f33a081c4d1cd30"", ""d146e9ba17b3f5615c25f510c2d269472b4cb73d880522fb37fafa623c5022fd"", ""dc9fb89e19e5b5bb8b9c1e3ddcd25cc637f3e5e6b8c352d8f77cab01c5f65c22"", ""a6d5e42471e8b004aca01e8fe10bdff317c8d76a59773af28d1e130cc279376f""]",synthetic_p0.01,True,1024,5.421010862427522e-20,,synthetic_q1024_p010_confirmation_f005,64,544,480,method_specific_not_cross_ranked,gray,ldpc_formal_v2,64,7a61ce53d17eb721f1f7ead1b73d46792741cf9b82591734c084441e9eeacffe,synthetic_q1024_p010_confirmation_f005,3236a5daab15c160c83c96431c8834594f3ea7c428b72b531d9d8bcf1cfa9b1d,3583,confirmation,"[""r025"", ""r025"", ""r025"", ""r025"", ""r025"", ""r025"", ""r025"", ""r025"", ""r025"", ""r025""]",0.09375,0.34399999992456287,verified_success,0.01,13612,faf0b4d0d54b6527f2bf28414a117561ed0d50ec26dd3fd6bdf651938188daff,1,42,faf0b4d0d54b6527f2bf28414a117561ed0d50ec26dd3fd6bdf651938188daff,True,a53806b77f4071f2936bc70de4396eafba7bb2feec1e0941930ac58113b42219,64,64
True,fb2c80d3a9a50df6e5f9ba611c62fb748f1be710e11b5651970f94ebf729ab10,"[""af121b3272024c76084af7f928c6d3a996125ee79624351c439bbdda6c52828b"", ""f091b8c6925e11c04008b367aed126c2987eaf8d776050a0e33368b446b836c1"", ""877c48b8216adb121750a561c12c2cfb9567aed4730425708170722e680c1607"", ""5d02aaab276fe9b647eb84534eadbcdbda645424784553b809e1e6236d9ad225"", ""8505d9fa86e63ae8005b078ed4860855542a5a0969e35c118b9c86afe8b1a5f2"", ""1bce8a7c44c385078f0a5e04dff3f3e1af9614df72bf51b0aeb9b5b8c88b5e0d"", ""065ddf735cbc5f47fbf5e753b6c14dbb4f5ab3dbe87b37235f33a081c4d1cd30"", ""d146e9ba17b3f5615c25f510c2d269472b4cb73d880522fb37fafa623c5022fd"", ""dc9fb89e19e5b5bb8b9c1e3ddcd25cc637f3e5e6b8c352d8f77cab01c5f65c22"", ""a6d5e42471e8b004aca01e8fe10bdff317c8d76a59773af28d1e130cc279376f""]",synthetic_p0.02,True,1024,5.421010862427522e-20,toeplitz_mismatch,synthetic_q1024_p020_confirmation_f014,64,544,480,method_specific_not_cross_ranked,gray,ldpc_formal_v2,64,7a61ce53d17eb721f1f7ead1b73d46792741cf9b82591734c084441e9eeacffe,synthetic_q1024_p020_confirmation_f014,3236a5daab15c160c83c96431c8834594f3ea7c428b72b531d9d8bcf1cfa9b1d,3583,confirmation,"[""r025"", ""r025"", ""r025"", ""r025"", ""r025"", ""r025"", ""r025"", ""r025"", ""r025"", ""r025""]",0.171875,0.3280000000959262,verify_failed,0.02,13612,63ebbb029864609f78d1ca49ac0921e83710c4493c6a09d53605fc35f458d752,1,42,63ebbb029864609f78d1ca49ac0921e83710c4493c6a09d53605fc35f458d752,True,32f4e07465ec753bbded8e784cacf8d28cf7e410f3202c16bf88061ec26d3d18,64,64
True,7bb476540b7d8ed0affbf7437aee0162de26ff69b4ae136d33790dd2d17b0034,"[""af121b3272024c76084af7f928c6d3a996125ee79624351c439bbdda6c52828b"", ""f091b8c6925e11c04008b367aed126c2987eaf8d776050a0e33368b446b836c1"", ""877c48b8216adb121750a561c12c2cfb9567aed4730425708170722e680c1607"", ""5d02aaab276fe9b647eb84534eadbcdbda645424784553b809e1e6236d9ad225"", ""8505d9fa86e63ae8005b078ed4860855542a5a0969e35c118b9c86afe8b1a5f2"", ""1bce8a7c44c385078f0a5e04dff3f3e1af9614df72bf51b0aeb9b5b8c88b5e0d"", ""065ddf735cbc5f47fbf5e753b6c14dbb4f5ab3dbe87b37235f33a081c4d1cd30"", ""d146e9ba17b3f5615c25f510c2d269472b4cb73d880522fb37fafa623c5022fd"", ""dc9fb89e19e5b5bb8b9c1e3ddcd25cc637f3e5e6b8c352d8f77cab01c5f65c22"", ""a6d5e42471e8b004aca01e8fe10bdff317c8d76a59773af28d1e130cc279376f""]",synthetic_p0.01,True,1024,5.421010862427522e-20,,synthetic_q1024_p010_confirmation_f000,64,544,480,method_specific_not_cross_ranked,gray,ldpc_formal_v2,64,7a61ce53d17eb721f1f7ead1b73d46792741cf9b82591734c084441e9eeacffe,synthetic_q1024_p010_confirmation_f000,3236a5daab15c160c83c96431c8834594f3ea7c428b72b531d9d8bcf1cfa9b1d,3583,confirmation,"[""r025"", ""r025"", ""r025"", ""r025"", ""r025"", ""r025"", ""r025"", ""r025"", ""r025"", ""r025""]",0.078125,0.34399999992456287,verified_success,0.01,13612,2ebb9269c1a9cbf6b53b00102284c4fe2aee60dac99bd3f0fe3eb7ad1dfe740d,1,42,2ebb9269c1a9cbf6b53b00102284c4fe2aee60dac99bd3f0fe3eb7ad1dfe740d,True,905806d5636e568a29e5509155f9c0e70b6fb7b2780f4e3b332364277d519805,64,64
True,7bb476540b7d8ed0affbf7437aee0162de26ff69b4ae136d33790dd2d17b0034,"[""af121b3272024c76084af7f928c6d3a996125ee79624351c439bbdda6c52828b"", ""f091b8c6925e11c04008b367aed126c2987eaf8d776050a0e33368b446b836c1"", ""877c48b8216adb121750a561c12c2cfb9567aed4730425708170722e680c1607"", ""5d02aaab276fe9b647eb84534eadbcdbda645424784553b809e1e6236d9ad225"", ""8505d9fa86e63ae8005b078ed4860855542a5a0969e35c118b9c86afe8b1a5f2"", ""1bce8a7c44c385078f0a5e04dff3f3e1af9614df72bf51b0aeb9b5b8c88b5e0d"", ""065ddf735cbc5f47fbf5e753b6c14dbb4f5ab3dbe87b37235f33a081c4d1cd30"", ""d146e9ba17b3f5615c25f510c2d269472b4cb73d880522fb37fafa623c5022fd"", ""dc9fb89e19e5b5bb8b9c1e3ddcd25cc637f3e5e6b8c352d8f77cab01c5f65c22"", ""a6d5e42471e8b004aca01e8fe10bdff317c8d76a59773af28d1e130cc279376f""]",synthetic_p0.01,True,1024,5.421010862427522e-20,toeplitz_mismatch,synthetic_q1024_p010_confirmation_f016,64,544,480,method_specific_not_cross_ranked,gray,ldpc_formal_v2,64,7a61ce53d17eb721f1f7ead1b73d46792741cf9b82591734c084441e9eeacffe,synthetic_q1024_p010_confirmation_f016,3236a5daab15c160c83c96431c8834594f3ea7c428b72b531d9d8bcf1cfa9b1d,3583,confirmation,"[""r025"", ""r025"", ""r025"", ""r025"", ""r025"", ""r025"", ""r025"", ""r025"", ""r025"", ""r025""]",0.140625,0.3279999999795109,verify_failed,0.01,13612,3d613d345a65682a647622358b5121d4560c655fe2c20faebc8f091854eda672,1,42,3d613d345a65682a647622358b5121d4560c655fe2c20faebc8f091854eda672,True,a2920fa082cd271c66c44b8bdf77e551f5b15171b74dba7fb20fd4226918925c,64,64
True,fb2c80d3a9a50df6e5f9ba611c62fb748f1be710e11b5651970f94ebf729ab10,"[""af121b3272024c76084af7f928c6d3a996125ee79624351c439bbdda6c52828b"", ""f091b8c6925e11c04008b367aed126c2987eaf8d776050a0e33368b446b836c1"", ""877c48b8216adb121750a561c12c2cfb9567aed4730425708170722e680c1607"", ""5d02aaab276fe9b647eb84534eadbcdbda645424784553b809e1e6236d9ad225"", ""8505d9fa86e63ae8005b078ed4860855542a5a0969e35c118b9c86afe8b1a5f2"", ""1bce8a7c44c385078f0a5e04dff3f3e1af9614df72bf51b0aeb9b5b8c88b5e0d"", ""065ddf735cbc5f47fbf5e753b6c14dbb4f5ab3dbe87b37235f33a081c4d1cd30"", ""d146e9ba17b3f5615c25f510c2d269472b4cb73d880522fb37fafa623c5022fd"", ""dc9fb89e19e5b5bb8b9c1e3ddcd25cc637f3e5e6b8c352d8f77cab01c5f65c22"", ""a6d5e42471e8b004aca01e8fe10bdff317c8d76a59773af28d1e130cc279376f""]",synthetic_p0.02,True,1024,5.421010862427522e-20,,synthetic_q1024_p020_confirmation_f017,64,544,480,method_specific_not_cross_ranked,gray,ldpc_formal_v2,64,7a61ce53d17eb721f1f7ead1b73d46792741cf9b82591734c084441e9eeacffe,synthetic_q1024_p020_confirmation_f017,3236a5daab15c160c83c96431c8834594f3ea7c428b72b531d9d8bcf1cfa9b1d,3583,confirmation,"[""r025"", ""r025"", ""r025"", ""r025"", ""r025"", ""r025"", ""r025"", ""r025"", ""r025"", ""r025""]",0.15625,0.3440000000409782,verified_success,0.02,13612,fedd7c3e9a218fa420146db408c53efdfad1c377de289606a48f77317c646980,1,42,fedd7c3e9a218fa420146db408c53efdfad1c377de289606a48f77317c646980,True,3e0bdf065cb782f02b9e7b2a64adea43e070642605ccd10162d56359cf164dc7,64,64
True,7bb476540b7d8ed0affbf7437aee0162de26ff69b4ae136d33790dd2d17b0034,"[""af121b3272024c76084af7f928c6d3a996125ee79624351c439bbdda6c52828b"", ""f091b8c6925e11c04008b367aed126c2987eaf8d776050a0e33368b446b836c1"", ""877c48b8216adb121750a561c12c2cfb9567aed4730425708170722e680c1607"", ""5d02aaab276fe9b647eb84534eadbcdbda645424784553b809e1e6236d9ad225"", ""8505d9fa86e63ae8005b078ed4860855542a5a0969e35c118b9c86afe8b1a5f2"", ""1bce8a7c44c385078f0a5e04dff3f3e1af9614df72bf51b0aeb9b5b8c88b5e0d"", ""065ddf735cbc5f47fbf5e753b6c14dbb4f5ab3dbe87b37235f33a081c4d1cd30"", ""d146e9ba17b3f5615c25f510c2d269472b4cb73d880522fb37fafa623c5022fd"", ""dc9fb89e19e5b5bb8b9c1e3ddcd25cc637f3e5e6b8c352d8f77cab01c5f65c22"", ""a6d5e42471e8b004aca01e8fe10bdff317c8d76a59773af28d1e130cc279376f""]",synthetic_p0.01,True,1024,5.421010862427522e-20,toeplitz_mismatch,synthetic_q1024_p010_confirmation_f003,64,544,480,method_specific_not_cross_ranked,gray,ldpc_formal_v2,64,7a61ce53d17eb721f1f7ead1b73d46792741cf9b82591734c084441e9eeacffe,synthetic_q1024_p010_confirmation_f003,3236a5daab15c160c83c96431c8834594f3ea7c428b72b531d9d8bcf1cfa9b1d,3583,confirmation,"[""r025"", ""r025"", ""r025"", ""r025"", ""r025"", ""r025"", ""r025"", ""r025"", ""r025"", ""r025""]",0.078125,0.34299999999348074,verify_failed,0.01,13612,75da8dddefeefa6968922e81931e5d53e0781eecc0d27be52203558c2ac61206,1,42,75da8dddefeefa6968922e81931e5d53e0781eecc0d27be52203558c2ac61206,True,e6faf7e69e7875f2ed5b4708f2e246846fa3db8bdf45f49cc8a9aa03862648ab,64,64
True,fb2c80d3a9a50df6e5f9ba611c62fb748f1be710e11b5651970f94ebf729ab10,"[""af121b3272024c76084af7f928c6d3a996125ee79624351c439bbdda6c52828b"", ""f091b8c6925e11c04008b367aed126c2987eaf8d776050a0e33368b446b836c1"", ""877c48b8216adb121750a561c12c2cfb9567aed4730425708170722e680c1607"", ""5d02aaab276fe9b647eb84534eadbcdbda645424784553b809e1e6236d9ad225"", ""8505d9fa86e63ae8005b078ed4860855542a5a0969e35c118b9c86afe8b1a5f2"", ""1bce8a7c44c385078f0a5e04dff3f3e1af9614df72bf51b0aeb9b5b8c88b5e0d"", ""065ddf735cbc5f47fbf5e753b6c14dbb4f5ab3dbe87b37235f33a081c4d1cd30"", ""d146e9ba17b3f5615c25f510c2d269472b4cb73d880522fb37fafa623c5022fd"", ""dc9fb89e19e5b5bb8b9c1e3ddcd25cc637f3e5e6b8c352d8f77cab01c5f65c22"", ""a6d5e42471e8b004aca01e8fe10bdff317c8d76a59773af28d1e130cc279376f""]",synthetic_p0.02,True,1024,5.421010862427522e-20,,synthetic_q1024_p020_confirmation_f012,64,544,480,method_specific_not_cross_ranked,gray,ldpc_formal_v2,64,7a61ce53d17eb721f1f7ead1b73d46792741cf9b82591734c084441e9eeacffe,synthetic_q1024_p020_confirmation_f012,3236a5daab15c160c83c96431c8834594f3ea7c428b72b531d9d8bcf1cfa9b1d,3583,confirmation,"[""r025"", ""r025"", ""r025"", ""r025"", ""r025"", ""r025"", ""r025"", ""r025"", ""r025"", ""r025""]",0.203125,0.3440000000409782,verified_success,0.02,13612,65775490b1e0878dfff708147177f146924c4a427732b0c09040e11404492023,1,42,65775490b1e0878dfff708147177f146924c4a427732b0c09040e11404492023,True,6d2da05e1558b51e7da57b636500c12a5572057a21b72f7ab68d8bbbcb645cd3,64,64
True,7bb476540b7d8ed0affbf7437aee0162de26ff69b4ae136d33790dd2d17b0034,"[""af121b3272024c76084af7f928c6d3a996125ee79624351c439bbdda6c52828b"", ""f091b8c6925e11c04008b367aed126c2987eaf8d776050a0e33368b446b836c1"", ""877c48b8216adb121750a561c12c2cfb9567aed4730425708170722e680c1607"", ""5d02aaab276fe9b647eb84534eadbcdbda645424784553b809e1e6236d9ad225"", ""8505d9fa86e63ae8005b078ed4860855542a5a0969e35c118b9c86afe8b1a5f2"", ""1bce8a7c44c385078f0a5e04dff3f3e1af9614df72bf51b0aeb9b5b8c88b5e0d"", ""065ddf735cbc5f47fbf5e753b6c14dbb4f5ab3dbe87b37235f33a081c4d1cd30"", ""d146e9ba17b3f5615c25f510c2d269472b4cb73d880522fb37fafa623c5022fd"", ""dc9fb89e19e5b5bb8b9c1e3ddcd25cc637f3e5e6b8c352d8f77cab01c5f65c22"", ""a6d5e42471e8b004aca01e8fe10bdff317c8d76a59773af28d1e130cc279376f""]",synthetic_p0.01,True,1024,5.421010862427522e-20,,synthetic_q1024_p010_confirmation_f029,64,544,480,method_specific_not_cross_ranked,gray,ldpc_formal_v2,64,7a61ce53d17eb721f1f7ead1b73d46792741cf9b82591734c084441e9eeacffe,synthetic_q1024_p010_confirmation_f029,3236a5daab15c160c83c96431c8834594f3ea7c428b72b531d9d8bcf1cfa9b1d,3583,confirmation,"[""r025"", ""r025"", ""r025"", ""r025"", ""r025"", ""r025"", ""r025"", ""r025"", ""r025"", ""r025""]",0.109375,0.375,verified_success,0.01,13612,8c4898476fcd311656ae7d66279a939c5e610b271dc5d07504576f119e2353df,1,42,8c4898476fcd311656ae7d66279a939c5e610b271dc5d07504576f119e2353df,True,795065ddebc347954341090dd67bf3efaaa69334fb301931e4e937a7e6816e93,64,64
True,fb2c80d3a9a50df6e5f9ba611c62fb748f1be710e11b5651970f94ebf729ab10,"[""af121b3272024c76084af7f928c6d3a996125ee79624351c439bbdda6c52828b"", ""f091b8c6925e11c04008b367aed126c2987eaf8d776050a0e33368b446b836c1"", ""877c48b8216adb121750a561c12c2cfb9567aed4730425708170722e680c1607"", ""5d02aaab276fe9b647eb84534eadbcdbda645424784553b809e1e6236d9ad225"", ""8505d9fa86e63ae8005b078ed4860855542a5a0969e35c118b9c86afe8b1a5f2"", ""1bce8a7c44c385078f0a5e04dff3f3e1af9614df72bf51b0aeb9b5b8c88b5e0d"", ""065ddf735cbc5f47fbf5e753b6c14dbb4f5ab3dbe87b37235f33a081c4d1cd30"", ""d146e9ba17b3f5615c25f510c2d269472b4cb73d880522fb37fafa623c5022fd"", ""dc9fb89e19e5b5bb8b9c1e3ddcd25cc637f3e5e6b8c352d8f77cab01c5f65c22"", ""a6d5e42471e8b004aca01e8fe10bdff317c8d76a59773af28d1e130cc279376f""]",synthetic_p0.02,True,1024,5.421010862427522e-20,,synthetic_q1024_p020_confirmation_f016,64,544,480,method_specific_not_cross_ranked,gray,ldpc_formal_v2,64,7a61ce53d17eb721f1f7ead1b73d46792741cf9b82591734c084441e9eeacffe,synthetic_q1024_p020_confirmation_f016,3236a5daab15c160c83c96431c8834594f3ea7c428b72b531d9d8bcf1cfa9b1d,3583,confirmation,"[""r025"", ""r025"", ""r025"", ""r025"", ""r025"", ""r025"", ""r025"", ""r025"", ""r025"", ""r025""]",0.203125,0.34399999992456287,verified_success,0.02,13612,3659fb305df66c6cb322b3dd4fb23b128335d49a8a79b137fcbc2061c7a2ff92,1,42,3659fb305df66c6cb322b3dd4fb23b128335d49a8a79b137fcbc2061c7a2ff92,True,f39344f4d5621897c7ba09477393b4ec16786ee53efc27c867650bda32ab3dfa,64,64
True,fb2c80d3a9a50df6e5f9ba611c62fb748f1be710e11b5651970f94ebf729ab10,"[""af121b3272024c76084af7f928c6d3a996125ee79624351c439bbdda6c52828b"", ""f091b8c6925e11c04008b367aed126c2987eaf8d776050a0e33368b446b836c1"", ""877c48b8216adb121750a561c12c2cfb9567aed4730425708170722e680c1607"", ""5d02aaab276fe9b647eb84534eadbcdbda645424784553b809e1e6236d9ad225"", ""8505d9fa86e63ae8005b078ed4860855542a5a0969e35c118b9c86afe8b1a5f2"", ""1bce8a7c44c385078f0a5e04dff3f3e1af9614df72bf51b0aeb9b5b8c88b5e0d"", ""065ddf735cbc5f47fbf5e753b6c14dbb4f5ab3dbe87b37235f33a081c4d1cd30"", ""d146e9ba17b3f5615c25f510c2d269472b4cb73d880522fb37fafa623c5022fd"", ""dc9fb89e19e5b5bb8b9c1e3ddcd25cc637f3e5e6b8c352d8f77cab01c5f65c22"", ""a6d5e42471e8b004aca01e8fe10bdff317c8d76a59773af28d1e130cc279376f""]",synthetic_p0.02,True,1024,5.421010862427522e-20,,synthetic_q1024_p020_confirmation_f000,64,544,480,method_specific_not_cross_ranked,gray,ldpc_formal_v2,64,7a61ce53d17eb721f1f7ead1b73d46792741cf9b82591734c084441e9eeacffe,synthetic_q1024_p020_confirmation_f000,3236a5daab15c160c83c96431c8834594f3ea7c428b72b531d9d8bcf1cfa9b1d,3583,confirmation,"[""r025"", ""r025"", ""r025"", ""r025"", ""r025"", ""r025"", ""r025"", ""r025"", ""r025"", ""r025""]",0.21875,0.3280000000959262,verified_success,0.02,13612,dfa4232ade7cc9226e9de690d9075debe2eb5a902cdec45015a48f3e5543c184,1,42,dfa4232ade7cc9226e9de690d9075debe2eb5a902cdec45015a48f3e5543c184,True,c548ba99fd53bb0ab9c32cc8ea1499c6253241ad914f90b394635db9de8e5d35,64,64
True,fb2c80d3a9a50df6e5f9ba611c62fb748f1be710e11b5651970f94ebf729ab10,"[""af121b3272024c76084af7f928c6d3a996125ee79624351c439bbdda6c52828b"", ""f091b8c6925e11c04008b367aed126c2987eaf8d776050a0e33368b446b836c1"", ""877c48b8216adb121750a561c12c2cfb9567aed4730425708170722e680c1607"", ""5d02aaab276fe9b647eb84534eadbcdbda645424784553b809e1e6236d9ad225"", ""8505d9fa86e63ae8005b078ed4860855542a5a0969e35c118b9c86afe8b1a5f2"", ""1bce8a7c44c385078f0a5e04dff3f3e1af9614df72bf51b0aeb9b5b8c88b5e0d"", ""065ddf735cbc5f47fbf5e753b6c14dbb4f5ab3dbe87b37235f33a081c4d1cd30"", ""d146e9ba17b3f5615c25f510c2d269472b4cb73d880522fb37fafa623c5022fd"", ""dc9fb89e19e5b5bb8b9c1e3ddcd25cc637f3e5e6b8c352d8f77cab01c5f65c22"", ""a6d5e42471e8b004aca01e8fe10bdff317c8d76a59773af28d1e130cc279376f""]",synthetic_p0.02,True,1024,5.421010862427522e-20,,synthetic_q1024_p020_confirmation_f020,64,544,480,method_specific_not_cross_ranked,gray,ldpc_formal_v2,64,7a61ce53d17eb721f1f7ead1b73d46792741cf9b82591734c084441e9eeacffe,synthetic_q1024_p020_confirmation_f020,3236a5daab15c160c83c96431c8834594f3ea7c428b72b531d9d8bcf1cfa9b1d,3583,confirmation,"[""r025"", ""r025"", ""r025"", ""r025"", ""r025"", ""r025"", ""r025"", ""r025"", ""r025"", ""r025""]",0.140625,0.34399999992456287,verified_success,0.02,13612,b55cf6da8fe477241ddbf439e1a7f1f38f013339c838791c023f0bed8023c9f9,1,42,b55cf6da8fe477241ddbf439e1a7f1f38f013339c838791c023f0bed8023c9f9,True,f4f1ec16dc3617260b31c07cd353951e1351e299bc2f59e066a653b7ec8e0114,64,64
True,7bb476540b7d8ed0affbf7437aee0162de26ff69b4ae136d33790dd2d17b0034,"[""af121b3272024c76084af7f928c6d3a996125ee79624351c439bbdda6c52828b"", ""f091b8c6925e11c04008b367aed126c2987eaf8d776050a0e33368b446b836c1"", ""877c48b8216adb121750a561c12c2cfb9567aed4730425708170722e680c1607"", ""5d02aaab276fe9b647eb84534eadbcdbda645424784553b809e1e6236d9ad225"", ""8505d9fa86e63ae8005b078ed4860855542a5a0969e35c118b9c86afe8b1a5f2"", ""1bce8a7c44c385078f0a5e04dff3f3e1af9614df72bf51b0aeb9b5b8c88b5e0d"", ""065ddf735cbc5f47fbf5e753b6c14dbb4f5ab3dbe87b37235f33a081c4d1cd30"", ""d146e9ba17b3f5615c25f510c2d269472b4cb73d880522fb37fafa623c5022fd"", ""dc9fb89e19e5b5bb8b9c1e3ddcd25cc637f3e5e6b8c352d8f77cab01c5f65c22"", ""a6d5e42471e8b004aca01e8fe10bdff317c8d76a59773af28d1e130cc279376f""]",synthetic_p0.01,True,1024,5.421010862427522e-20,,synthetic_q1024_p010_confirmation_f002,64,544,480,method_specific_not_cross_ranked,gray,ldpc_formal_v2,64,7a61ce53d17eb721f1f7ead1b73d46792741cf9b82591734c084441e9eeacffe,synthetic_q1024_p010_confirmation_f002,3236a5daab15c160c83c96431c8834594f3ea7c428b72b531d9d8bcf1cfa9b1d,3583,confirmation,"[""r025"", ""r025"", ""r025"", ""r025"", ""r025"", ""r025"", ""r025"", ""r025"", ""r025"", ""r025""]",0.09375,0.3279999999795109,verified_success,0.01,13612,3e6ab5adf8a71cc632fede5428dd3ec9ad5b3289920c5a762d28202d021f9173,1,42,3e6ab5adf8a71cc632fede5428dd3ec9ad5b3289920c5a762d28202d021f9173,True,7ee4a0dcbf74fd35325fedd44b7c32fa7e64acbbc7f83b13847821b1100aa47e,64,64
True,fb2c80d3a9a50df6e5f9ba611c62fb748f1be710e11b5651970f94ebf729ab10,"[""af121b3272024c76084af7f928c6d3a996125ee79624351c439bbdda6c52828b"", ""f091b8c6925e11c04008b367aed126c2987eaf8d776050a0e33368b446b836c1"", ""877c48b8216adb121750a561c12c2cfb9567aed4730425708170722e680c1607"", ""5d02aaab276fe9b647eb84534eadbcdbda645424784553b809e1e6236d9ad225"", ""8505d9fa86e63ae8005b078ed4860855542a5a0969e35c118b9c86afe8b1a5f2"", ""1bce8a7c44c385078f0a5e04dff3f3e1af9614df72bf51b0aeb9b5b8c88b5e0d"", ""065ddf735cbc5f47fbf5e753b6c14dbb4f5ab3dbe87b37235f33a081c4d1cd30"", ""d146e9ba17b3f5615c25f510c2d269472b4cb73d880522fb37fafa623c5022fd"", ""dc9fb89e19e5b5bb8b9c1e3ddcd25cc637f3e5e6b8c352d8f77cab01c5f65c22"", ""a6d5e42471e8b004aca01e8fe10bdff317c8d76a59773af28d1e130cc279376f""]",synthetic_p0.02,True,1024,5.421010862427522e-20,,synthetic_q1024_p020_confirmation_f007,64,544,480,method_specific_not_cross_ranked,gray,ldpc_formal_v2,64,7a61ce53d17eb721f1f7ead1b73d46792741cf9b82591734c084441e9eeacffe,synthetic_q1024_p020_confirmation_f007,3236a5daab15c160c83c96431c8834594f3ea7c428b72b531d9d8bcf1cfa9b1d,3583,confirmation,"[""r025"", ""r025"", ""r025"", ""r025"", ""r025"", ""r025"", ""r025"", ""r025"", ""r025"", ""r025""]",0.078125,0.3440000000409782,verified_success,0.02,13612,7a850f9e0cc48fe294f60bbf6c54ac53d11bee90bfb94e0b0b0b4164ccf0b801,1,42,7a850f9e0cc48fe294f60bbf6c54ac53d11bee90bfb94e0b0b0b4164ccf0b801,True,4896a616bb80ed82f0138a36cfac4c1873f5200fd5625d516ffc9cda6925ef96,64,64
True,7bb476540b7d8ed0affbf7437aee0162de26ff69b4ae136d33790dd2d17b0034,"[""af121b3272024c76084af7f928c6d3a996125ee79624351c439bbdda6c52828b"", ""f091b8c6925e11c04008b367aed126c2987eaf8d776050a0e33368b446b836c1"", ""877c48b8216adb121750a561c12c2cfb9567aed4730425708170722e680c1607"", ""5d02aaab276fe9b647eb84534eadbcdbda645424784553b809e1e6236d9ad225"", ""8505d9fa86e63ae8005b078ed4860855542a5a0969e35c118b9c86afe8b1a5f2"", ""1bce8a7c44c385078f0a5e04dff3f3e1af9614df72bf51b0aeb9b5b8c88b5e0d"", ""065ddf735cbc5f47fbf5e753b6c14dbb4f5ab3dbe87b37235f33a081c4d1cd30"", ""d146e9ba17b3f5615c25f510c2d269472b4cb73d880522fb37fafa623c5022fd"", ""dc9fb89e19e5b5bb8b9c1e3ddcd25cc637f3e5e6b8c352d8f77cab01c5f65c22"", ""a6d5e42471e8b004aca01e8fe10bdff317c8d76a59773af28d1e130cc279376f""]",synthetic_p0.01,True,1024,5.421010862427522e-20,,synthetic_q1024_p010_confirmation_f025,64,544,480,method_specific_not_cross_ranked,gray,ldpc_formal_v2,64,7a61ce53d17eb721f1f7ead1b73d46792741cf9b82591734c084441e9eeacffe,synthetic_q1024_p010_confirmation_f025,3236a5daab15c160c83c96431c8834594f3ea7c428b72b531d9d8bcf1cfa9b1d,3583,confirmation,"[""r025"", ""r025"", ""r025"", ""r025"", ""r025"", ""r025"", ""r025"", ""r025"", ""r025"", ""r025""]",0.09375,0.3279999999795109,verified_success,0.01,13612,6aeace3bb1062f38191369202c1943a8e98fa9133c982860fe9d523a295288fe,1,42,6aeace3bb1062f38191369202c1943a8e98fa9133c982860fe9d523a295288fe,True,8698a4717d941785db6da259d2c11101e84fda51c569645258336545bdbc11e7,64,64
True,7bb476540b7d8ed0affbf7437aee0162de26ff69b4ae136d33790dd2d17b0034,"[""af121b3272024c76084af7f928c6d3a996125ee79624351c439bbdda6c52828b"", ""f091b8c6925e11c04008b367aed126c2987eaf8d776050a0e33368b446b836c1"", ""877c48b8216adb121750a561c12c2cfb9567aed4730425708170722e680c1607"", ""5d02aaab276fe9b647eb84534eadbcdbda645424784553b809e1e6236d9ad225"", ""8505d9fa86e63ae8005b078ed4860855542a5a0969e35c118b9c86afe8b1a5f2"", ""1bce8a7c44c385078f0a5e04dff3f3e1af9614df72bf51b0aeb9b5b8c88b5e0d"", ""065ddf735cbc5f47fbf5e753b6c14dbb4f5ab3dbe87b37235f33a081c4d1cd30"", ""d146e9ba17b3f5615c25f510c2d269472b4cb73d880522fb37fafa623c5022fd"", ""dc9fb89e19e5b5bb8b9c1e3ddcd25cc637f3e5e6b8c352d8f77cab01c5f65c22"", ""a6d5e42471e8b004aca01e8fe10bdff317c8d76a59773af28d1e130cc279376f""]",synthetic_p0.01,True,1024,5.421010862427522e-20,,synthetic_q1024_p010_confirmation_f012,64,544,480,method_specific_not_cross_ranked,gray,ldpc_formal_v2,64,7a61ce53d17eb721f1f7ead1b73d46792741cf9b82591734c084441e9eeacffe,synthetic_q1024_p010_confirmation_f012,3236a5daab15c160c83c96431c8834594f3ea7c428b72b531d9d8bcf1cfa9b1d,3583,confirmation,"[""r025"", ""r025"", ""r025"", ""r025"", ""r025"", ""r025"", ""r025"", ""r025"", ""r025"", ""r025""]",0.109375,0.3279999999795109,verified_success,0.01,13612,a0846affa370c17a38e7f930a3d2468041acc6b52f991320ea1cdac6c9d6a354,1,42,a0846affa370c17a38e7f930a3d2468041acc6b52f991320ea1cdac6c9d6a354,True,2d2b2fabedff363b4edb6131f56273991ee625efe8490c9818cd9947bbcb695f,64,64
True,7bb476540b7d8ed0affbf7437aee0162de26ff69b4ae136d33790dd2d17b0034,"[""af121b3272024c76084af7f928c6d3a996125ee79624351c439bbdda6c52828b"", ""f091b8c6925e11c04008b367aed126c2987eaf8d776050a0e33368b446b836c1"", ""877c48b8216adb121750a561c12c2cfb9567aed4730425708170722e680c1607"", ""5d02aaab276fe9b647eb84534eadbcdbda645424784553b809e1e6236d9ad225"", ""8505d9fa86e63ae8005b078ed4860855542a5a0969e35c118b9c86afe8b1a5f2"", ""1bce8a7c44c385078f0a5e04dff3f3e1af9614df72bf51b0aeb9b5b8c88b5e0d"", ""065ddf735cbc5f47fbf5e753b6c14dbb4f5ab3dbe87b37235f33a081c4d1cd30"", ""d146e9ba17b3f5615c25f510c2d269472b4cb73d880522fb37fafa623c5022fd"", ""dc9fb89e19e5b5bb8b9c1e3ddcd25cc637f3e5e6b8c352d8f77cab01c5f65c22"", ""a6d5e42471e8b004aca01e8fe10bdff317c8d76a59773af28d1e130cc279376f""]",synthetic_p0.01,True,1024,5.421010862427522e-20,,synthetic_q1024_p010_confirmation_f023,64,544,480,method_specific_not_cross_ranked,gray,ldpc_formal_v2,64,7a61ce53d17eb721f1f7ead1b73d46792741cf9b82591734c084441e9eeacffe,synthetic_q1024_p010_confirmation_f023,3236a5daab15c160c83c96431c8834594f3ea7c428b72b531d9d8bcf1cfa9b1d,3583,confirmation,"[""r025"", ""r025"", ""r025"", ""r025"", ""r025"", ""r025"", ""r025"", ""r025"", ""r025"", ""r025""]",0.046875,0.3280000000959262,verified_success,0.01,13612,d6e446bd1c8811c38e75b0f09b13e08aa89664cb18425e96d3ff25f824ffc26f,1,42,d6e446bd1c8811c38e75b0f09b13e08aa89664cb18425e96d3ff25f824ffc26f,True,5ad5130280154ff6738e33b0946eeac2409660e8faa4b1f31fcaf2a624f6402d,64,64
True,7bb476540b7d8ed0affbf7437aee0162de26ff69b4ae136d33790dd2d17b0034,"[""af121b3272024c76084af7f928c6d3a996125ee79624351c439bbdda6c52828b"", ""f091b8c6925e11c04008b367aed126c2987eaf8d776050a0e33368b446b836c1"", ""877c48b8216adb121750a561c12c2cfb9567aed4730425708170722e680c1607"", ""5d02aaab276fe9b647eb84534eadbcdbda645424784553b809e1e6236d9ad225"", ""8505d9fa86e63ae8005b078ed4860855542a5a0969e35c118b9c86afe8b1a5f2"", ""1bce8a7c44c385078f0a5e04dff3f3e1af9614df72bf51b0aeb9b5b8c88b5e0d"", ""065ddf735cbc5f47fbf5e753b6c14dbb4f5ab3dbe87b37235f33a081c4d1cd30"", ""d146e9ba17b3f5615c25f510c2d269472b4cb73d880522fb37fafa623c5022fd"", ""dc9fb89e19e5b5bb8b9c1e3ddcd25cc637f3e5e6b8c352d8f77cab01c5f65c22"", ""a6d5e42471e8b004aca01e8fe10bdff317c8d76a59773af28d1e130cc279376f""]",synthetic_p0.01,True,1024,5.421010862427522e-20,,synthetic_q1024_p010_confirmation_f006,64,544,480,method_specific_not_cross_ranked,gray,ldpc_formal_v2,64,7a61ce53d17eb721f1f7ead1b73d46792741cf9b82591734c084441e9eeacffe,synthetic_q1024_p010_confirmation_f006,3236a5daab15c160c83c96431c8834594f3ea7c428b72b531d9d8bcf1cfa9b1d,3583,confirmation,"[""r025"", ""r025"", ""r025"", ""r025"", ""r025"", ""r025"", ""r025"", ""r025"", ""r025"", ""r025""]",0.09375,0.34399999992456287,verified_success,0.01,13612,e54b273172d0add44249b523bc3566932eee90997d81cc6e41ac6e69a0b38077,1,42,e54b273172d0add44249b523bc3566932eee90997d81cc6e41ac6e69a0b38077,True,9821275cc16e4a32cc9f8567e45860dd2540da69c99181be44a164f035b964b0,64,64
True,7bb476540b7d8ed0affbf7437aee0162de26ff69b4ae136d33790dd2d17b0034,"[""af121b3272024c76084af7f928c6d3a996125ee79624351c439bbdda6c52828b"", ""f091b8c6925e11c04008b367aed126c2987eaf8d776050a0e33368b446b836c1"", ""877c48b8216adb121750a561c12c2cfb9567aed4730425708170722e680c1607"", ""5d02aaab276fe9b647eb84534eadbcdbda645424784553b809e1e6236d9ad225"", ""8505d9fa86e63ae8005b078ed4860855542a5a0969e35c118b9c86afe8b1a5f2"", ""1bce8a7c44c385078f0a5e04dff3f3e1af9614df72bf51b0aeb9b5b8c88b5e0d"", ""065ddf735cbc5f47fbf5e753b6c14dbb4f5ab3dbe87b37235f33a081c4d1cd30"", ""d146e9ba17b3f5615c25f510c2d269472b4cb73d880522fb37fafa623c5022fd"", ""dc9fb89e19e5b5bb8b9c1e3ddcd25cc637f3e5e6b8c352d8f77cab01c5f65c22"", ""a6d5e42471e8b004aca01e8fe10bdff317c8d76a59773af28d1e130cc279376f""]",synthetic_p0.01,True,1024,5.421010862427522e-20,toeplitz_mismatch,synthetic_q1024_p010_confirmation_f022,64,544,480,method_specific_not_cross_ranked,gray,ldpc_formal_v2,64,7a61ce53d17eb721f1f7ead1b73d46792741cf9b82591734c084441e9eeacffe,synthetic_q1024_p010_confirmation_f022,3236a5daab15c160c83c96431c8834594f3ea7c428b72b531d9d8bcf1cfa9b1d,3583,confirmation,"[""r025"", ""r025"", ""r025"", ""r025"", ""r025"", ""r025"", ""r025"", ""r025"", ""r025"", ""r025""]",0.109375,0.3279999999795109,verify_failed,0.01,13612,a029806d11e201de362a2ee1ccb637208c40c462a1d9e393d8b3305d542e9321,1,42,a029806d11e201de362a2ee1ccb637208c40c462a1d9e393d8b3305d542e9321,True,032d545cea70b17382f3fbfa75c4085269d3fc70562ab1dd58a2b533c7e0d82a,64,64
True,fb2c80d3a9a50df6e5f9ba611c62fb748f1be710e11b5651970f94ebf729ab10,"[""af121b3272024c76084af7f928c6d3a996125ee79624351c439bbdda6c52828b"", ""f091b8c6925e11c04008b367aed126c2987eaf8d776050a0e33368b446b836c1"", ""877c48b8216adb121750a561c12c2cfb9567aed4730425708170722e680c1607"", ""5d02aaab276fe9b647eb84534eadbcdbda645424784553b809e1e6236d9ad225"", ""8505d9fa86e63ae8005b078ed4860855542a5a0969e35c118b9c86afe8b1a5f2"", ""1bce8a7c44c385078f0a5e04dff3f3e1af9614df72bf51b0aeb9b5b8c88b5e0d"", ""065ddf735cbc5f47fbf5e753b6c14dbb4f5ab3dbe87b37235f33a081c4d1cd30"", ""d146e9ba17b3f5615c25f510c2d269472b4cb73d880522fb37fafa623c5022fd"", ""dc9fb89e19e5b5bb8b9c1e3ddcd25cc637f3e5e6b8c352d8f77cab01c5f65c22"", ""a6d5e42471e8b004aca01e8fe10bdff317c8d76a59773af28d1e130cc279376f""]",synthetic_p0.02,True,1024,5.421010862427522e-20,,synthetic_q1024_p020_confirmation_f010,64,544,480,method_specific_not_cross_ranked,gray,ldpc_formal_v2,64,7a61ce53d17eb721f1f7ead1b73d46792741cf9b82591734c084441e9eeacffe,synthetic_q1024_p020_confirmation_f010,3236a5daab15c160c83c96431c8834594f3ea7c428b72b531d9d8bcf1cfa9b1d,3583,confirmation,"[""r025"", ""r025"", ""r025"", ""r025"", ""r025"", ""r025"", ""r025"", ""r025"", ""r025"", ""r025""]",0.109375,0.3280000000959262,verified_success,0.02,13612,c4222d15588f91f30e3957c040add8f128cdfe25cbeea143916437fde2907132,1,42,c4222d15588f91f30e3957c040add8f128cdfe25cbeea143916437fde2907132,True,436869c87e242c61803ffae0ab2a574485a216a58de8de2c90e9d9808eefd3ba,64,64
True,7bb476540b7d8ed0affbf7437aee0162de26ff69b4ae136d33790dd2d17b0034,"[""af121b3272024c76084af7f928c6d3a996125ee79624351c439bbdda6c52828b"", ""f091b8c6925e11c04008b367aed126c2987eaf8d776050a0e33368b446b836c1"", ""877c48b8216adb121750a561c12c2cfb9567aed4730425708170722e680c1607"", ""5d02aaab276fe9b647eb84534eadbcdbda645424784553b809e1e6236d9ad225"", ""8505d9fa86e63ae8005b078ed4860855542a5a0969e35c118b9c86afe8b1a5f2"", ""1bce8a7c44c385078f0a5e04dff3f3e1af9614df72bf51b0aeb9b5b8c88b5e0d"", ""065ddf735cbc5f47fbf5e753b6c14dbb4f5ab3dbe87b37235f33a081c4d1cd30"", ""d146e9ba17b3f5615c25f510c2d269472b4cb73d880522fb37fafa623c5022fd"", ""dc9fb89e19e5b5bb8b9c1e3ddcd25cc637f3e5e6b8c352d8f77cab01c5f65c22"", ""a6d5e42471e8b004aca01e8fe10bdff317c8d76a59773af28d1e130cc279376f""]",synthetic_p0.01,True,1024,5.421010862427522e-20,,synthetic_q1024_p010_confirmation_f011,64,544,480,method_specific_not_cross_ranked,gray,ldpc_formal_v2,64,7a61ce53d17eb721f1f7ead1b73d46792741cf9b82591734c084441e9eeacffe,synthetic_q1024_p010_confirmation_f011,3236a5daab15c160c83c96431c8834594f3ea7c428b72b531d9d8bcf1cfa9b1d,3583,confirmation,"[""r025"", ""r025"", ""r025"", ""r025"", ""r025"", ""r025"", ""r025"", ""r025"", ""r025"", ""r025""]",0.078125,0.3279999999795109,verified_success,0.01,13612,c388b9b47f29c8ccaac058bf7a51e268d6fc23c14273366b359e98d58776f649,1,42,c388b9b47f29c8ccaac058bf7a51e268d6fc23c14273366b359e98d58776f649,True,c1a497a2594dab6cd678fc4572f623013a7e9397a8949787df10603b17783ee5,64,64
True,7bb476540b7d8ed0affbf7437aee0162de26ff69b4ae136d33790dd2d17b0034,"[""af121b3272024c76084af7f928c6d3a996125ee79624351c439bbdda6c52828b"", ""f091b8c6925e11c04008b367aed126c2987eaf8d776050a0e33368b446b836c1"", ""877c48b8216adb121750a561c12c2cfb9567aed4730425708170722e680c1607"", ""5d02aaab276fe9b647eb84534eadbcdbda645424784553b809e1e6236d9ad225"", ""8505d9fa86e63ae8005b078ed4860855542a5a0969e35c118b9c86afe8b1a5f2"", ""1bce8a7c44c385078f0a5e04dff3f3e1af9614df72bf51b0aeb9b5b8c88b5e0d"", ""065ddf735cbc5f47fbf5e753b6c14dbb4f5ab3dbe87b37235f33a081c4d1cd30"", ""d146e9ba17b3f5615c25f510c2d269472b4cb73d880522fb37fafa623c5022fd"", ""dc9fb89e19e5b5bb8b9c1e3ddcd25cc637f3e5e6b8c352d8f77cab01c5f65c22"", ""a6d5e42471e8b004aca01e8fe10bdff317c8d76a59773af28d1e130cc279376f""]",synthetic_p0.01,True,1024,5.421010862427522e-20,,synthetic_q1024_p010_confirmation_f007,64,544,480,method_specific_not_cross_ranked,gray,ldpc_formal_v2,64,7a61ce53d17eb721f1f7ead1b73d46792741cf9b82591734c084441e9eeacffe,synthetic_q1024_p010_confirmation_f007,3236a5daab15c160c83c96431c8834594f3ea7c428b72b531d9d8bcf1cfa9b1d,3583,confirmation,"[""r025"", ""r025"", ""r025"", ""r025"", ""r025"", ""r025"", ""r025"", ""r025"", ""r025"", ""r025""]",0.078125,0.3279999999795109,verified_success,0.01,13612,b6a55a0b70dabed81e095651fb36105cbf98171b5af6cac3c387449b4e17f13e,1,42,b6a55a0b70dabed81e095651fb36105cbf98171b5af6cac3c387449b4e17f13e,True,d37075b1b0ba078532668fe94cbf772f709e2a896ed4fa12bce24a46998d5b4d,64,64
True,fb2c80d3a9a50df6e5f9ba611c62fb748f1be710e11b5651970f94ebf729ab10,"[""af121b3272024c76084af7f928c6d3a996125ee79624351c439bbdda6c52828b"", ""f091b8c6925e11c04008b367aed126c2987eaf8d776050a0e33368b446b836c1"", ""877c48b8216adb121750a561c12c2cfb9567aed4730425708170722e680c1607"", ""5d02aaab276fe9b647eb84534eadbcdbda645424784553b809e1e6236d9ad225"", ""8505d9fa86e63ae8005b078ed4860855542a5a0969e35c118b9c86afe8b1a5f2"", ""1bce8a7c44c385078f0a5e04dff3f3e1af9614df72bf51b0aeb9b5b8c88b5e0d"", ""065ddf735cbc5f47fbf5e753b6c14dbb4f5ab3dbe87b37235f33a081c4d1cd30"", ""d146e9ba17b3f5615c25f510c2d269472b4cb73d880522fb37fafa623c5022fd"", ""dc9fb89e19e5b5bb8b9c1e3ddcd25cc637f3e5e6b8c352d8f77cab01c5f65c22"", ""a6d5e42471e8b004aca01e8fe10bdff317c8d76a59773af28d1e130cc279376f""]",synthetic_p0.02,True,1024,5.421010862427522e-20,,synthetic_q1024_p020_confirmation_f009,64,544,480,method_specific_not_cross_ranked,gray,ldpc_formal_v2,64,7a61ce53d17eb721f1f7ead1b73d46792741cf9b82591734c084441e9eeacffe,synthetic_q1024_p020_confirmation_f009,3236a5daab15c160c83c96431c8834594f3ea7c428b72b531d9d8bcf1cfa9b1d,3583,confirmation,"[""r025"", ""r025"", ""r025"", ""r025"", ""r025"", ""r025"", ""r025"", ""r025"", ""r025"", ""r025""]",0.109375,0.3279999999795109,verified_success,0.02,13612,e0748818123261a9802813e5a6a8115599d617f6948f09caa379844fb2a2266a,1,42,e0748818123261a9802813e5a6a8115599d617f6948f09caa379844fb2a2266a,True,54b61c6094ae155cc7474a2d564aded56af8a69fc9fa205dfd888adcc31a1991,64,64
True,fb2c80d3a9a50df6e5f9ba611c62fb748f1be710e11b5651970f94ebf729ab10,"[""af121b3272024c76084af7f928c6d3a996125ee79624351c439bbdda6c52828b"", ""f091b8c6925e11c04008b367aed126c2987eaf8d776050a0e33368b446b836c1"", ""877c48b8216adb121750a561c12c2cfb9567aed4730425708170722e680c1607"", ""5d02aaab276fe9b647eb84534eadbcdbda645424784553b809e1e6236d9ad225"", ""8505d9fa86e63ae8005b078ed4860855542a5a0969e35c118b9c86afe8b1a5f2"", ""1bce8a7c44c385078f0a5e04dff3f3e1af9614df72bf51b0aeb9b5b8c88b5e0d"", ""065ddf735cbc5f47fbf5e753b6c14dbb4f5ab3dbe87b37235f33a081c4d1cd30"", ""d146e9ba17b3f5615c25f510c2d269472b4cb73d880522fb37fafa623c5022fd"", ""dc9fb89e19e5b5bb8b9c1e3ddcd25cc637f3e5e6b8c352d8f77cab01c5f65c22"", ""a6d5e42471e8b004aca01e8fe10bdff317c8d76a59773af28d1e130cc279376f""]",synthetic_p0.02,True,1024,5.421010862427522e-20,,synthetic_q1024_p020_confirmation_f005,64,544,480,method_specific_not_cross_ranked,gray,ldpc_formal_v2,64,7a61ce53d17eb721f1f7ead1b73d46792741cf9b82591734c084441e9eeacffe,synthetic_q1024_p020_confirmation_f005,3236a5daab15c160c83c96431c8834594f3ea7c428b72b531d9d8bcf1cfa9b1d,3583,confirmation,"[""r025"", ""r025"", ""r025"", ""r025"", ""r025"", ""r025"", ""r025"", ""r025"", ""r025"", ""r025""]",0.140625,0.3440000000409782,verified_success,0.02,13612,649643bba3dd64f35cfb36841f2853f977b9a4e73cd240b23b5f92612a036ce1,1,42,649643bba3dd64f35cfb36841f2853f977b9a4e73cd240b23b5f92612a036ce1,True,3a9ec5c13279e649a6c157346c0c56d765de3b3b1710b5fecdde26930dcb9b08,64,64
True,fb2c80d3a9a50df6e5f9ba611c62fb748f1be710e11b5651970f94ebf729ab10,"[""af121b3272024c76084af7f928c6d3a996125ee79624351c439bbdda6c52828b"", ""f091b8c6925e11c04008b367aed126c2987eaf8d776050a0e33368b446b836c1"", ""877c48b8216adb121750a561c12c2cfb9567aed4730425708170722e680c1607"", ""5d02aaab276fe9b647eb84534eadbcdbda645424784553b809e1e6236d9ad225"", ""8505d9fa86e63ae8005b078ed4860855542a5a0969e35c118b9c86afe8b1a5f2"", ""1bce8a7c44c385078f0a5e04dff3f3e1af9614df72bf51b0aeb9b5b8c88b5e0d"", ""065ddf735cbc5f47fbf5e753b6c14dbb4f5ab3dbe87b37235f33a081c4d1cd30"", ""d146e9ba17b3f5615c25f510c2d269472b4cb73d880522fb37fafa623c5022fd"", ""dc9fb89e19e5b5bb8b9c1e3ddcd25cc637f3e5e6b8c352d8f77cab01c5f65c22"", ""a6d5e42471e8b004aca01e8fe10bdff317c8d76a59773af28d1e130cc279376f""]",synthetic_p0.02,True,1024,5.421010862427522e-20,,synthetic_q1024_p020_confirmation_f018,64,544,480,method_specific_not_cross_ranked,gray,ldpc_formal_v2,64,7a61ce53d17eb721f1f7ead1b73d46792741cf9b82591734c084441e9eeacffe,synthetic_q1024_p020_confirmation_f018,3236a5daab15c160c83c96431c8834594f3ea7c428b72b531d9d8bcf1cfa9b1d,3583,confirmation,"[""r025"", ""r025"", ""r025"", ""r025"", ""r025"", ""r025"", ""r025"", ""r025"", ""r025"", ""r025""]",0.09375,0.34399999992456287,verified_success,0.02,13612,31b5757e34f0291f0070d500abdbffd924b857a5f159816f88505bb49d70fe05,1,42,31b5757e34f0291f0070d500abdbffd924b857a5f159816f88505bb49d70fe05,True,733b845c35b7bb651ba3ac0aaeeb304073c46f6866d7c9781452d93fdd5def2c,64,64
True,7bb476540b7d8ed0affbf7437aee0162de26ff69b4ae136d33790dd2d17b0034,"[""af121b3272024c76084af7f928c6d3a996125ee79624351c439bbdda6c52828b"", ""f091b8c6925e11c04008b367aed126c2987eaf8d776050a0e33368b446b836c1"", ""877c48b8216adb121750a561c12c2cfb9567aed4730425708170722e680c1607"", ""5d02aaab276fe9b647eb84534eadbcdbda645424784553b809e1e6236d9ad225"", ""8505d9fa86e63ae8005b078ed4860855542a5a0969e35c118b9c86afe8b1a5f2"", ""1bce8a7c44c385078f0a5e04dff3f3e1af9614df72bf51b0aeb9b5b8c88b5e0d"", ""065ddf735cbc5f47fbf5e753b6c14dbb4f5ab3dbe87b37235f33a081c4d1cd30"", ""d146e9ba17b3f5615c25f510c2d269472b4cb73d880522fb37fafa623c5022fd"", ""dc9fb89e19e5b5bb8b9c1e3ddcd25cc637f3e5e6b8c352d8f77cab01c5f65c22"", ""a6d5e42471e8b004aca01e8fe10bdff317c8d76a59773af28d1e130cc279376f""]",synthetic_p0.01,True,1024,5.421010862427522e-20,,synthetic_q1024_p010_confirmation_f008,64,544,480,method_specific_not_cross_ranked,gray,ldpc_formal_v2,64,7a61ce53d17eb721f1f7ead1b73d46792741cf9b82591734c084441e9eeacffe,synthetic_q1024_p010_confirmation_f008,3236a5daab15c160c83c96431c8834594f3ea7c428b72b531d9d8bcf1cfa9b1d,3583,confirmation,"[""r025"", ""r025"", ""r025"", ""r025"", ""r025"", ""r025"", ""r025"", ""r025"", ""r025"", ""r025""]",0.125,0.3280000000959262,verified_success,0.01,13612,4754bde5621af3e5eb7407ec42fbd28885655bd8852b5e852d0c090ac6dc9a9c,1,42,4754bde5621af3e5eb7407ec42fbd28885655bd8852b5e852d0c090ac6dc9a9c,True,6322dc729b6947d304d32ff89e08b2a58200d5b72afba5931aedc3cf0e34d362,64,64
True,fb2c80d3a9a50df6e5f9ba611c62fb748f1be710e11b5651970f94ebf729ab10,"[""af121b3272024c76084af7f928c6d3a996125ee79624351c439bbdda6c52828b"", ""f091b8c6925e11c04008b367aed126c2987eaf8d776050a0e33368b446b836c1"", ""877c48b8216adb121750a561c12c2cfb9567aed4730425708170722e680c1607"", ""5d02aaab276fe9b647eb84534eadbcdbda645424784553b809e1e6236d9ad225"", ""8505d9fa86e63ae8005b078ed4860855542a5a0969e35c118b9c86afe8b1a5f2"", ""1bce8a7c44c385078f0a5e04dff3f3e1af9614df72bf51b0aeb9b5b8c88b5e0d"", ""065ddf735cbc5f47fbf5e753b6c14dbb4f5ab3dbe87b37235f33a081c4d1cd30"", ""d146e9ba17b3f5615c25f510c2d269472b4cb73d880522fb37fafa623c5022fd"", ""dc9fb89e19e5b5bb8b9c1e3ddcd25cc637f3e5e6b8c352d8f77cab01c5f65c22"", ""a6d5e42471e8b004aca01e8fe10bdff317c8d76a59773af28d1e130cc279376f""]",synthetic_p0.02,True,1024,5.421010862427522e-20,,synthetic_q1024_p020_confirmation_f026,64,544,480,method_specific_not_cross_ranked,gray,ldpc_formal_v2,64,7a61ce53d17eb721f1f7ead1b73d46792741cf9b82591734c084441e9eeacffe,synthetic_q1024_p020_confirmation_f026,3236a5daab15c160c83c96431c8834594f3ea7c428b72b531d9d8bcf1cfa9b1d,3583,confirmation,"[""r025"", ""r025"", ""r025"", ""r025"", ""r025"", ""r025"", ""r025"", ""r025"", ""r025"", ""r025""]",0.234375,0.3279999999795109,verified_success,0.02,13612,c85c70c5a86a59191d74fe738080631296390b34d78dbdfb1df43ba169498fef,1,42,c85c70c5a86a59191d74fe738080631296390b34d78dbdfb1df43ba169498fef,True,8be8beb411f41a490369497923031ba0549261be5af8b072e9e7369d84fdf82f,64,64
True,fb2c80d3a9a50df6e5f9ba611c62fb748f1be710e11b5651970f94ebf729ab10,"[""af121b3272024c76084af7f928c6d3a996125ee79624351c439bbdda6c52828b"", ""f091b8c6925e11c04008b367aed126c2987eaf8d776050a0e33368b446b836c1"", ""877c48b8216adb121750a561c12c2cfb9567aed4730425708170722e680c1607"", ""5d02aaab276fe9b647eb84534eadbcdbda645424784553b809e1e6236d9ad225"", ""8505d9fa86e63ae8005b078ed4860855542a5a0969e35c118b9c86afe8b1a5f2"", ""1bce8a7c44c385078f0a5e04dff3f3e1af9614df72bf51b0aeb9b5b8c88b5e0d"", ""065ddf735cbc5f47fbf5e753b6c14dbb4f5ab3dbe87b37235f33a081c4d1cd30"", ""d146e9ba17b3f5615c25f510c2d269472b4cb73d880522fb37fafa623c5022fd"", ""dc9fb89e19e5b5bb8b9c1e3ddcd25cc637f3e5e6b8c352d8f77cab01c5f65c22"", ""a6d5e42471e8b004aca01e8fe10bdff317c8d76a59773af28d1e130cc279376f""]",synthetic_p0.02,True,1024,5.421010862427522e-20,,synthetic_q1024_p020_confirmation_f001,64,544,480,method_specific_not_cross_ranked,gray,ldpc_formal_v2,64,7a61ce53d17eb721f1f7ead1b73d46792741cf9b82591734c084441e9eeacffe,synthetic_q1024_p020_confirmation_f001,3236a5daab15c160c83c96431c8834594f3ea7c428b72b531d9d8bcf1cfa9b1d,3583,confirmation,"[""r025"", ""r025"", ""r025"", ""r025"", ""r025"", ""r025"", ""r025"", ""r025"", ""r025"", ""r025""]",0.265625,0.34399999992456287,verified_success,0.02,13612,0ea3ac146e41c315144e55cce5c1a16f5d87bb170389330c41412bc0a85d101d,1,42,0ea3ac146e41c315144e55cce5c1a16f5d87bb170389330c41412bc0a85d101d,True,d8dd08b1b820800ddcccff952bc44faa2c5b328d31f6124654b9bf699c096c27,64,64
True,7bb476540b7d8ed0affbf7437aee0162de26ff69b4ae136d33790dd2d17b0034,"[""af121b3272024c76084af7f928c6d3a996125ee79624351c439bbdda6c52828b"", ""f091b8c6925e11c04008b367aed126c2987eaf8d776050a0e33368b446b836c1"", ""877c48b8216adb121750a561c12c2cfb9567aed4730425708170722e680c1607"", ""5d02aaab276fe9b647eb84534eadbcdbda645424784553b809e1e6236d9ad225"", ""8505d9fa86e63ae8005b078ed4860855542a5a0969e35c118b9c86afe8b1a5f2"", ""1bce8a7c44c385078f0a5e04dff3f3e1af9614df72bf51b0aeb9b5b8c88b5e0d"", ""065ddf735cbc5f47fbf5e753b6c14dbb4f5ab3dbe87b37235f33a081c4d1cd30"", ""d146e9ba17b3f5615c25f510c2d269472b4cb73d880522fb37fafa623c5022fd"", ""dc9fb89e19e5b5bb8b9c1e3ddcd25cc637f3e5e6b8c352d8f77cab01c5f65c22"", ""a6d5e42471e8b004aca01e8fe10bdff317c8d76a59773af28d1e130cc279376f""]",synthetic_p0.01,True,1024,5.421010862427522e-20,,synthetic_q1024_p010_confirmation_f015,64,544,480,method_specific_not_cross_ranked,gray,ldpc_formal_v2,64,7a61ce53d17eb721f1f7ead1b73d46792741cf9b82591734c084441e9eeacffe,synthetic_q1024_p010_confirmation_f015,3236a5daab15c160c83c96431c8834594f3ea7c428b72b531d9d8bcf1cfa9b1d,3583,confirmation,"[""r025"", ""r025"", ""r025"", ""r025"", ""r025"", ""r025"", ""r025"", ""r025"", ""r025"", ""r025""]",0.046875,0.3440000000409782,verified_success,0.01,13612,576402e71480002b1c8ae28fc2d3e3d540e41d2bbea7117df707927efffd01cd,1,42,576402e71480002b1c8ae28fc2d3e3d540e41d2bbea7117df707927efffd01cd,True,19a065c5bf60834c731b6e4d0b53d848bb629bb105402e6fb2c907eabdd5cd22,64,64
True,fb2c80d3a9a50df6e5f9ba611c62fb748f1be710e11b5651970f94ebf729ab10,"[""af121b3272024c76084af7f928c6d3a996125ee79624351c439bbdda6c52828b"", ""f091b8c6925e11c04008b367aed126c2987eaf8d776050a0e33368b446b836c1"", ""877c48b8216adb121750a561c12c2cfb9567aed4730425708170722e680c1607"", ""5d02aaab276fe9b647eb84534eadbcdbda645424784553b809e1e6236d9ad225"", ""8505d9fa86e63ae8005b078ed4860855542a5a0969e35c118b9c86afe8b1a5f2"", ""1bce8a7c44c385078f0a5e04dff3f3e1af9614df72bf51b0aeb9b5b8c88b5e0d"", ""065ddf735cbc5f47fbf5e753b6c14dbb4f5ab3dbe87b37235f33a081c4d1cd30"", ""d146e9ba17b3f5615c25f510c2d269472b4cb73d880522fb37fafa623c5022fd"", ""dc9fb89e19e5b5bb8b9c1e3ddcd25cc637f3e5e6b8c352d8f77cab01c5f65c22"", ""a6d5e42471e8b004aca01e8fe10bdff317c8d76a59773af28d1e130cc279376f""]",synthetic_p0.02,True,1024,5.421010862427522e-20,,synthetic_q1024_p020_confirmation_f023,64,544,480,method_specific_not_cross_ranked,gray,ldpc_formal_v2,64,7a61ce53d17eb721f1f7ead1b73d46792741cf9b82591734c084441e9eeacffe,synthetic_q1024_p020_confirmation_f023,3236a5daab15c160c83c96431c8834594f3ea7c428b72b531d9d8bcf1cfa9b1d,3583,confirmation,"[""r025"", ""r025"", ""r025"", ""r025"", ""r025"", ""r025"", ""r025"", ""r025"", ""r025"", ""r025""]",0.078125,0.3279999999795109,verified_success,0.02,13612,f43d5757e9b4f7d8b11b8b6d2f776cf8a42691dcf21e45e0e086968e11b237bb,1,42,f43d5757e9b4f7d8b11b8b6d2f776cf8a42691dcf21e45e0e086968e11b237bb,True,a5280c6e86f51e8334aa1e4fefc1849f6ada44e8d9eb87c47380548cc428e5c2,64,64
True,7bb476540b7d8ed0affbf7437aee0162de26ff69b4ae136d33790dd2d17b0034,"[""af121b3272024c76084af7f928c6d3a996125ee79624351c439bbdda6c52828b"", ""f091b8c6925e11c04008b367aed126c2987eaf8d776050a0e33368b446b836c1"", ""877c48b8216adb121750a561c12c2cfb9567aed4730425708170722e680c1607"", ""5d02aaab276fe9b647eb84534eadbcdbda645424784553b809e1e6236d9ad225"", ""8505d9fa86e63ae8005b078ed4860855542a5a0969e35c118b9c86afe8b1a5f2"", ""1bce8a7c44c385078f0a5e04dff3f3e1af9614df72bf51b0aeb9b5b8c88b5e0d"", ""065ddf735cbc5f47fbf5e753b6c14dbb4f5ab3dbe87b37235f33a081c4d1cd30"", ""d146e9ba17b3f5615c25f510c2d269472b4cb73d880522fb37fafa623c5022fd"", ""dc9fb89e19e5b5bb8b9c1e3ddcd25cc637f3e5e6b8c352d8f77cab01c5f65c22"", ""a6d5e42471e8b004aca01e8fe10bdff317c8d76a59773af28d1e130cc279376f""]",synthetic_p0.01,True,1024,5.421010862427522e-20,toeplitz_mismatch,synthetic_q1024_p010_confirmation_f009,64,544,480,method_specific_not_cross_ranked,gray,ldpc_formal_v2,64,7a61ce53d17eb721f1f7ead1b73d46792741cf9b82591734c084441e9eeacffe,synthetic_q1024_p010_confirmation_f009,3236a5daab15c160c83c96431c8834594f3ea7c428b72b531d9d8bcf1cfa9b1d,3583,confirmation,"[""r025"", ""r025"", ""r025"", ""r025"", ""r025"", ""r025"", ""r025"", ""r025"", ""r025"", ""r025""]",0.109375,0.34299999999348074,verify_failed,0.01,13612,f0f13467d319729fb36bde86389153356f91c33546f23778313a7f816a94e2dc,1,42,f0f13467d319729fb36bde86389153356f91c33546f23778313a7f816a94e2dc,True,e37d08c78705f747f6d26f53af0869d7eacfc88ace842cab3ba1d9f61c3b082c,64,64
True,7bb476540b7d8ed0affbf7437aee0162de26ff69b4ae136d33790dd2d17b0034,"[""af121b3272024c76084af7f928c6d3a996125ee79624351c439bbdda6c52828b"", ""f091b8c6925e11c04008b367aed126c2987eaf8d776050a0e33368b446b836c1"", ""877c48b8216adb121750a561c12c2cfb9567aed4730425708170722e680c1607"", ""5d02aaab276fe9b647eb84534eadbcdbda645424784553b809e1e6236d9ad225"", ""8505d9fa86e63ae8005b078ed4860855542a5a0969e35c118b9c86afe8b1a5f2"", ""1bce8a7c44c385078f0a5e04dff3f3e1af9614df72bf51b0aeb9b5b8c88b5e0d"", ""065ddf735cbc5f47fbf5e753b6c14dbb4f5ab3dbe87b37235f33a081c4d1cd30"", ""d146e9ba17b3f5615c25f510c2d269472b4cb73d880522fb37fafa623c5022fd"", ""dc9fb89e19e5b5bb8b9c1e3ddcd25cc637f3e5e6b8c352d8f77cab01c5f65c22"", ""a6d5e42471e8b004aca01e8fe10bdff317c8d76a59773af28d1e130cc279376f""]",synthetic_p0.01,True,1024,5.421010862427522e-20,,synthetic_q1024_p010_confirmation_f027,64,544,480,method_specific_not_cross_ranked,gray,ldpc_formal_v2,64,7a61ce53d17eb721f1f7ead1b73d46792741cf9b82591734c084441e9eeacffe,synthetic_q1024_p010_confirmation_f027,3236a5daab15c160c83c96431c8834594f3ea7c428b72b531d9d8bcf1cfa9b1d,3583,confirmation,"[""r025"", ""r025"", ""r025"", ""r025"", ""r025"", ""r025"", ""r025"", ""r025"", ""r025"", ""r025""]",0.109375,0.3440000000409782,verified_success,0.01,13612,9181ea5b9c91a935ef206f68a96c953de8bd7203807a4b589e44e9982464b378,1,42,9181ea5b9c91a935ef206f68a96c953de8bd7203807a4b589e44e9982464b378,True,53525d26f98bf6d822d61b3f2d6d08ee8b1e274cb3f8f7289fcac9a14e55659c,64,64
True,7bb476540b7d8ed0affbf7437aee0162de26ff69b4ae136d33790dd2d17b0034,"[""af121b3272024c76084af7f928c6d3a996125ee79624351c439bbdda6c52828b"", ""f091b8c6925e11c04008b367aed126c2987eaf8d776050a0e33368b446b836c1"", ""877c48b8216adb121750a561c12c2cfb9567aed4730425708170722e680c1607"", ""5d02aaab276fe9b647eb84534eadbcdbda645424784553b809e1e6236d9ad225"", ""8505d9fa86e63ae8005b078ed4860855542a5a0969e35c118b9c86afe8b1a5f2"", ""1bce8a7c44c385078f0a5e04dff3f3e1af9614df72bf51b0aeb9b5b8c88b5e0d"", ""065ddf735cbc5f47fbf5e753b6c14dbb4f5ab3dbe87b37235f33a081c4d1cd30"", ""d146e9ba17b3f5615c25f510c2d269472b4cb73d880522fb37fafa623c5022fd"", ""dc9fb89e19e5b5bb8b9c1e3ddcd25cc637f3e5e6b8c352d8f77cab01c5f65c22"", ""a6d5e42471e8b004aca01e8fe10bdff317c8d76a59773af28d1e130cc279376f""]",synthetic_p0.01,True,1024,5.421010862427522e-20,,synthetic_q1024_p010_confirmation_f014,64,544,480,method_specific_not_cross_ranked,gray,ldpc_formal_v2,64,7a61ce53d17eb721f1f7ead1b73d46792741cf9b82591734c084441e9eeacffe,synthetic_q1024_p010_confirmation_f014,3236a5daab15c160c83c96431c8834594f3ea7c428b72b531d9d8bcf1cfa9b1d,3583,confirmation,"[""r025"", ""r025"", ""r025"", ""r025"", ""r025"", ""r025"", ""r025"", ""r025"", ""r025"", ""r025""]",0.15625,0.3279999999795109,verified_success,0.01,13612,cd97cb5ae570665339fd05d67a8ffc50c259cae013e962c04daef3e85d2a6b25,1,42,cd97cb5ae570665339fd05d67a8ffc50c259cae013e962c04daef3e85d2a6b25,True,f01288cb5f27a6888fd57cfd114527aa63ad4b2fbc340edc5c65c036deb43797,64,64
True,fb2c80d3a9a50df6e5f9ba611c62fb748f1be710e11b5651970f94ebf729ab10,"[""af121b3272024c76084af7f928c6d3a996125ee79624351c439bbdda6c52828b"", ""f091b8c6925e11c04008b367aed126c2987eaf8d776050a0e33368b446b836c1"", ""877c48b8216adb121750a561c12c2cfb9567aed4730425708170722e680c1607"", ""5d02aaab276fe9b647eb84534eadbcdbda645424784553b809e1e6236d9ad225"", ""8505d9fa86e63ae8005b078ed4860855542a5a0969e35c118b9c86afe8b1a5f2"", ""1bce8a7c44c385078f0a5e04dff3f3e1af9614df72bf51b0aeb9b5b8c88b5e0d"", ""065ddf735cbc5f47fbf5e753b6c14dbb4f5ab3dbe87b37235f33a081c4d1cd30"", ""d146e9ba17b3f5615c25f510c2d269472b4cb73d880522fb37fafa623c5022fd"", ""dc9fb89e19e5b5bb8b9c1e3ddcd25cc637f3e5e6b8c352d8f77cab01c5f65c22"", ""a6d5e42471e8b004aca01e8fe10bdff317c8d76a59773af28d1e130cc279376f""]",synthetic_p0.02,True,1024,5.421010862427522e-20,,synthetic_q1024_p020_confirmation_f030,64,544,480,method_specific_not_cross_ranked,gray,ldpc_formal_v2,64,7a61ce53d17eb721f1f7ead1b73d46792741cf9b82591734c084441e9eeacffe,synthetic_q1024_p020_confirmation_f030,3236a5daab15c160c83c96431c8834594f3ea7c428b72b531d9d8bcf1cfa9b1d,3583,confirmation,"[""r025"", ""r025"", ""r025"", ""r025"", ""r025"", ""r025"", ""r025"", ""r025"", ""r025"", ""r025""]",0.15625,0.3440000000409782,verified_success,0.02,13612,3aab96475bc3b5c6b6e94059f622d009840e93c016fad502585a23f3eab3d723,1,42,3aab96475bc3b5c6b6e94059f622d009840e93c016fad502585a23f3eab3d723,True,37a92e73abe01d31168ef231317c083572353ba114f8a2ec609dafbe3730aa04,64,64
True,fb2c80d3a9a50df6e5f9ba611c62fb748f1be710e11b5651970f94ebf729ab10,"[""af121b3272024c76084af7f928c6d3a996125ee79624351c439bbdda6c52828b"", ""f091b8c6925e11c04008b367aed126c2987eaf8d776050a0e33368b446b836c1"", ""877c48b8216adb121750a561c12c2cfb9567aed4730425708170722e680c1607"", ""5d02aaab276fe9b647eb84534eadbcdbda645424784553b809e1e6236d9ad225"", ""8505d9fa86e63ae8005b078ed4860855542a5a0969e35c118b9c86afe8b1a5f2"", ""1bce8a7c44c385078f0a5e04dff3f3e1af9614df72bf51b0aeb9b5b8c88b5e0d"", ""065ddf735cbc5f47fbf5e753b6c14dbb4f5ab3dbe87b37235f33a081c4d1cd30"", ""d146e9ba17b3f5615c25f510c2d269472b4cb73d880522fb37fafa623c5022fd"", ""dc9fb89e19e5b5bb8b9c1e3ddcd25cc637f3e5e6b8c352d8f77cab01c5f65c22"", ""a6d5e42471e8b004aca01e8fe10bdff317c8d76a59773af28d1e130cc279376f""]",synthetic_p0.02,True,1024,5.421010862427522e-20,,synthetic_q1024_p020_confirmation_f013,64,544,480,method_specific_not_cross_ranked,gray,ldpc_formal_v2,64,7a61ce53d17eb721f1f7ead1b73d46792741cf9b82591734c084441e9eeacffe,synthetic_q1024_p020_confirmation_f013,3236a5daab15c160c83c96431c8834594f3ea7c428b72b531d9d8bcf1cfa9b1d,3583,confirmation,"[""r025"", ""r025"", ""r025"", ""r025"", ""r025"", ""r025"", ""r025"", ""r025"", ""r025"", ""r025""]",0.171875,0.3279999999795109,verified_success,0.02,13612,d8fa1fb3091fb14baf26183ab712d5db00f548b2049ace0a65b6d1a3dc17aa0c,1,42,d8fa1fb3091fb14baf26183ab712d5db00f548b2049ace0a65b6d1a3dc17aa0c,True,0f9b2d748de7aa4971fce7ebc53c1844b060776b780198b6859fa322c520b4ec,64,64
True,fb2c80d3a9a50df6e5f9ba611c62fb748f1be710e11b5651970f94ebf729ab10,"[""af121b3272024c76084af7f928c6d3a996125ee79624351c439bbdda6c52828b"", ""f091b8c6925e11c04008b367aed126c2987eaf8d776050a0e33368b446b836c1"", ""877c48b8216adb121750a561c12c2cfb9567aed4730425708170722e680c1607"", ""5d02aaab276fe9b647eb84534eadbcdbda645424784553b809e1e6236d9ad225"", ""8505d9fa86e63ae8005b078ed4860855542a5a0969e35c118b9c86afe8b1a5f2"", ""1bce8a7c44c385078f0a5e04dff3f3e1af9614df72bf51b0aeb9b5b8c88b5e0d"", ""065ddf735cbc5f47fbf5e753b6c14dbb4f5ab3dbe87b37235f33a081c4d1cd30"", ""d146e9ba17b3f5615c25f510c2d269472b4cb73d880522fb37fafa623c5022fd"", ""dc9fb89e19e5b5bb8b9c1e3ddcd25cc637f3e5e6b8c352d8f77cab01c5f65c22"", ""a6d5e42471e8b004aca01e8fe10bdff317c8d76a59773af28d1e130cc279376f""]",synthetic_p0.02,True,1024,5.421010862427522e-20,,synthetic_q1024_p020_confirmation_f031,64,544,480,method_specific_not_cross_ranked,gray,ldpc_formal_v2,64,7a61ce53d17eb721f1f7ead1b73d46792741cf9b82591734c084441e9eeacffe,synthetic_q1024_p020_confirmation_f031,3236a5daab15c160c83c96431c8834594f3ea7c428b72b531d9d8bcf1cfa9b1d,3583,confirmation,"[""r025"", ""r025"", ""r025"", ""r025"", ""r025"", ""r025"", ""r025"", ""r025"", ""r025"", ""r025""]",0.125,0.3279999999795109,verified_success,0.02,13612,6e0b67fad0eabc59ebf86e7c1b9646cae59995fb68ddcbfb506d4a28e55c88a5,1,42,6e0b67fad0eabc59ebf86e7c1b9646cae59995fb68ddcbfb506d4a28e55c88a5,True,8444636dc564f7dde349d9a0e05855fa0c5161dc91e9c92f81a6c0a2b624cbea,64,64
True,fb2c80d3a9a50df6e5f9ba611c62fb748f1be710e11b5651970f94ebf729ab10,"[""af121b3272024c76084af7f928c6d3a996125ee79624351c439bbdda6c52828b"", ""f091b8c6925e11c04008b367aed126c2987eaf8d776050a0e33368b446b836c1"", ""877c48b8216adb121750a561c12c2cfb9567aed4730425708170722e680c1607"", ""5d02aaab276fe9b647eb84534eadbcdbda645424784553b809e1e6236d9ad225"", ""8505d9fa86e63ae8005b078ed4860855542a5a0969e35c118b9c86afe8b1a5f2"", ""1bce8a7c44c385078f0a5e04dff3f3e1af9614df72bf51b0aeb9b5b8c88b5e0d"", ""065ddf735cbc5f47fbf5e753b6c14dbb4f5ab3dbe87b37235f33a081c4d1cd30"", ""d146e9ba17b3f5615c25f510c2d269472b4cb73d880522fb37fafa623c5022fd"", ""dc9fb89e19e5b5bb8b9c1e3ddcd25cc637f3e5e6b8c352d8f77cab01c5f65c22"", ""a6d5e42471e8b004aca01e8fe10bdff317c8d76a59773af28d1e130cc279376f""]",synthetic_p0.02,True,1024,5.421010862427522e-20,,synthetic_q1024_p020_confirmation_f008,64,544,480,method_specific_not_cross_ranked,gray,ldpc_formal_v2,64,7a61ce53d17eb721f1f7ead1b73d46792741cf9b82591734c084441e9eeacffe,synthetic_q1024_p020_confirmation_f008,3236a5daab15c160c83c96431c8834594f3ea7c428b72b531d9d8bcf1cfa9b1d,3583,confirmation,"[""r025"", ""r025"", ""r025"", ""r025"", ""r025"", ""r025"", ""r025"", ""r025"", ""r025"", ""r025""]",0.25,0.3279999999795109,verified_success,0.02,13612,ea964b7b5885e980951a67bd09c328d7ca488b2017b8c059655c37bef324e79e,1,42,ea964b7b5885e980951a67bd09c328d7ca488b2017b8c059655c37bef324e79e,True,bfd82d28d1f8dce91cb8c478f6f8cd913ee9b12eb3f07ce364b3d9490aaf6595,64,64
True,fb2c80d3a9a50df6e5f9ba611c62fb748f1be710e11b5651970f94ebf729ab10,"[""af121b3272024c76084af7f928c6d3a996125ee79624351c439bbdda6c52828b"", ""f091b8c6925e11c04008b367aed126c2987eaf8d776050a0e33368b446b836c1"", ""877c48b8216adb121750a561c12c2cfb9567aed4730425708170722e680c1607"", ""5d02aaab276fe9b647eb84534eadbcdbda645424784553b809e1e6236d9ad225"", ""8505d9fa86e63ae8005b078ed4860855542a5a0969e35c118b9c86afe8b1a5f2"", ""1bce8a7c44c385078f0a5e04dff3f3e1af9614df72bf51b0aeb9b5b8c88b5e0d"", ""065ddf735cbc5f47fbf5e753b6c14dbb4f5ab3dbe87b37235f33a081c4d1cd30"", ""d146e9ba17b3f5615c25f510c2d269472b4cb73d880522fb37fafa623c5022fd"", ""dc9fb89e19e5b5bb8b9c1e3ddcd25cc637f3e5e6b8c352d8f77cab01c5f65c22"", ""a6d5e42471e8b004aca01e8fe10bdff317c8d76a59773af28d1e130cc279376f""]",synthetic_p0.02,True,1024,5.421010862427522e-20,,synthetic_q1024_p020_confirmation_f006,64,544,480,method_specific_not_cross_ranked,gray,ldpc_formal_v2,64,7a61ce53d17eb721f1f7ead1b73d46792741cf9b82591734c084441e9eeacffe,synthetic_q1024_p020_confirmation_f006,3236a5daab15c160c83c96431c8834594f3ea7c428b72b531d9d8bcf1cfa9b1d,3583,confirmation,"[""r025"", ""r025"", ""r025"", ""r025"", ""r025"", ""r025"", ""r025"", ""r025"", ""r025"", ""r025""]",0.0625,0.3440000000409782,verified_success,0.02,13612,bdad58c5d0f9ea8247a8b96a163eaa2f59d0c8539d69cc6e793f3f5d53ac36c7,1,42,bdad58c5d0f9ea8247a8b96a163eaa2f59d0c8539d69cc6e793f3f5d53ac36c7,True,0b51f3cb875f9e731d80b75b9e5dbb2300ba2a955e870864474e7d63e95afa41,64,64
True,fb2c80d3a9a50df6e5f9ba611c62fb748f1be710e11b5651970f94ebf729ab10,"[""af121b3272024c76084af7f928c6d3a996125ee79624351c439bbdda6c52828b"", ""f091b8c6925e11c04008b367aed126c2987eaf8d776050a0e33368b446b836c1"", ""877c48b8216adb121750a561c12c2cfb9567aed4730425708170722e680c1607"", ""5d02aaab276fe9b647eb84534eadbcdbda645424784553b809e1e6236d9ad225"", ""8505d9fa86e63ae8005b078ed4860855542a5a0969e35c118b9c86afe8b1a5f2"", ""1bce8a7c44c385078f0a5e04dff3f3e1af9614df72bf51b0aeb9b5b8c88b5e0d"", ""065ddf735cbc5f47fbf5e753b6c14dbb4f5ab3dbe87b37235f33a081c4d1cd30"", ""d146e9ba17b3f5615c25f510c2d269472b4cb73d880522fb37fafa623c5022fd"", ""dc9fb89e19e5b5bb8b9c1e3ddcd25cc637f3e5e6b8c352d8f77cab01c5f65c22"", ""a6d5e42471e8b004aca01e8fe10bdff317c8d76a59773af28d1e130cc279376f""]",synthetic_p0.02,True,1024,5.421010862427522e-20,,synthetic_q1024_p020_confirmation_f021,64,544,480,method_specific_not_cross_ranked,gray,ldpc_formal_v2,64,7a61ce53d17eb721f1f7ead1b73d46792741cf9b82591734c084441e9eeacffe,synthetic_q1024_p020_confirmation_f021,3236a5daab15c160c83c96431c8834594f3ea7c428b72b531d9d8bcf1cfa9b1d,3583,confirmation,"[""r025"", ""r025"", ""r025"", ""r025"", ""r025"", ""r025"", ""r025"", ""r025"", ""r025"", ""r025""]",0.1875,0.3279999999795109,verified_success,0.02,13612,f96ca58cade12810a514b6d0f1a0e286757d62f9487d7682c41fd45186417244,1,42,f96ca58cade12810a514b6d0f1a0e286757d62f9487d7682c41fd45186417244,True,070458c0ed9e60ce3ed9836293c89c7ba5665348cbc3a320f09530ef7b4379dc,64,64
True,7bb476540b7d8ed0affbf7437aee0162de26ff69b4ae136d33790dd2d17b0034,"[""af121b3272024c76084af7f928c6d3a996125ee79624351c439bbdda6c52828b"", ""f091b8c6925e11c04008b367aed126c2987eaf8d776050a0e33368b446b836c1"", ""877c48b8216adb121750a561c12c2cfb9567aed4730425708170722e680c1607"", ""5d02aaab276fe9b647eb84534eadbcdbda645424784553b809e1e6236d9ad225"", ""8505d9fa86e63ae8005b078ed4860855542a5a0969e35c118b9c86afe8b1a5f2"", ""1bce8a7c44c385078f0a5e04dff3f3e1af9614df72bf51b0aeb9b5b8c88b5e0d"", ""065ddf735cbc5f47fbf5e753b6c14dbb4f5ab3dbe87b37235f33a081c4d1cd30"", ""d146e9ba17b3f5615c25f510c2d269472b4cb73d880522fb37fafa623c5022fd"", ""dc9fb89e19e5b5bb8b9c1e3ddcd25cc637f3e5e6b8c352d8f77cab01c5f65c22"", ""a6d5e42471e8b004aca01e8fe10bdff317c8d76a59773af28d1e130cc279376f""]",synthetic_p0.01,True,1024,5.421010862427522e-20,,synthetic_q1024_p010_confirmation_f026,64,544,480,method_specific_not_cross_ranked,gray,ldpc_formal_v2,64,7a61ce53d17eb721f1f7ead1b73d46792741cf9b82591734c084441e9eeacffe,synthetic_q1024_p010_confirmation_f026,3236a5daab15c160c83c96431c8834594f3ea7c428b72b531d9d8bcf1cfa9b1d,3583,confirmation,"[""r025"", ""r025"", ""r025"", ""r025"", ""r025"", ""r025"", ""r025"", ""r025"", ""r025"", ""r025""]",0.078125,0.3279999999795109,verified_success,0.01,13612,4685dde20f7394943dff1177f71befdbcf1835d506107ac3f0c40ba242ddfd72,1,42,4685dde20f7394943dff1177f71befdbcf1835d506107ac3f0c40ba242ddfd72,True,9b8e8af969482c12a9697ef58cad34dfcd30ba50d8180fcb51120bae764866e0,64,64
True,7bb476540b7d8ed0affbf7437aee0162de26ff69b4ae136d33790dd2d17b0034,"[""af121b3272024c76084af7f928c6d3a996125ee79624351c439bbdda6c52828b"", ""f091b8c6925e11c04008b367aed126c2987eaf8d776050a0e33368b446b836c1"", ""877c48b8216adb121750a561c12c2cfb9567aed4730425708170722e680c1607"", ""5d02aaab276fe9b647eb84534eadbcdbda645424784553b809e1e6236d9ad225"", ""8505d9fa86e63ae8005b078ed4860855542a5a0969e35c118b9c86afe8b1a5f2"", ""1bce8a7c44c385078f0a5e04dff3f3e1af9614df72bf51b0aeb9b5b8c88b5e0d"", ""065ddf735cbc5f47fbf5e753b6c14dbb4f5ab3dbe87b37235f33a081c4d1cd30"", ""d146e9ba17b3f5615c25f510c2d269472b4cb73d880522fb37fafa623c5022fd"", ""dc9fb89e19e5b5bb8b9c1e3ddcd25cc637f3e5e6b8c352d8f77cab01c5f65c22"", ""a6d5e42471e8b004aca01e8fe10bdff317c8d76a59773af28d1e130cc279376f""]",synthetic_p0.01,True,1024,5.421010862427522e-20,,synthetic_q1024_p010_confirmation_f020,64,544,480,method_specific_not_cross_ranked,gray,ldpc_formal_v2,64,7a61ce53d17eb721f1f7ead1b73d46792741cf9b82591734c084441e9eeacffe,synthetic_q1024_p010_confirmation_f020,3236a5daab15c160c83c96431c8834594f3ea7c428b72b531d9d8bcf1cfa9b1d,3583,confirmation,"[""r025"", ""r025"", ""r025"", ""r025"", ""r025"", ""r025"", ""r025"", ""r025"", ""r025"", ""r025""]",0.09375,0.32900000002700835,verified_success,0.01,13612,5e563e95fe2d3fb60a917199919767f79a6904e2f0ac736e4822d456c34b50fe,1,42,5e563e95fe2d3fb60a917199919767f79a6904e2f0ac736e4822d456c34b50fe,True,d162ea500bd314fbef4725944c5df732b5d2a3e16d5f57988a31c8195d1a3443,64,64
True,fb2c80d3a9a50df6e5f9ba611c62fb748f1be710e11b5651970f94ebf729ab10,"[""af121b3272024c76084af7f928c6d3a996125ee79624351c439bbdda6c52828b"", ""f091b8c6925e11c04008b367aed126c2987eaf8d776050a0e33368b446b836c1"", ""877c48b8216adb121750a561c12c2cfb9567aed4730425708170722e680c1607"", ""5d02aaab276fe9b647eb84534eadbcdbda645424784553b809e1e6236d9ad225"", ""8505d9fa86e63ae8005b078ed4860855542a5a0969e35c118b9c86afe8b1a5f2"", ""1bce8a7c44c385078f0a5e04dff3f3e1af9614df72bf51b0aeb9b5b8c88b5e0d"", ""065ddf735cbc5f47fbf5e753b6c14dbb4f5ab3dbe87b37235f33a081c4d1cd30"", ""d146e9ba17b3f5615c25f510c2d269472b4cb73d880522fb37fafa623c5022fd"", ""dc9fb89e19e5b5bb8b9c1e3ddcd25cc637f3e5e6b8c352d8f77cab01c5f65c22"", ""a6d5e42471e8b004aca01e8fe10bdff317c8d76a59773af28d1e130cc279376f""]",synthetic_p0.02,True,1024,5.421010862427522e-20,,synthetic_q1024_p020_confirmation_f003,64,544,480,method_specific_not_cross_ranked,gray,ldpc_formal_v2,64,7a61ce53d17eb721f1f7ead1b73d46792741cf9b82591734c084441e9eeacffe,synthetic_q1024_p020_confirmation_f003,3236a5daab15c160c83c96431c8834594f3ea7c428b72b531d9d8bcf1cfa9b1d,3583,confirmation,"[""r025"", ""r025"", ""r025"", ""r025"", ""r025"", ""r025"", ""r025"", ""r025"", ""r025"", ""r025""]",0.125,0.3279999999795109,verified_success,0.02,13612,691680b5e19d5c993cff003a4dfc710cafda12df1ed732b98e2b1d5e912606fd,1,42,691680b5e19d5c993cff003a4dfc710cafda12df1ed732b98e2b1d5e912606fd,True,9b0436d0ba988172b4619bee85c199086f6c311d95db3e926c4db34ef7ac3188,64,64
True,fb2c80d3a9a50df6e5f9ba611c62fb748f1be710e11b5651970f94ebf729ab10,"[""af121b3272024c76084af7f928c6d3a996125ee79624351c439bbdda6c52828b"", ""f091b8c6925e11c04008b367aed126c2987eaf8d776050a0e33368b446b836c1"", ""877c48b8216adb121750a561c12c2cfb9567aed4730425708170722e680c1607"", ""5d02aaab276fe9b647eb84534eadbcdbda645424784553b809e1e6236d9ad225"", ""8505d9fa86e63ae8005b078ed4860855542a5a0969e35c118b9c86afe8b1a5f2"", ""1bce8a7c44c385078f0a5e04dff3f3e1af9614df72bf51b0aeb9b5b8c88b5e0d"", ""065ddf735cbc5f47fbf5e753b6c14dbb4f5ab3dbe87b37235f33a081c4d1cd30"", ""d146e9ba17b3f5615c25f510c2d269472b4cb73d880522fb37fafa623c5022fd"", ""dc9fb89e19e5b5bb8b9c1e3ddcd25cc637f3e5e6b8c352d8f77cab01c5f65c22"", ""a6d5e42471e8b004aca01e8fe10bdff317c8d76a59773af28d1e130cc279376f""]",synthetic_p0.02,True,1024,5.421010862427522e-20,,synthetic_q1024_p020_confirmation_f011,64,544,480,method_specific_not_cross_ranked,gray,ldpc_formal_v2,64,7a61ce53d17eb721f1f7ead1b73d46792741cf9b82591734c084441e9eeacffe,synthetic_q1024_p020_confirmation_f011,3236a5daab15c160c83c96431c8834594f3ea7c428b72b531d9d8bcf1cfa9b1d,3583,confirmation,"[""r025"", ""r025"", ""r025"", ""r025"", ""r025"", ""r025"", ""r025"", ""r025"", ""r025"", ""r025""]",0.125,0.34299999999348074,verified_success,0.02,13612,c1858c8aacfb3820bfc7e52c7dee33821e981c1c46e2c76bf3a07624b2e09749,1,42,c1858c8aacfb3820bfc7e52c7dee33821e981c1c46e2c76bf3a07624b2e09749,True,fa22d9bb208bf68270c6ae96d677f71194fa05ecfdba507b4396b96da35dcbf9,64,64
True,7bb476540b7d8ed0affbf7437aee0162de26ff69b4ae136d33790dd2d17b0034,"[""af121b3272024c76084af7f928c6d3a996125ee79624351c439bbdda6c52828b"", ""f091b8c6925e11c04008b367aed126c2987eaf8d776050a0e33368b446b836c1"", ""877c48b8216adb121750a561c12c2cfb9567aed4730425708170722e680c1607"", ""5d02aaab276fe9b647eb84534eadbcdbda645424784553b809e1e6236d9ad225"", ""8505d9fa86e63ae8005b078ed4860855542a5a0969e35c118b9c86afe8b1a5f2"", ""1bce8a7c44c385078f0a5e04dff3f3e1af9614df72bf51b0aeb9b5b8c88b5e0d"", ""065ddf735cbc5f47fbf5e753b6c14dbb4f5ab3dbe87b37235f33a081c4d1cd30"", ""d146e9ba17b3f5615c25f510c2d269472b4cb73d880522fb37fafa623c5022fd"", ""dc9fb89e19e5b5bb8b9c1e3ddcd25cc637f3e5e6b8c352d8f77cab01c5f65c22"", ""a6d5e42471e8b004aca01e8fe10bdff317c8d76a59773af28d1e130cc279376f""]",synthetic_p0.01,True,1024,5.421010862427522e-20,,synthetic_q1024_p010_confirmation_f004,64,544,480,method_specific_not_cross_ranked,gray,ldpc_formal_v2,64,7a61ce53d17eb721f1f7ead1b73d46792741cf9b82591734c084441e9eeacffe,synthetic_q1024_p010_confirmation_f004,3236a5daab15c160c83c96431c8834594f3ea7c428b72b531d9d8bcf1cfa9b1d,3583,confirmation,"[""r025"", ""r025"", ""r025"", ""r025"", ""r025"", ""r025"", ""r025"", ""r025"", ""r025"", ""r025""]",0.078125,0.32900000002700835,verified_success,0.01,13612,1f9e0e7b034835b670c212befa070807226cfa97321bd893f83ae2d59a584035,1,42,1f9e0e7b034835b670c212befa070807226cfa97321bd893f83ae2d59a584035,True,43fa8058012be22ded5fffa7e1a597a2bdbaa6ead23e8bfd44f8799673fa37a1,64,64
True,fb2c80d3a9a50df6e5f9ba611c62fb748f1be710e11b5651970f94ebf729ab10,"[""af121b3272024c76084af7f928c6d3a996125ee79624351c439bbdda6c52828b"", ""f091b8c6925e11c04008b367aed126c2987eaf8d776050a0e33368b446b836c1"", ""877c48b8216adb121750a561c12c2cfb9567aed4730425708170722e680c1607"", ""5d02aaab276fe9b647eb84534eadbcdbda645424784553b809e1e6236d9ad225"", ""8505d9fa86e63ae8005b078ed4860855542a5a0969e35c118b9c86afe8b1a5f2"", ""1bce8a7c44c385078f0a5e04dff3f3e1af9614df72bf51b0aeb9b5b8c88b5e0d"", ""065ddf735cbc5f47fbf5e753b6c14dbb4f5ab3dbe87b37235f33a081c4d1cd30"", ""d146e9ba17b3f5615c25f510c2d269472b4cb73d880522fb37fafa623c5022fd"", ""dc9fb89e19e5b5bb8b9c1e3ddcd25cc637f3e5e6b8c352d8f77cab01c5f65c22"", ""a6d5e42471e8b004aca01e8fe10bdff317c8d76a59773af28d1e130cc279376f""]",synthetic_p0.02,True,1024,5.421010862427522e-20,,synthetic_q1024_p020_confirmation_f025,64,544,480,method_specific_not_cross_ranked,gray,ldpc_formal_v2,64,7a61ce53d17eb721f1f7ead1b73d46792741cf9b82591734c084441e9eeacffe,synthetic_q1024_p020_confirmation_f025,3236a5daab15c160c83c96431c8834594f3ea7c428b72b531d9d8bcf1cfa9b1d,3583,confirmation,"[""r025"", ""r025"", ""r025"", ""r025"", ""r025"", ""r025"", ""r025"", ""r025"", ""r025"", ""r025""]",0.234375,0.34299999999348074,verified_success,0.02,13612,a0c00c04810a3f1f0f34965a0cacd13932103f22db627c42b3b4f6bbd7fccba8,1,42,a0c00c04810a3f1f0f34965a0cacd13932103f22db627c42b3b4f6bbd7fccba8,True,cbfdd0460a665a456e457d4ee501dbc4e6687f5af7895725ca5db31017a753bd,64,64
True,7bb476540b7d8ed0affbf7437aee0162de26ff69b4ae136d33790dd2d17b0034,"[""af121b3272024c76084af7f928c6d3a996125ee79624351c439bbdda6c52828b"", ""f091b8c6925e11c04008b367aed126c2987eaf8d776050a0e33368b446b836c1"", ""877c48b8216adb121750a561c12c2cfb9567aed4730425708170722e680c1607"", ""5d02aaab276fe9b647eb84534eadbcdbda645424784553b809e1e6236d9ad225"", ""8505d9fa86e63ae8005b078ed4860855542a5a0969e35c118b9c86afe8b1a5f2"", ""1bce8a7c44c385078f0a5e04dff3f3e1af9614df72bf51b0aeb9b5b8c88b5e0d"", ""065ddf735cbc5f47fbf5e753b6c14dbb4f5ab3dbe87b37235f33a081c4d1cd30"", ""d146e9ba17b3f5615c25f510c2d269472b4cb73d880522fb37fafa623c5022fd"", ""dc9fb89e19e5b5bb8b9c1e3ddcd25cc637f3e5e6b8c352d8f77cab01c5f65c22"", ""a6d5e42471e8b004aca01e8fe10bdff317c8d76a59773af28d1e130cc279376f""]",synthetic_p0.01,True,1024,5.421010862427522e-20,,synthetic_q1024_p010_confirmation_f031,64,544,480,method_specific_not_cross_ranked,gray,ldpc_formal_v2,64,7a61ce53d17eb721f1f7ead1b73d46792741cf9b82591734c084441e9eeacffe,synthetic_q1024_p010_confirmation_f031,3236a5daab15c160c83c96431c8834594f3ea7c428b72b531d9d8bcf1cfa9b1d,3583,confirmation,"[""r025"", ""r025"", ""r025"", ""r025"", ""r025"", ""r025"", ""r025"", ""r025"", ""r025"", ""r025""]",0.125,0.3279999999795109,verified_success,0.01,13612,cb265e4f14ead3fa47947bcb705adc52137e27a9c74700aaf053e6fd93d4bddf,1,42,cb265e4f14ead3fa47947bcb705adc52137e27a9c74700aaf053e6fd93d4bddf,True,5f526bde09666153dd2e09fe3b66dca3bb044db65c88e26ec51afbc6def3335c,64,64
True,7bb476540b7d8ed0affbf7437aee0162de26ff69b4ae136d33790dd2d17b0034,"[""af121b3272024c76084af7f928c6d3a996125ee79624351c439bbdda6c52828b"", ""f091b8c6925e11c04008b367aed126c2987eaf8d776050a0e33368b446b836c1"", ""877c48b8216adb121750a561c12c2cfb9567aed4730425708170722e680c1607"", ""5d02aaab276fe9b647eb84534eadbcdbda645424784553b809e1e6236d9ad225"", ""8505d9fa86e63ae8005b078ed4860855542a5a0969e35c118b9c86afe8b1a5f2"", ""1bce8a7c44c385078f0a5e04dff3f3e1af9614df72bf51b0aeb9b5b8c88b5e0d"", ""065ddf735cbc5f47fbf5e753b6c14dbb4f5ab3dbe87b37235f33a081c4d1cd30"", ""d146e9ba17b3f5615c25f510c2d269472b4cb73d880522fb37fafa623c5022fd"", ""dc9fb89e19e5b5bb8b9c1e3ddcd25cc637f3e5e6b8c352d8f77cab01c5f65c22"", ""a6d5e42471e8b004aca01e8fe10bdff317c8d76a59773af28d1e130cc279376f""]",synthetic_p0.01,True,1024,5.421010862427522e-20,,synthetic_q1024_p010_confirmation_f001,64,544,480,method_specific_not_cross_ranked,gray,ldpc_formal_v2,64,7a61ce53d17eb721f1f7ead1b73d46792741cf9b82591734c084441e9eeacffe,synthetic_q1024_p010_confirmation_f001,3236a5daab15c160c83c96431c8834594f3ea7c428b72b531d9d8bcf1cfa9b1d,3583,confirmation,"[""r025"", ""r025"", ""r025"", ""r025"", ""r025"", ""r025"", ""r025"", ""r025"", ""r025"", ""r025""]",0.140625,0.32900000002700835,verified_success,0.01,13612,2ddb76a28691a5eb4bc3f4549ebca7b44b51129ec63e31cc4040277f14848f28,1,42,2ddb76a28691a5eb4bc3f4549ebca7b44b51129ec63e31cc4040277f14848f28,True,df32b7f7ece54aa05d5db32347553bf3584eb546b732a62699035f6364df6d3b,64,64
