dataset_id,dimension,bin_width_ps,frame_cap,frames_used_actual,method,method_status,backend_status,parity_fraction,max_iter,osd_order,bp_method,mapping,llr_mode,bitplane_rate_mode,n_frames_attempted,n_frames_success,n_frames_failed_decode,n_frames_failed_verify,accepted_frame_fraction,raw_ser,post_ir_ser,leak_EC_actual_bits,leak_EC_per_input_bit,beta_eff_empirical,runtime_s,notes,param_hash,real_ir_success,success_classification
real_typeii_20db_d1024_bw100_blk0,1024,100,4,4,layered_ldpc_lite,ok,ldpc.BpOsdDecoder,0.9,50,0,minimum_sum,gray,hard,uniform,4,4,0,0,1.0,0.2421875,0.0,2448.0,0.95625,0.0,1.070877099991776,backend=ldpc.BpOsdDecoder; parity_fraction=0.9; column_weight=3; seed=20260428; osd_order=0; bp_method=minimum_sum; llr_mode=hard; bitplane_rate_mode=uniform; unverified_policy=revert_to_bob_decode_failed,9670a15685aa444a,True,real_ir_success
real_typeii_20db_d1024_bw100_blk0,1024,100,4,4,layered_ldpc_lite,ok,ldpc.BpOsdDecoder,1.0,50,0,minimum_sum,gray,bsc_estimated,uniform,4,4,0,0,1.0,0.2421875,0.0,2688.0,1.05,0.0,1.0958770000142977,backend=ldpc.BpOsdDecoder; parity_fraction=1.0; column_weight=3; seed=20260428; osd_order=0; bp_method=minimum_sum; llr_mode=bsc_estimated; bitplane_rate_mode=uniform; unverified_policy=revert_to_bob_decode_failed,e70c48e72e0f514c,True,real_ir_success
real_typeii_20db_d1024_bw100_blk0,1024,100,4,4,layered_ldpc_lite,ok,ldpc.BpOsdDecoder,0.8,50,0,minimum_sum,gray,bsc_estimated,uniform,4,4,0,0,1.0,0.2421875,0.0,2208.0,0.8625,0.0,1.1053107000188902,backend=ldpc.BpOsdDecoder; parity_fraction=0.8; column_weight=3; seed=20260428; osd_order=0; bp_method=minimum_sum; llr_mode=bsc_estimated; bitplane_rate_mode=uniform; unverified_policy=revert_to_bob_decode_failed,221e5a91339f6e44,True,real_ir_success
real_typeii_20db_d1024_bw100_blk0,1024,100,4,4,layered_ldpc_lite,ok,ldpc.BpOsdDecoder,0.9,50,0,minimum_sum,gray,bsc_estimated,uniform,4,4,0,0,1.0,0.2421875,0.0,2448.0,0.95625,0.0,1.121879499987699,backend=ldpc.BpOsdDecoder; parity_fraction=0.9; column_weight=3; seed=20260428; osd_order=0; bp_method=minimum_sum; llr_mode=bsc_estimated; bitplane_rate_mode=uniform; unverified_policy=revert_to_bob_decode_failed,e8db1e33326bc16a,True,real_ir_success
real_typeii_20db_d1024_bw180_blk0,1024,180,4,4,layered_ldpc_lite,ok,ldpc.BpOsdDecoder,0.67,50,0,minimum_sum,gray,hard,uniform,4,1,3,0,0.25,0.2265625,0.16796875,1848.0,0.721875,0.0,1.126130299991928,backend=ldpc.BpOsdDecoder; parity_fraction=0.67; column_weight=3; seed=20260428; osd_order=0; bp_method=minimum_sum; llr_mode=hard; bitplane_rate_mode=uniform; unverified_policy=revert_to_bob_decode_failed,ec874e3fd7633e78,False,decode_improved_but_unverified
real_typeii_20db_d1024_bw100_blk0,1024,100,4,4,layered_ldpc_lite,decode_failed,ldpc.BpOsdDecoder,0.67,50,0,minimum_sum,gray,hard,uniform,4,0,4,0,0.0,0.2421875,0.2421875,1848.0,0.721875,0.0,1.1599139999889303,backend=ldpc.BpOsdDecoder; parity_fraction=0.67; column_weight=3; seed=20260428; osd_order=0; bp_method=minimum_sum; llr_mode=hard; bitplane_rate_mode=uniform; unverified_policy=revert_to_bob_decode_failed; status_reason=decode_failed; success=0/4; raw_ser=0.2421875; post_ir_ser=0.2421875,ec874e3fd7633e78,False,decode_failed
real_typeii_20db_d1024_bw180_blk0,1024,180,4,4,layered_ldpc_lite,decode_failed,ldpc.BpOsdDecoder,0.5,50,0,minimum_sum,gray,hard,uniform,4,0,4,0,0.0,0.2265625,0.2265625,1408.0,0.55,0.0,1.1613072000036482,backend=ldpc.BpOsdDecoder; parity_fraction=0.5; column_weight=3; seed=20260428; osd_order=0; bp_method=minimum_sum; llr_mode=hard; bitplane_rate_mode=uniform; unverified_policy=revert_to_bob_decode_failed; status_reason=decode_failed; success=0/4; raw_ser=0.2265625; post_ir_ser=0.2265625,dc1d252b3b27a80e,False,decode_failed
real_typeii_20db_d1024_bw100_blk0,1024,100,4,4,layered_ldpc_lite,decode_failed,ldpc.BpOsdDecoder,0.5,50,0,minimum_sum,gray,bsc_estimated,uniform,4,0,4,0,0.0,0.2421875,0.2421875,1408.0,0.55,0.0,1.1750829999800771,backend=ldpc.BpOsdDecoder; parity_fraction=0.5; column_weight=3; seed=20260428; osd_order=0; bp_method=minimum_sum; llr_mode=bsc_estimated; bitplane_rate_mode=uniform; unverified_policy=revert_to_bob_decode_failed; status_reason=decode_failed; success=0/4; raw_ser=0.2421875; post_ir_ser=0.2421875,1b68567774e87e2e,False,decode_failed
real_typeii_20db_d1024_bw180_blk0,1024,180,4,4,layered_ldpc_lite,ok,ldpc.BpOsdDecoder,0.8,50,0,minimum_sum,gray,hard,uniform,4,3,1,0,0.75,0.2265625,0.05859375,2208.0,0.8625,0.0,1.1729090999870095,backend=ldpc.BpOsdDecoder; parity_fraction=0.8; column_weight=3; seed=20260428; osd_order=0; bp_method=minimum_sum; llr_mode=hard; bitplane_rate_mode=uniform; unverified_policy=revert_to_bob_decode_failed,b07a3943cf9048dc,False,decode_improved_but_unverified
real_typeii_20db_d1024_bw180_blk0,1024,180,4,4,layered_ldpc_lite,ok,ldpc.BpOsdDecoder,0.8,50,0,minimum_sum,gray,bsc_estimated,uniform,4,3,1,0,0.75,0.2265625,0.05859375,2208.0,0.8625,0.0,1.1779549000202678,backend=ldpc.BpOsdDecoder; parity_fraction=0.8; column_weight=3; seed=20260428; osd_order=0; bp_method=minimum_sum; llr_mode=bsc_estimated; bitplane_rate_mode=uniform; unverified_policy=revert_to_bob_decode_failed,221e5a91339f6e44,False,decode_improved_but_unverified
real_typeii_20db_d1024_bw180_blk0,1024,180,4,4,layered_ldpc_lite,ok,ldpc.BpOsdDecoder,0.67,50,0,minimum_sum,gray,bsc_estimated,uniform,4,1,3,0,0.25,0.2265625,0.16796875,1848.0,0.721875,0.0,1.1816534000099637,backend=ldpc.BpOsdDecoder; parity_fraction=0.67; column_weight=3; seed=20260428; osd_order=0; bp_method=minimum_sum; llr_mode=bsc_estimated; bitplane_rate_mode=uniform; unverified_policy=revert_to_bob_decode_failed,f3f67ce02bdd88ce,False,decode_improved_but_unverified
real_typeii_20db_d1024_bw100_blk0,1024,100,4,4,layered_ldpc_lite,decode_failed,ldpc.BpOsdDecoder,0.67,50,0,minimum_sum,gray,bsc_estimated,uniform,4,0,4,0,0.0,0.2421875,0.2421875,1848.0,0.721875,0.0,1.1916325000056531,backend=ldpc.BpOsdDecoder; parity_fraction=0.67; column_weight=3; seed=20260428; osd_order=0; bp_method=minimum_sum; llr_mode=bsc_estimated; bitplane_rate_mode=uniform; unverified_policy=revert_to_bob_decode_failed; status_reason=decode_failed; success=0/4; raw_ser=0.2421875; post_ir_ser=0.2421875,f3f67ce02bdd88ce,False,decode_failed
real_typeii_20db_d1024_bw100_blk0,1024,100,4,4,layered_ldpc_lite,ok,ldpc.BpOsdDecoder,1.0,50,0,minimum_sum,gray,hard,uniform,4,4,0,0,1.0,0.2421875,0.0,2688.0,1.05,0.0,1.1962887999834493,backend=ldpc.BpOsdDecoder; parity_fraction=1.0; column_weight=3; seed=20260428; osd_order=0; bp_method=minimum_sum; llr_mode=hard; bitplane_rate_mode=uniform; unverified_policy=revert_to_bob_decode_failed,c0088d2836df2d57,True,real_ir_success
real_typeii_20db_d1024_bw100_blk0,1024,100,4,4,layered_ldpc_lite,decode_failed,ldpc.BpOsdDecoder,0.5,50,0,minimum_sum,gray,hard,uniform,4,0,4,0,0.0,0.2421875,0.2421875,1408.0,0.55,0.0,1.2068081000179518,backend=ldpc.BpOsdDecoder; parity_fraction=0.5; column_weight=3; seed=20260428; osd_order=0; bp_method=minimum_sum; llr_mode=hard; bitplane_rate_mode=uniform; unverified_policy=revert_to_bob_decode_failed; status_reason=decode_failed; success=0/4; raw_ser=0.2421875; post_ir_ser=0.2421875,dc1d252b3b27a80e,False,decode_failed
real_typeii_20db_d1024_bw100_blk0,1024,100,4,4,layered_ldpc_lite,ok,ldpc.BpOsdDecoder,0.8,50,0,minimum_sum,gray,hard,uniform,4,3,1,0,0.75,0.2421875,0.05859375,2208.0,0.8625,0.0,1.2226063999987673,backend=ldpc.BpOsdDecoder; parity_fraction=0.8; column_weight=3; seed=20260428; osd_order=0; bp_method=minimum_sum; llr_mode=hard; bitplane_rate_mode=uniform; unverified_policy=revert_to_bob_decode_failed,b07a3943cf9048dc,False,decode_improved_but_unverified
real_typeii_20db_d1024_bw180_blk0,1024,180,4,4,layered_ldpc_lite,decode_failed,ldpc.BpOsdDecoder,0.5,50,0,minimum_sum,gray,bsc_estimated,uniform,4,0,4,0,0.0,0.2265625,0.2265625,1408.0,0.55,0.0,1.2750079999968875,backend=ldpc.BpOsdDecoder; parity_fraction=0.5; column_weight=3; seed=20260428; osd_order=0; bp_method=minimum_sum; llr_mode=bsc_estimated; bitplane_rate_mode=uniform; unverified_policy=revert_to_bob_decode_failed; status_reason=decode_failed; success=0/4; raw_ser=0.2265625; post_ir_ser=0.2265625,1b68567774e87e2e,False,decode_failed
real_typeii_20db_d16_bw100_blk0,16,100,4,4,layered_ldpc_lite,decode_failed,ldpc.BpOsdDecoder,0.5,50,0,minimum_sum,gray,hard,uniform,4,0,4,0,0.0,0.19921875,0.19921875,640.0,0.625,0.0,0.3748196999949869,backend=ldpc.BpOsdDecoder; parity_fraction=0.5; column_weight=3; seed=20260428; osd_order=0; bp_method=minimum_sum; llr_mode=hard; bitplane_rate_mode=uniform; unverified_policy=revert_to_bob_decode_failed; status_reason=decode_failed; success=0/4; raw_ser=0.19921875; post_ir_ser=0.19921875,dc1d252b3b27a80e,False,decode_failed
real_typeii_20db_d16_bw100_blk0,16,100,4,4,layered_ldpc_lite,decode_failed,ldpc.BpOsdDecoder,0.5,50,0,minimum_sum,gray,bsc_estimated,uniform,4,0,4,0,0.0,0.19921875,0.19921875,640.0,0.625,0.0,0.3982541000004858,backend=ldpc.BpOsdDecoder; parity_fraction=0.5; column_weight=3; seed=20260428; osd_order=0; bp_method=minimum_sum; llr_mode=bsc_estimated; bitplane_rate_mode=uniform; unverified_policy=revert_to_bob_decode_failed; status_reason=decode_failed; success=0/4; raw_ser=0.19921875; post_ir_ser=0.19921875,1b68567774e87e2e,False,decode_failed
real_typeii_20db_d16_bw100_blk0,16,100,4,4,layered_ldpc_lite,ok,ldpc.BpOsdDecoder,0.67,50,0,minimum_sum,gray,hard,uniform,4,2,2,0,0.5,0.19921875,0.109375,816.0,0.796875,0.0,0.35728920000838116,backend=ldpc.BpOsdDecoder; parity_fraction=0.67; column_weight=3; seed=20260428; osd_order=0; bp_method=minimum_sum; llr_mode=hard; bitplane_rate_mode=uniform; unverified_policy=revert_to_bob_decode_failed,ec874e3fd7633e78,False,decode_improved_but_unverified
real_typeii_20db_d1024_bw180_blk0,1024,180,4,4,layered_ldpc_lite,ok,ldpc.BpOsdDecoder,0.9,50,0,minimum_sum,gray,bsc_estimated,uniform,4,4,0,0,1.0,0.2265625,0.0,2448.0,0.95625,0.0,0.9336363000038546,backend=ldpc.BpOsdDecoder; parity_fraction=0.9; column_weight=3; seed=20260428; osd_order=0; bp_method=minimum_sum; llr_mode=bsc_estimated; bitplane_rate_mode=uniform; unverified_policy=revert_to_bob_decode_failed,e8db1e33326bc16a,True,real_ir_success
real_typeii_20db_d16_bw100_blk0,16,100,4,4,layered_ldpc_lite,ok,ldpc.BpOsdDecoder,0.67,50,0,minimum_sum,gray,bsc_estimated,uniform,4,1,3,0,0.25,0.19921875,0.14453125,816.0,0.796875,0.0,0.37103579999529757,backend=ldpc.BpOsdDecoder; parity_fraction=0.67; column_weight=3; seed=20260428; osd_order=0; bp_method=minimum_sum; llr_mode=bsc_estimated; bitplane_rate_mode=uniform; unverified_policy=revert_to_bob_decode_failed,f3f67ce02bdd88ce,False,decode_improved_but_unverified
real_typeii_20db_d1024_bw200_blk0,1024,200,4,4,layered_ldpc_lite,decode_failed,ldpc.BpOsdDecoder,0.5,50,0,minimum_sum,gray,bsc_estimated,uniform,4,0,4,0,0.0,0.25,0.25,1408.0,0.55,0.0,0.9094065999961458,backend=ldpc.BpOsdDecoder; parity_fraction=0.5; column_weight=3; seed=20260428; osd_order=0; bp_method=minimum_sum; llr_mode=bsc_estimated; bitplane_rate_mode=uniform; unverified_policy=revert_to_bob_decode_failed; status_reason=decode_failed; success=0/4; raw_ser=0.25; post_ir_ser=0.25,1b68567774e87e2e,False,decode_failed
real_typeii_20db_d1024_bw180_blk0,1024,180,4,4,layered_ldpc_lite,ok,ldpc.BpOsdDecoder,0.9,50,0,minimum_sum,gray,hard,uniform,4,4,0,0,1.0,0.2265625,0.0,2448.0,0.95625,0.0,1.0001267999759875,backend=ldpc.BpOsdDecoder; parity_fraction=0.9; column_weight=3; seed=20260428; osd_order=0; bp_method=minimum_sum; llr_mode=hard; bitplane_rate_mode=uniform; unverified_policy=revert_to_bob_decode_failed,9670a15685aa444a,True,real_ir_success
real_typeii_20db_d1024_bw200_blk0,1024,200,4,4,layered_ldpc_lite,decode_failed,ldpc.BpOsdDecoder,0.5,50,0,minimum_sum,gray,hard,uniform,4,0,4,0,0.0,0.25,0.25,1408.0,0.55,0.0,0.9538164999976289,backend=ldpc.BpOsdDecoder; parity_fraction=0.5; column_weight=3; seed=20260428; osd_order=0; bp_method=minimum_sum; llr_mode=hard; bitplane_rate_mode=uniform; unverified_policy=revert_to_bob_decode_failed; status_reason=decode_failed; success=0/4; raw_ser=0.25; post_ir_ser=0.25,dc1d252b3b27a80e,False,decode_failed
real_typeii_20db_d1024_bw180_blk0,1024,180,4,4,layered_ldpc_lite,ok,ldpc.BpOsdDecoder,1.0,50,0,minimum_sum,gray,hard,uniform,4,4,0,0,1.0,0.2265625,0.0,2688.0,1.05,0.0,0.9903618000098504,backend=ldpc.BpOsdDecoder; parity_fraction=1.0; column_weight=3; seed=20260428; osd_order=0; bp_method=minimum_sum; llr_mode=hard; bitplane_rate_mode=uniform; unverified_policy=revert_to_bob_decode_failed,c0088d2836df2d57,True,real_ir_success
real_typeii_20db_d1024_bw200_blk0,1024,200,4,4,layered_ldpc_lite,ok,ldpc.BpOsdDecoder,0.9,50,0,minimum_sum,gray,bsc_estimated,uniform,4,4,0,0,1.0,0.25,0.0,2448.0,0.95625,0.0,0.9185320000106003,backend=ldpc.BpOsdDecoder; parity_fraction=0.9; column_weight=3; seed=20260428; osd_order=0; bp_method=minimum_sum; llr_mode=bsc_estimated; bitplane_rate_mode=uniform; unverified_policy=revert_to_bob_decode_failed,e8db1e33326bc16a,True,real_ir_success
real_typeii_20db_d1024_bw200_blk0,1024,200,4,4,layered_ldpc_lite,ok,ldpc.BpOsdDecoder,0.9,50,0,minimum_sum,gray,hard,uniform,4,4,0,0,1.0,0.25,0.0,2448.0,0.95625,0.0,0.9360283000278287,backend=ldpc.BpOsdDecoder; parity_fraction=0.9; column_weight=3; seed=20260428; osd_order=0; bp_method=minimum_sum; llr_mode=hard; bitplane_rate_mode=uniform; unverified_policy=revert_to_bob_decode_failed,9670a15685aa444a,True,real_ir_success
real_typeii_20db_d1024_bw180_blk0,1024,180,4,4,layered_ldpc_lite,ok,ldpc.BpOsdDecoder,1.0,50,0,minimum_sum,gray,bsc_estimated,uniform,4,4,0,0,1.0,0.2265625,0.0,2688.0,1.05,0.0,0.9996059999975841,backend=ldpc.BpOsdDecoder; parity_fraction=1.0; column_weight=3; seed=20260428; osd_order=0; bp_method=minimum_sum; llr_mode=bsc_estimated; bitplane_rate_mode=uniform; unverified_policy=revert_to_bob_decode_failed,e70c48e72e0f514c,True,real_ir_success
real_typeii_20db_d1024_bw200_blk0,1024,200,4,4,layered_ldpc_lite,ok,ldpc.BpOsdDecoder,0.8,50,0,minimum_sum,gray,hard,uniform,4,2,2,0,0.5,0.25,0.13671875,2208.0,0.8625,0.0,0.9501700999971945,backend=ldpc.BpOsdDecoder; parity_fraction=0.8; column_weight=3; seed=20260428; osd_order=0; bp_method=minimum_sum; llr_mode=hard; bitplane_rate_mode=uniform; unverified_policy=revert_to_bob_decode_failed,b07a3943cf9048dc,False,decode_improved_but_unverified
real_typeii_20db_d1024_bw200_blk0,1024,200,4,4,layered_ldpc_lite,ok,ldpc.BpOsdDecoder,1.0,50,0,minimum_sum,gray,hard,uniform,4,4,0,0,1.0,0.25,0.0,2688.0,1.05,0.0,0.9341649000125472,backend=ldpc.BpOsdDecoder; parity_fraction=1.0; column_weight=3; seed=20260428; osd_order=0; bp_method=minimum_sum; llr_mode=hard; bitplane_rate_mode=uniform; unverified_policy=revert_to_bob_decode_failed,c0088d2836df2d57,True,real_ir_success
real_typeii_20db_d1024_bw200_blk0,1024,200,4,4,layered_ldpc_lite,ok,ldpc.BpOsdDecoder,0.8,50,0,minimum_sum,gray,bsc_estimated,uniform,4,2,2,0,0.5,0.25,0.13671875,2208.0,0.8625,0.0,0.9567826999991667,backend=ldpc.BpOsdDecoder; parity_fraction=0.8; column_weight=3; seed=20260428; osd_order=0; bp_method=minimum_sum; llr_mode=bsc_estimated; bitplane_rate_mode=uniform; unverified_policy=revert_to_bob_decode_failed,221e5a91339f6e44,False,decode_improved_but_unverified
real_typeii_20db_d1024_bw200_blk0,1024,200,4,4,layered_ldpc_lite,ok,ldpc.BpOsdDecoder,0.67,50,0,minimum_sum,gray,hard,uniform,4,1,3,0,0.25,0.25,0.1953125,1848.0,0.721875,0.0,0.9916995999810752,backend=ldpc.BpOsdDecoder; parity_fraction=0.67; column_weight=3; seed=20260428; osd_order=0; bp_method=minimum_sum; llr_mode=hard; bitplane_rate_mode=uniform; unverified_policy=revert_to_bob_decode_failed,ec874e3fd7633e78,False,decode_improved_but_unverified
real_typeii_20db_d1024_bw200_blk0,1024,200,4,4,layered_ldpc_lite,ok,ldpc.BpOsdDecoder,1.0,50,0,minimum_sum,gray,bsc_estimated,uniform,4,4,0,0,1.0,0.25,0.0,2688.0,1.05,0.0,0.9709850999934133,backend=ldpc.BpOsdDecoder; parity_fraction=1.0; column_weight=3; seed=20260428; osd_order=0; bp_method=minimum_sum; llr_mode=bsc_estimated; bitplane_rate_mode=uniform; unverified_policy=revert_to_bob_decode_failed,e70c48e72e0f514c,True,real_ir_success
real_typeii_20db_d1024_bw200_blk0,1024,200,4,4,layered_ldpc_lite,ok,ldpc.BpOsdDecoder,0.67,50,0,minimum_sum,gray,bsc_estimated,uniform,4,1,3,0,0.25,0.25,0.1953125,1848.0,0.721875,0.0,1.0414515000011306,backend=ldpc.BpOsdDecoder; parity_fraction=0.67; column_weight=3; seed=20260428; osd_order=0; bp_method=minimum_sum; llr_mode=bsc_estimated; bitplane_rate_mode=uniform; unverified_policy=revert_to_bob_decode_failed,f3f67ce02bdd88ce,False,decode_improved_but_unverified
real_typeii_20db_d16_bw100_blk0,16,100,4,4,layered_ldpc_lite,ok,ldpc.BpOsdDecoder,0.8,50,0,minimum_sum,gray,hard,uniform,4,2,2,0,0.5,0.19921875,0.09765625,960.0,0.9375,0.0,0.41909929999383166,backend=ldpc.BpOsdDecoder; parity_fraction=0.8; column_weight=3; seed=20260428; osd_order=0; bp_method=minimum_sum; llr_mode=hard; bitplane_rate_mode=uniform; unverified_policy=revert_to_bob_decode_failed,b07a3943cf9048dc,False,decode_improved_but_unverified
real_typeii_20db_d16_bw100_blk0,16,100,4,4,layered_ldpc_lite,ok,ldpc.BpOsdDecoder,0.9,50,0,minimum_sum,gray,bsc_estimated,uniform,4,4,0,0,1.0,0.19921875,0.0,1056.0,1.03125,0.0,0.4289264999970328,backend=ldpc.BpOsdDecoder; parity_fraction=0.9; column_weight=3; seed=20260428; osd_order=0; bp_method=minimum_sum; llr_mode=bsc_estimated; bitplane_rate_mode=uniform; unverified_policy=revert_to_bob_decode_failed,e8db1e33326bc16a,True,real_ir_success
real_typeii_20db_d16_bw100_blk0,16,100,4,4,layered_ldpc_lite,ok,ldpc.BpOsdDecoder,0.9,50,0,minimum_sum,gray,hard,uniform,4,4,0,0,1.0,0.19921875,0.0,1056.0,1.03125,0.0,0.4505788999958895,backend=ldpc.BpOsdDecoder; parity_fraction=0.9; column_weight=3; seed=20260428; osd_order=0; bp_method=minimum_sum; llr_mode=hard; bitplane_rate_mode=uniform; unverified_policy=revert_to_bob_decode_failed,9670a15685aa444a,True,real_ir_success
real_typeii_20db_d16_bw100_blk0,16,100,4,4,layered_ldpc_lite,ok,ldpc.BpOsdDecoder,0.8,50,0,minimum_sum,gray,bsc_estimated,uniform,4,2,2,0,0.5,0.19921875,0.09765625,960.0,0.9375,0.0,0.47781889999168925,backend=ldpc.BpOsdDecoder; parity_fraction=0.8; column_weight=3; seed=20260428; osd_order=0; bp_method=minimum_sum; llr_mode=bsc_estimated; bitplane_rate_mode=uniform; unverified_policy=revert_to_bob_decode_failed,221e5a91339f6e44,False,decode_improved_but_unverified
real_typeii_20db_d16_bw100_blk0,16,100,4,4,layered_ldpc_lite,ok,ldpc.BpOsdDecoder,1.0,50,0,minimum_sum,gray,bsc_estimated,uniform,4,4,0,0,1.0,0.19921875,0.0,1152.0,1.125,0.0,0.43589339999016374,backend=ldpc.BpOsdDecoder; parity_fraction=1.0; column_weight=3; seed=20260428; osd_order=0; bp_method=minimum_sum; llr_mode=bsc_estimated; bitplane_rate_mode=uniform; unverified_policy=revert_to_bob_decode_failed,e70c48e72e0f514c,True,real_ir_success
real_typeii_20db_d16_bw100_blk0,16,100,4,4,layered_ldpc_lite,ok,ldpc.BpOsdDecoder,1.0,50,0,minimum_sum,gray,hard,uniform,4,4,0,0,1.0,0.19921875,0.0,1152.0,1.125,0.0,0.4493429000140168,backend=ldpc.BpOsdDecoder; parity_fraction=1.0; column_weight=3; seed=20260428; osd_order=0; bp_method=minimum_sum; llr_mode=hard; bitplane_rate_mode=uniform; unverified_policy=revert_to_bob_decode_failed,c0088d2836df2d57,True,real_ir_success
real_typeii_20db_d16_bw180_blk0,16,180,4,4,layered_ldpc_lite,ok,ldpc.BpOsdDecoder,0.9,50,0,minimum_sum,gray,hard,uniform,4,4,0,0,1.0,0.1171875,0.0,1056.0,1.03125,0.0,0.40447649999987334,backend=ldpc.BpOsdDecoder; parity_fraction=0.9; column_weight=3; seed=20260428; osd_order=0; bp_method=minimum_sum; llr_mode=hard; bitplane_rate_mode=uniform; unverified_policy=revert_to_bob_decode_failed,9670a15685aa444a,True,real_ir_success
real_typeii_20db_d16_bw180_blk0,16,180,4,4,layered_ldpc_lite,ok,ldpc.BpOsdDecoder,1.0,50,0,minimum_sum,gray,hard,uniform,4,4,0,0,1.0,0.1171875,0.0,1152.0,1.125,0.0,0.3711228000174742,backend=ldpc.BpOsdDecoder; parity_fraction=1.0; column_weight=3; seed=20260428; osd_order=0; bp_method=minimum_sum; llr_mode=hard; bitplane_rate_mode=uniform; unverified_policy=revert_to_bob_decode_failed,c0088d2836df2d57,True,real_ir_success
real_typeii_20db_d16_bw180_blk0,16,180,4,4,layered_ldpc_lite,ok,ldpc.BpOsdDecoder,0.67,50,0,minimum_sum,gray,bsc_estimated,uniform,4,1,3,0,0.25,0.1171875,0.109375,816.0,0.796875,0.0,0.4431622999836691,backend=ldpc.BpOsdDecoder; parity_fraction=0.67; column_weight=3; seed=20260428; osd_order=0; bp_method=minimum_sum; llr_mode=bsc_estimated; bitplane_rate_mode=uniform; unverified_policy=revert_to_bob_decode_failed,f3f67ce02bdd88ce,False,decode_improved_but_unverified
real_typeii_20db_d16_bw180_blk0,16,180,4,4,layered_ldpc_lite,ok,ldpc.BpOsdDecoder,0.8,50,0,minimum_sum,gray,hard,uniform,4,4,0,0,1.0,0.1171875,0.0,960.0,0.9375,0.0,0.44655590000911616,backend=ldpc.BpOsdDecoder; parity_fraction=0.8; column_weight=3; seed=20260428; osd_order=0; bp_method=minimum_sum; llr_mode=hard; bitplane_rate_mode=uniform; unverified_policy=revert_to_bob_decode_failed,b07a3943cf9048dc,True,real_ir_success
real_typeii_20db_d16_bw180_blk0,16,180,4,4,layered_ldpc_lite,ok,ldpc.BpOsdDecoder,0.9,50,0,minimum_sum,gray,bsc_estimated,uniform,4,4,0,0,1.0,0.1171875,0.0,1056.0,1.03125,0.0,0.4215496000251733,backend=ldpc.BpOsdDecoder; parity_fraction=0.9; column_weight=3; seed=20260428; osd_order=0; bp_method=minimum_sum; llr_mode=bsc_estimated; bitplane_rate_mode=uniform; unverified_policy=revert_to_bob_decode_failed,e8db1e33326bc16a,True,real_ir_success
real_typeii_20db_d16_bw180_blk0,16,180,4,4,layered_ldpc_lite,ok,ldpc.BpOsdDecoder,0.5,50,0,minimum_sum,gray,bsc_estimated,uniform,4,1,3,0,0.25,0.1171875,0.109375,640.0,0.625,0.0,0.4743393999815453,backend=ldpc.BpOsdDecoder; parity_fraction=0.5; column_weight=3; seed=20260428; osd_order=0; bp_method=minimum_sum; llr_mode=bsc_estimated; bitplane_rate_mode=uniform; unverified_policy=revert_to_bob_decode_failed,1b68567774e87e2e,False,decode_improved_but_unverified
real_typeii_20db_d16_bw180_blk0,16,180,4,4,layered_ldpc_lite,ok,ldpc.BpOsdDecoder,0.67,50,0,minimum_sum,gray,hard,uniform,4,1,3,0,0.25,0.1171875,0.109375,816.0,0.796875,0.0,0.46256569999968633,backend=ldpc.BpOsdDecoder; parity_fraction=0.67; column_weight=3; seed=20260428; osd_order=0; bp_method=minimum_sum; llr_mode=hard; bitplane_rate_mode=uniform; unverified_policy=revert_to_bob_decode_failed,ec874e3fd7633e78,False,decode_improved_but_unverified
real_typeii_20db_d16_bw180_blk0,16,180,4,4,layered_ldpc_lite,ok,ldpc.BpOsdDecoder,0.8,50,0,minimum_sum,gray,bsc_estimated,uniform,4,4,0,0,1.0,0.1171875,0.0,960.0,0.9375,0.0,0.46803789999103174,backend=ldpc.BpOsdDecoder; parity_fraction=0.8; column_weight=3; seed=20260428; osd_order=0; bp_method=minimum_sum; llr_mode=bsc_estimated; bitplane_rate_mode=uniform; unverified_policy=revert_to_bob_decode_failed,221e5a91339f6e44,True,real_ir_success
real_typeii_20db_d16_bw180_blk0,16,180,4,4,layered_ldpc_lite,ok,ldpc.BpOsdDecoder,0.5,50,0,minimum_sum,gray,hard,uniform,4,1,3,0,0.25,0.1171875,0.109375,640.0,0.625,0.0,0.5155869000009261,backend=ldpc.BpOsdDecoder; parity_fraction=0.5; column_weight=3; seed=20260428; osd_order=0; bp_method=minimum_sum; llr_mode=hard; bitplane_rate_mode=uniform; unverified_policy=revert_to_bob_decode_failed,dc1d252b3b27a80e,False,decode_improved_but_unverified
real_typeii_20db_d16_bw180_blk0,16,180,4,4,layered_ldpc_lite,ok,ldpc.BpOsdDecoder,1.0,50,0,minimum_sum,gray,bsc_estimated,uniform,4,4,0,0,1.0,0.1171875,0.0,1152.0,1.125,0.0,0.45093389999237843,backend=ldpc.BpOsdDecoder; parity_fraction=1.0; column_weight=3; seed=20260428; osd_order=0; bp_method=minimum_sum; llr_mode=bsc_estimated; bitplane_rate_mode=uniform; unverified_policy=revert_to_bob_decode_failed,e70c48e72e0f514c,True,real_ir_success
real_typeii_20db_d16_bw60_blk0,16,60,4,4,layered_ldpc_lite,decode_failed,ldpc.BpOsdDecoder,0.5,50,0,minimum_sum,gray,hard,uniform,4,0,4,0,0.0,0.23828125,0.23828125,640.0,0.625,0.0,0.48451029998250306,backend=ldpc.BpOsdDecoder; parity_fraction=0.5; column_weight=3; seed=20260428; osd_order=0; bp_method=minimum_sum; llr_mode=hard; bitplane_rate_mode=uniform; unverified_policy=revert_to_bob_decode_failed; status_reason=decode_failed; success=0/4; raw_ser=0.23828125; post_ir_ser=0.23828125,dc1d252b3b27a80e,False,decode_failed
real_typeii_20db_d16_bw60_blk0,16,60,4,4,layered_ldpc_lite,ok,ldpc.BpOsdDecoder,0.67,50,0,minimum_sum,gray,hard,uniform,4,1,3,0,0.25,0.23828125,0.1953125,816.0,0.796875,0.0,0.4734844999911729,backend=ldpc.BpOsdDecoder; parity_fraction=0.67; column_weight=3; seed=20260428; osd_order=0; bp_method=minimum_sum; llr_mode=hard; bitplane_rate_mode=uniform; unverified_policy=revert_to_bob_decode_failed,ec874e3fd7633e78,False,decode_improved_but_unverified
real_typeii_20db_d16_bw60_blk0,16,60,4,4,layered_ldpc_lite,decode_failed,ldpc.BpOsdDecoder,0.5,50,0,minimum_sum,gray,bsc_estimated,uniform,4,0,4,0,0.0,0.23828125,0.23828125,640.0,0.625,0.0,0.4944802999962121,backend=ldpc.BpOsdDecoder; parity_fraction=0.5; column_weight=3; seed=20260428; osd_order=0; bp_method=minimum_sum; llr_mode=bsc_estimated; bitplane_rate_mode=uniform; unverified_policy=revert_to_bob_decode_failed; status_reason=decode_failed; success=0/4; raw_ser=0.23828125; post_ir_ser=0.23828125,1b68567774e87e2e,False,decode_failed
real_typeii_20db_d16_bw60_blk0,16,60,4,4,layered_ldpc_lite,ok,ldpc.BpOsdDecoder,0.9,50,0,minimum_sum,gray,bsc_estimated,uniform,4,4,0,0,1.0,0.23828125,0.0,1056.0,1.03125,0.0,0.4544688999885693,backend=ldpc.BpOsdDecoder; parity_fraction=0.9; column_weight=3; seed=20260428; osd_order=0; bp_method=minimum_sum; llr_mode=bsc_estimated; bitplane_rate_mode=uniform; unverified_policy=revert_to_bob_decode_failed,e8db1e33326bc16a,True,real_ir_success
real_typeii_20db_d16_bw60_blk0,16,60,4,4,layered_ldpc_lite,ok,ldpc.BpOsdDecoder,0.67,50,0,minimum_sum,gray,bsc_estimated,uniform,4,1,3,0,0.25,0.23828125,0.1953125,816.0,0.796875,0.0,0.49989850001293235,backend=ldpc.BpOsdDecoder; parity_fraction=0.67; column_weight=3; seed=20260428; osd_order=0; bp_method=minimum_sum; llr_mode=bsc_estimated; bitplane_rate_mode=uniform; unverified_policy=revert_to_bob_decode_failed,f3f67ce02bdd88ce,False,decode_improved_but_unverified
real_typeii_20db_d16_bw60_blk0,16,60,4,4,layered_ldpc_lite,ok,ldpc.BpOsdDecoder,0.8,50,0,minimum_sum,gray,hard,uniform,4,2,2,0,0.5,0.23828125,0.1171875,960.0,0.9375,0.0,0.4976230000029318,backend=ldpc.BpOsdDecoder; parity_fraction=0.8; column_weight=3; seed=20260428; osd_order=0; bp_method=minimum_sum; llr_mode=hard; bitplane_rate_mode=uniform; unverified_policy=revert_to_bob_decode_failed,b07a3943cf9048dc,False,decode_improved_but_unverified
real_typeii_20db_d16_bw60_blk0,16,60,4,4,layered_ldpc_lite,ok,ldpc.BpOsdDecoder,0.8,50,0,minimum_sum,gray,bsc_estimated,uniform,4,2,2,0,0.5,0.23828125,0.1171875,960.0,0.9375,0.0,0.4981473999796435,backend=ldpc.BpOsdDecoder; parity_fraction=0.8; column_weight=3; seed=20260428; osd_order=0; bp_method=minimum_sum; llr_mode=bsc_estimated; bitplane_rate_mode=uniform; unverified_policy=revert_to_bob_decode_failed,221e5a91339f6e44,False,decode_improved_but_unverified
real_typeii_20db_d16_bw60_blk0,16,60,4,4,layered_ldpc_lite,ok,ldpc.BpOsdDecoder,1.0,50,0,minimum_sum,gray,bsc_estimated,uniform,4,4,0,0,1.0,0.23828125,0.0,1152.0,1.125,0.0,0.4591867999988608,backend=ldpc.BpOsdDecoder; parity_fraction=1.0; column_weight=3; seed=20260428; osd_order=0; bp_method=minimum_sum; llr_mode=bsc_estimated; bitplane_rate_mode=uniform; unverified_policy=revert_to_bob_decode_failed,e70c48e72e0f514c,True,real_ir_success
real_typeii_20db_d16_bw60_blk0,16,60,4,4,layered_ldpc_lite,ok,ldpc.BpOsdDecoder,1.0,50,0,minimum_sum,gray,hard,uniform,4,4,0,0,1.0,0.23828125,0.0,1152.0,1.125,0.0,0.4807716000068467,backend=ldpc.BpOsdDecoder; parity_fraction=1.0; column_weight=3; seed=20260428; osd_order=0; bp_method=minimum_sum; llr_mode=hard; bitplane_rate_mode=uniform; unverified_policy=revert_to_bob_decode_failed,c0088d2836df2d57,True,real_ir_success
real_typeii_20db_d16_bw60_blk0,16,60,4,4,layered_ldpc_lite,ok,ldpc.BpOsdDecoder,0.9,50,0,minimum_sum,gray,hard,uniform,4,4,0,0,1.0,0.23828125,0.0,1056.0,1.03125,0.0,0.5128141999884974,backend=ldpc.BpOsdDecoder; parity_fraction=0.9; column_weight=3; seed=20260428; osd_order=0; bp_method=minimum_sum; llr_mode=hard; bitplane_rate_mode=uniform; unverified_policy=revert_to_bob_decode_failed,9670a15685aa444a,True,real_ir_success
real_typeii_20db_d32_bw100_blk0,32,100,4,4,layered_ldpc_lite,decode_failed,ldpc.BpOsdDecoder,0.5,50,0,minimum_sum,gray,hard,uniform,4,0,4,0,0.0,0.23046875,0.23046875,768.0,0.6,0.0,0.581605799990939,backend=ldpc.BpOsdDecoder; parity_fraction=0.5; column_weight=3; seed=20260428; osd_order=0; bp_method=minimum_sum; llr_mode=hard; bitplane_rate_mode=uniform; unverified_policy=revert_to_bob_decode_failed; status_reason=decode_failed; success=0/4; raw_ser=0.23046875; post_ir_ser=0.23046875,dc1d252b3b27a80e,False,decode_failed
real_typeii_20db_d32_bw100_blk0,32,100,4,4,layered_ldpc_lite,decode_failed,ldpc.BpOsdDecoder,0.67,50,0,minimum_sum,gray,hard,uniform,4,0,4,0,0.0,0.23046875,0.23046875,988.0,0.771875,0.0,0.584528000006685,backend=ldpc.BpOsdDecoder; parity_fraction=0.67; column_weight=3; seed=20260428; osd_order=0; bp_method=minimum_sum; llr_mode=hard; bitplane_rate_mode=uniform; unverified_policy=revert_to_bob_decode_failed; status_reason=decode_failed; success=0/4; raw_ser=0.23046875; post_ir_ser=0.23046875,ec874e3fd7633e78,False,decode_failed
real_typeii_20db_d32_bw100_blk0,32,100,4,4,layered_ldpc_lite,decode_failed,ldpc.BpOsdDecoder,0.67,50,0,minimum_sum,gray,bsc_estimated,uniform,4,0,4,0,0.0,0.23046875,0.23046875,988.0,0.771875,0.0,0.5798129000177141,backend=ldpc.BpOsdDecoder; parity_fraction=0.67; column_weight=3; seed=20260428; osd_order=0; bp_method=minimum_sum; llr_mode=bsc_estimated; bitplane_rate_mode=uniform; unverified_policy=revert_to_bob_decode_failed; status_reason=decode_failed; success=0/4; raw_ser=0.23046875; post_ir_ser=0.23046875,f3f67ce02bdd88ce,False,decode_failed
real_typeii_20db_d32_bw100_blk0,32,100,4,4,layered_ldpc_lite,decode_failed,ldpc.BpOsdDecoder,0.5,50,0,minimum_sum,gray,bsc_estimated,uniform,4,0,4,0,0.0,0.23046875,0.23046875,768.0,0.6,0.0,0.607979799999157,backend=ldpc.BpOsdDecoder; parity_fraction=0.5; column_weight=3; seed=20260428; osd_order=0; bp_method=minimum_sum; llr_mode=bsc_estimated; bitplane_rate_mode=uniform; unverified_policy=revert_to_bob_decode_failed; status_reason=decode_failed; success=0/4; raw_ser=0.23046875; post_ir_ser=0.23046875,1b68567774e87e2e,False,decode_failed
real_typeii_20db_d32_bw100_blk0,32,100,4,4,layered_ldpc_lite,ok,ldpc.BpOsdDecoder,0.8,50,0,minimum_sum,gray,hard,uniform,4,3,1,0,0.75,0.23046875,0.078125,1168.0,0.9125,0.0,0.6070239999971818,backend=ldpc.BpOsdDecoder; parity_fraction=0.8; column_weight=3; seed=20260428; osd_order=0; bp_method=minimum_sum; llr_mode=hard; bitplane_rate_mode=uniform; unverified_policy=revert_to_bob_decode_failed,b07a3943cf9048dc,False,decode_improved_but_unverified
real_typeii_20db_d32_bw100_blk0,32,100,4,4,layered_ldpc_lite,ok,ldpc.BpOsdDecoder,0.8,50,0,minimum_sum,gray,bsc_estimated,uniform,4,3,1,0,0.75,0.23046875,0.078125,1168.0,0.9125,0.0,0.6154152999806684,backend=ldpc.BpOsdDecoder; parity_fraction=0.8; column_weight=3; seed=20260428; osd_order=0; bp_method=minimum_sum; llr_mode=bsc_estimated; bitplane_rate_mode=uniform; unverified_policy=revert_to_bob_decode_failed,221e5a91339f6e44,False,decode_improved_but_unverified
real_typeii_20db_d32_bw100_blk0,32,100,4,4,layered_ldpc_lite,ok,ldpc.BpOsdDecoder,0.9,50,0,minimum_sum,gray,hard,uniform,4,4,0,0,1.0,0.23046875,0.0,1288.0,1.00625,0.0,0.5827331999898888,backend=ldpc.BpOsdDecoder; parity_fraction=0.9; column_weight=3; seed=20260428; osd_order=0; bp_method=minimum_sum; llr_mode=hard; bitplane_rate_mode=uniform; unverified_policy=revert_to_bob_decode_failed,9670a15685aa444a,True,real_ir_success
real_typeii_20db_d32_bw100_blk0,32,100,4,4,layered_ldpc_lite,ok,ldpc.BpOsdDecoder,1.0,50,0,minimum_sum,gray,bsc_estimated,uniform,4,4,0,0,1.0,0.23046875,0.0,1408.0,1.1,0.0,0.5414792000083253,backend=ldpc.BpOsdDecoder; parity_fraction=1.0; column_weight=3; seed=20260428; osd_order=0; bp_method=minimum_sum; llr_mode=bsc_estimated; bitplane_rate_mode=uniform; unverified_policy=revert_to_bob_decode_failed,e70c48e72e0f514c,True,real_ir_success
real_typeii_20db_d32_bw100_blk0,32,100,4,4,layered_ldpc_lite,ok,ldpc.BpOsdDecoder,0.9,50,0,minimum_sum,gray,bsc_estimated,uniform,4,4,0,0,1.0,0.23046875,0.0,1288.0,1.00625,0.0,0.5854157999856398,backend=ldpc.BpOsdDecoder; parity_fraction=0.9; column_weight=3; seed=20260428; osd_order=0; bp_method=minimum_sum; llr_mode=bsc_estimated; bitplane_rate_mode=uniform; unverified_policy=revert_to_bob_decode_failed,e8db1e33326bc16a,True,real_ir_success
real_typeii_20db_d32_bw100_blk0,32,100,4,4,layered_ldpc_lite,ok,ldpc.BpOsdDecoder,1.0,50,0,minimum_sum,gray,hard,uniform,4,4,0,0,1.0,0.23046875,0.0,1408.0,1.1,0.0,0.5819583999982569,backend=ldpc.BpOsdDecoder; parity_fraction=1.0; column_weight=3; seed=20260428; osd_order=0; bp_method=minimum_sum; llr_mode=hard; bitplane_rate_mode=uniform; unverified_policy=revert_to_bob_decode_failed,c0088d2836df2d57,True,real_ir_success
real_typeii_20db_d32_bw180_blk0,32,180,4,4,layered_ldpc_lite,decode_failed,ldpc.BpOsdDecoder,0.67,50,0,minimum_sum,gray,hard,uniform,4,0,4,0,0.0,0.16796875,0.16796875,988.0,0.771875,0.0,0.576525499986019,backend=ldpc.BpOsdDecoder; parity_fraction=0.67; column_weight=3; seed=20260428; osd_order=0; bp_method=minimum_sum; llr_mode=hard; bitplane_rate_mode=uniform; unverified_policy=revert_to_bob_decode_failed; status_reason=decode_failed; success=0/4; raw_ser=0.16796875; post_ir_ser=0.16796875,ec874e3fd7633e78,False,decode_failed
real_typeii_20db_d32_bw180_blk0,32,180,4,4,layered_ldpc_lite,decode_failed,ldpc.BpOsdDecoder,0.5,50,0,minimum_sum,gray,hard,uniform,4,0,4,0,0.0,0.16796875,0.16796875,768.0,0.6,0.0,0.6025209999934305,backend=ldpc.BpOsdDecoder; parity_fraction=0.5; column_weight=3; seed=20260428; osd_order=0; bp_method=minimum_sum; llr_mode=hard; bitplane_rate_mode=uniform; unverified_policy=revert_to_bob_decode_failed; status_reason=decode_failed; success=0/4; raw_ser=0.16796875; post_ir_ser=0.16796875,dc1d252b3b27a80e,False,decode_failed
real_typeii_20db_d32_bw180_blk0,32,180,4,4,layered_ldpc_lite,decode_failed,ldpc.BpOsdDecoder,0.67,50,0,minimum_sum,gray,bsc_estimated,uniform,4,0,4,0,0.0,0.16796875,0.16796875,988.0,0.771875,0.0,0.5864499000017531,backend=ldpc.BpOsdDecoder; parity_fraction=0.67; column_weight=3; seed=20260428; osd_order=0; bp_method=minimum_sum; llr_mode=bsc_estimated; bitplane_rate_mode=uniform; unverified_policy=revert_to_bob_decode_failed; status_reason=decode_failed; success=0/4; raw_ser=0.16796875; post_ir_ser=0.16796875,f3f67ce02bdd88ce,False,decode_failed
real_typeii_20db_d32_bw180_blk0,32,180,4,4,layered_ldpc_lite,decode_failed,ldpc.BpOsdDecoder,0.5,50,0,minimum_sum,gray,bsc_estimated,uniform,4,0,4,0,0.0,0.16796875,0.16796875,768.0,0.6,0.0,0.6166935000219382,backend=ldpc.BpOsdDecoder; parity_fraction=0.5; column_weight=3; seed=20260428; osd_order=0; bp_method=minimum_sum; llr_mode=bsc_estimated; bitplane_rate_mode=uniform; unverified_policy=revert_to_bob_decode_failed; status_reason=decode_failed; success=0/4; raw_ser=0.16796875; post_ir_ser=0.16796875,1b68567774e87e2e,False,decode_failed
real_typeii_20db_d32_bw180_blk0,32,180,4,4,layered_ldpc_lite,ok,ldpc.BpOsdDecoder,0.8,50,0,minimum_sum,gray,bsc_estimated,uniform,4,2,2,0,0.5,0.16796875,0.0859375,1168.0,0.9125,0.0,0.5830466999905184,backend=ldpc.BpOsdDecoder; parity_fraction=0.8; column_weight=3; seed=20260428; osd_order=0; bp_method=minimum_sum; llr_mode=bsc_estimated; bitplane_rate_mode=uniform; unverified_policy=revert_to_bob_decode_failed,221e5a91339f6e44,False,decode_improved_but_unverified
real_typeii_20db_d32_bw180_blk0,32,180,4,4,layered_ldpc_lite,ok,ldpc.BpOsdDecoder,0.8,50,0,minimum_sum,gray,hard,uniform,4,2,2,0,0.5,0.16796875,0.0859375,1168.0,0.9125,0.0,0.6035312000021804,backend=ldpc.BpOsdDecoder; parity_fraction=0.8; column_weight=3; seed=20260428; osd_order=0; bp_method=minimum_sum; llr_mode=hard; bitplane_rate_mode=uniform; unverified_policy=revert_to_bob_decode_failed,b07a3943cf9048dc,False,decode_improved_but_unverified
real_typeii_20db_d32_bw180_blk0,32,180,4,4,layered_ldpc_lite,ok,ldpc.BpOsdDecoder,0.9,50,0,minimum_sum,gray,hard,uniform,4,4,0,0,1.0,0.16796875,0.0,1288.0,1.00625,0.0,0.5622689999872819,backend=ldpc.BpOsdDecoder; parity_fraction=0.9; column_weight=3; seed=20260428; osd_order=0; bp_method=minimum_sum; llr_mode=hard; bitplane_rate_mode=uniform; unverified_policy=revert_to_bob_decode_failed,9670a15685aa444a,True,real_ir_success
real_typeii_20db_d32_bw180_blk0,32,180,4,4,layered_ldpc_lite,ok,ldpc.BpOsdDecoder,1.0,50,0,minimum_sum,gray,bsc_estimated,uniform,4,4,0,0,1.0,0.16796875,0.0,1408.0,1.1,0.0,0.5660516000061762,backend=ldpc.BpOsdDecoder; parity_fraction=1.0; column_weight=3; seed=20260428; osd_order=0; bp_method=minimum_sum; llr_mode=bsc_estimated; bitplane_rate_mode=uniform; unverified_policy=revert_to_bob_decode_failed,e70c48e72e0f514c,True,real_ir_success
real_typeii_20db_d32_bw40_blk0,32,40,4,4,layered_ldpc_lite,decode_failed,ldpc.BpOsdDecoder,0.5,50,0,minimum_sum,gray,hard,uniform,4,0,4,0,0.0,0.31640625,0.31640625,768.0,0.6,0.0,0.5487088999943808,backend=ldpc.BpOsdDecoder; parity_fraction=0.5; column_weight=3; seed=20260428; osd_order=0; bp_method=minimum_sum; llr_mode=hard; bitplane_rate_mode=uniform; unverified_policy=revert_to_bob_decode_failed; status_reason=decode_failed; success=0/4; raw_ser=0.31640625; post_ir_ser=0.31640625,dc1d252b3b27a80e,False,decode_failed
real_typeii_20db_d32_bw180_blk0,32,180,4,4,layered_ldpc_lite,ok,ldpc.BpOsdDecoder,0.9,50,0,minimum_sum,gray,bsc_estimated,uniform,4,4,0,0,1.0,0.16796875,0.0,1288.0,1.00625,0.0,0.6054778000107035,backend=ldpc.BpOsdDecoder; parity_fraction=0.9; column_weight=3; seed=20260428; osd_order=0; bp_method=minimum_sum; llr_mode=bsc_estimated; bitplane_rate_mode=uniform; unverified_policy=revert_to_bob_decode_failed,e8db1e33326bc16a,True,real_ir_success
real_typeii_20db_d32_bw180_blk0,32,180,4,4,layered_ldpc_lite,ok,ldpc.BpOsdDecoder,1.0,50,0,minimum_sum,gray,hard,uniform,4,4,0,0,1.0,0.16796875,0.0,1408.0,1.1,0.0,0.6089697999996133,backend=ldpc.BpOsdDecoder; parity_fraction=1.0; column_weight=3; seed=20260428; osd_order=0; bp_method=minimum_sum; llr_mode=hard; bitplane_rate_mode=uniform; unverified_policy=revert_to_bob_decode_failed,c0088d2836df2d57,True,real_ir_success
real_typeii_20db_d32_bw40_blk0,32,40,4,4,layered_ldpc_lite,decode_failed,ldpc.BpOsdDecoder,0.5,50,0,minimum_sum,gray,bsc_estimated,uniform,4,0,4,0,0.0,0.31640625,0.31640625,768.0,0.6,0.0,0.5454380000010133,backend=ldpc.BpOsdDecoder; parity_fraction=0.5; column_weight=3; seed=20260428; osd_order=0; bp_method=minimum_sum; llr_mode=bsc_estimated; bitplane_rate_mode=uniform; unverified_policy=revert_to_bob_decode_failed; status_reason=decode_failed; success=0/4; raw_ser=0.31640625; post_ir_ser=0.31640625,1b68567774e87e2e,False,decode_failed
real_typeii_20db_d32_bw40_blk0,32,40,4,4,layered_ldpc_lite,decode_failed,ldpc.BpOsdDecoder,0.67,50,0,minimum_sum,gray,hard,uniform,4,0,4,0,0.0,0.31640625,0.31640625,988.0,0.771875,0.0,0.5711892000108492,backend=ldpc.BpOsdDecoder; parity_fraction=0.67; column_weight=3; seed=20260428; osd_order=0; bp_method=minimum_sum; llr_mode=hard; bitplane_rate_mode=uniform; unverified_policy=revert_to_bob_decode_failed; status_reason=decode_failed; success=0/4; raw_ser=0.31640625; post_ir_ser=0.31640625,ec874e3fd7633e78,False,decode_failed
real_typeii_20db_d32_bw40_blk0,32,40,4,4,layered_ldpc_lite,decode_failed,ldpc.BpOsdDecoder,0.67,50,0,minimum_sum,gray,bsc_estimated,uniform,4,0,4,0,0.0,0.31640625,0.31640625,988.0,0.771875,0.0,0.5780094999936409,backend=ldpc.BpOsdDecoder; parity_fraction=0.67; column_weight=3; seed=20260428; osd_order=0; bp_method=minimum_sum; llr_mode=bsc_estimated; bitplane_rate_mode=uniform; unverified_policy=revert_to_bob_decode_failed; status_reason=decode_failed; success=0/4; raw_ser=0.31640625; post_ir_ser=0.31640625,f3f67ce02bdd88ce,False,decode_failed
real_typeii_20db_d32_bw40_blk0,32,40,4,4,layered_ldpc_lite,ok,ldpc.BpOsdDecoder,0.8,50,0,minimum_sum,gray,hard,uniform,4,2,2,0,0.5,0.31640625,0.171875,1168.0,0.9125,0.0,0.571211599977687,backend=ldpc.BpOsdDecoder; parity_fraction=0.8; column_weight=3; seed=20260428; osd_order=0; bp_method=minimum_sum; llr_mode=hard; bitplane_rate_mode=uniform; unverified_policy=revert_to_bob_decode_failed,b07a3943cf9048dc,False,decode_improved_but_unverified
real_typeii_20db_d32_bw40_blk0,32,40,4,4,layered_ldpc_lite,ok,ldpc.BpOsdDecoder,0.8,50,0,minimum_sum,gray,bsc_estimated,uniform,4,2,2,0,0.5,0.31640625,0.171875,1168.0,0.9125,0.0,0.5619211999874096,backend=ldpc.BpOsdDecoder; parity_fraction=0.8; column_weight=3; seed=20260428; osd_order=0; bp_method=minimum_sum; llr_mode=bsc_estimated; bitplane_rate_mode=uniform; unverified_policy=revert_to_bob_decode_failed,221e5a91339f6e44,False,decode_improved_but_unverified
real_typeii_20db_d32_bw40_blk0,32,40,4,4,layered_ldpc_lite,ok,ldpc.BpOsdDecoder,0.9,50,0,minimum_sum,gray,bsc_estimated,uniform,4,2,2,0,0.5,0.31640625,0.1640625,1288.0,1.00625,0.0,0.5417032999976072,backend=ldpc.BpOsdDecoder; parity_fraction=0.9; column_weight=3; seed=20260428; osd_order=0; bp_method=minimum_sum; llr_mode=bsc_estimated; bitplane_rate_mode=uniform; unverified_policy=revert_to_bob_decode_failed,e8db1e33326bc16a,False,decode_improved_but_unverified
real_typeii_20db_d32_bw40_blk0,32,40,4,4,layered_ldpc_lite,ok,ldpc.BpOsdDecoder,0.9,50,0,minimum_sum,gray,hard,uniform,4,3,1,0,0.75,0.31640625,0.078125,1288.0,1.00625,0.0,0.5650985999964178,backend=ldpc.BpOsdDecoder; parity_fraction=0.9; column_weight=3; seed=20260428; osd_order=0; bp_method=minimum_sum; llr_mode=hard; bitplane_rate_mode=uniform; unverified_policy=revert_to_bob_decode_failed,9670a15685aa444a,False,decode_improved_but_unverified
real_typeii_20db_d32_bw60_blk0,32,60,4,4,layered_ldpc_lite,decode_failed,ldpc.BpOsdDecoder,0.5,50,0,minimum_sum,gray,hard,uniform,4,0,4,0,0.0,0.26953125,0.26953125,768.0,0.6,0.0,0.5413658999896143,backend=ldpc.BpOsdDecoder; parity_fraction=0.5; column_weight=3; seed=20260428; osd_order=0; bp_method=minimum_sum; llr_mode=hard; bitplane_rate_mode=uniform; unverified_policy=revert_to_bob_decode_failed; status_reason=decode_failed; success=0/4; raw_ser=0.26953125; post_ir_ser=0.26953125,dc1d252b3b27a80e,False,decode_failed
real_typeii_20db_d32_bw40_blk0,32,40,4,4,layered_ldpc_lite,ok,ldpc.BpOsdDecoder,1.0,50,0,minimum_sum,gray,bsc_estimated,uniform,4,4,0,0,1.0,0.31640625,0.0,1408.0,1.1,0.0,0.5500747000041883,backend=ldpc.BpOsdDecoder; parity_fraction=1.0; column_weight=3; seed=20260428; osd_order=0; bp_method=minimum_sum; llr_mode=bsc_estimated; bitplane_rate_mode=uniform; unverified_policy=revert_to_bob_decode_failed,e70c48e72e0f514c,True,real_ir_success
real_typeii_20db_d32_bw40_blk0,32,40,4,4,layered_ldpc_lite,ok,ldpc.BpOsdDecoder,1.0,50,0,minimum_sum,gray,hard,uniform,4,4,0,0,1.0,0.31640625,0.0,1408.0,1.1,0.0,0.6165195000066888,backend=ldpc.BpOsdDecoder; parity_fraction=1.0; column_weight=3; seed=20260428; osd_order=0; bp_method=minimum_sum; llr_mode=hard; bitplane_rate_mode=uniform; unverified_policy=revert_to_bob_decode_failed,c0088d2836df2d57,True,real_ir_success
real_typeii_20db_d32_bw60_blk0,32,60,4,4,layered_ldpc_lite,decode_failed,ldpc.BpOsdDecoder,0.5,50,0,minimum_sum,gray,bsc_estimated,uniform,4,0,4,0,0.0,0.26953125,0.26953125,768.0,0.6,0.0,0.5936323999776505,backend=ldpc.BpOsdDecoder; parity_fraction=0.5; column_weight=3; seed=20260428; osd_order=0; bp_method=minimum_sum; llr_mode=bsc_estimated; bitplane_rate_mode=uniform; unverified_policy=revert_to_bob_decode_failed; status_reason=decode_failed; success=0/4; raw_ser=0.26953125; post_ir_ser=0.26953125,1b68567774e87e2e,False,decode_failed
real_typeii_20db_d32_bw60_blk0,32,60,4,4,layered_ldpc_lite,ok,ldpc.BpOsdDecoder,0.8,50,0,minimum_sum,gray,bsc_estimated,uniform,4,3,1,0,0.75,0.26953125,0.08203125,1168.0,0.9125,0.0,0.5066440000082366,backend=ldpc.BpOsdDecoder; parity_fraction=0.8; column_weight=3; seed=20260428; osd_order=0; bp_method=minimum_sum; llr_mode=bsc_estimated; bitplane_rate_mode=uniform; unverified_policy=revert_to_bob_decode_failed,221e5a91339f6e44,False,decode_improved_but_unverified
real_typeii_20db_d32_bw60_blk0,32,60,4,4,layered_ldpc_lite,decode_failed,ldpc.BpOsdDecoder,0.67,50,0,minimum_sum,gray,hard,uniform,4,0,4,0,0.0,0.26953125,0.26953125,988.0,0.771875,0.0,0.5720738999953028,backend=ldpc.BpOsdDecoder; parity_fraction=0.67; column_weight=3; seed=20260428; osd_order=0; bp_method=minimum_sum; llr_mode=hard; bitplane_rate_mode=uniform; unverified_policy=revert_to_bob_decode_failed; status_reason=decode_failed; success=0/4; raw_ser=0.26953125; post_ir_ser=0.26953125,ec874e3fd7633e78,False,decode_failed
real_typeii_20db_d32_bw60_blk0,32,60,4,4,layered_ldpc_lite,decode_failed,ldpc.BpOsdDecoder,0.67,50,0,minimum_sum,gray,bsc_estimated,uniform,4,0,4,0,0.0,0.26953125,0.26953125,988.0,0.771875,0.0,0.5784845000016503,backend=ldpc.BpOsdDecoder; parity_fraction=0.67; column_weight=3; seed=20260428; osd_order=0; bp_method=minimum_sum; llr_mode=bsc_estimated; bitplane_rate_mode=uniform; unverified_policy=revert_to_bob_decode_failed; status_reason=decode_failed; success=0/4; raw_ser=0.26953125; post_ir_ser=0.26953125,f3f67ce02bdd88ce,False,decode_failed
real_typeii_20db_d32_bw60_blk0,32,60,4,4,layered_ldpc_lite,ok,ldpc.BpOsdDecoder,0.9,50,0,minimum_sum,gray,bsc_estimated,uniform,4,4,0,0,1.0,0.26953125,0.0,1288.0,1.00625,0.0,0.5193014999968,backend=ldpc.BpOsdDecoder; parity_fraction=0.9; column_weight=3; seed=20260428; osd_order=0; bp_method=minimum_sum; llr_mode=bsc_estimated; bitplane_rate_mode=uniform; unverified_policy=revert_to_bob_decode_failed,e8db1e33326bc16a,True,real_ir_success
real_typeii_20db_d32_bw60_blk0,32,60,4,4,layered_ldpc_lite,ok,ldpc.BpOsdDecoder,0.8,50,0,minimum_sum,gray,hard,uniform,4,3,1,0,0.75,0.26953125,0.08203125,1168.0,0.9125,0.0,0.5867110000108369,backend=ldpc.BpOsdDecoder; parity_fraction=0.8; column_weight=3; seed=20260428; osd_order=0; bp_method=minimum_sum; llr_mode=hard; bitplane_rate_mode=uniform; unverified_policy=revert_to_bob_decode_failed,b07a3943cf9048dc,False,decode_improved_but_unverified
real_typeii_20db_d32_bw60_blk0,32,60,4,4,layered_ldpc_lite,ok,ldpc.BpOsdDecoder,0.9,50,0,minimum_sum,gray,hard,uniform,4,4,0,0,1.0,0.26953125,0.0,1288.0,1.00625,0.0,0.5737301000044681,backend=ldpc.BpOsdDecoder; parity_fraction=0.9; column_weight=3; seed=20260428; osd_order=0; bp_method=minimum_sum; llr_mode=hard; bitplane_rate_mode=uniform; unverified_policy=revert_to_bob_decode_failed,9670a15685aa444a,True,real_ir_success
real_typeii_20db_d8_bw120_blk0,8,120,4,4,layered_ldpc_lite,ok,ldpc.BpOsdDecoder,0.67,50,0,minimum_sum,gray,bsc_estimated,uniform,4,2,2,0,0.5,0.125,0.0859375,644.0,0.8385416666666666,0.0,0.27386590000241995,backend=ldpc.BpOsdDecoder; parity_fraction=0.67; column_weight=3; seed=20260428; osd_order=0; bp_method=minimum_sum; llr_mode=bsc_estimated; bitplane_rate_mode=uniform; unverified_policy=revert_to_bob_decode_failed,f3f67ce02bdd88ce,False,decode_improved_but_unverified
real_typeii_20db_d8_bw120_blk0,8,120,4,4,layered_ldpc_lite,ok,ldpc.BpOsdDecoder,0.67,50,0,minimum_sum,gray,hard,uniform,4,1,3,0,0.25,0.125,0.11328125,644.0,0.8385416666666666,0.0,0.3302139999868814,backend=ldpc.BpOsdDecoder; parity_fraction=0.67; column_weight=3; seed=20260428; osd_order=0; bp_method=minimum_sum; llr_mode=hard; bitplane_rate_mode=uniform; unverified_policy=revert_to_bob_decode_failed,ec874e3fd7633e78,False,decode_improved_but_unverified
real_typeii_20db_d8_bw120_blk0,8,120,4,4,layered_ldpc_lite,ok,ldpc.BpOsdDecoder,0.5,50,0,minimum_sum,gray,hard,uniform,4,1,3,0,0.25,0.125,0.11328125,512.0,0.6666666666666666,0.0,0.356893799995305,backend=ldpc.BpOsdDecoder; parity_fraction=0.5; column_weight=3; seed=20260428; osd_order=0; bp_method=minimum_sum; llr_mode=hard; bitplane_rate_mode=uniform; unverified_policy=revert_to_bob_decode_failed,dc1d252b3b27a80e,False,decode_improved_but_unverified
real_typeii_20db_d8_bw120_blk0,8,120,4,4,layered_ldpc_lite,ok,ldpc.BpOsdDecoder,0.5,50,0,minimum_sum,gray,bsc_estimated,uniform,4,1,3,0,0.25,0.125,0.11328125,512.0,0.6666666666666666,0.0,0.3601124999986496,backend=ldpc.BpOsdDecoder; parity_fraction=0.5; column_weight=3; seed=20260428; osd_order=0; bp_method=minimum_sum; llr_mode=bsc_estimated; bitplane_rate_mode=uniform; unverified_policy=revert_to_bob_decode_failed,1b68567774e87e2e,False,decode_improved_but_unverified
real_typeii_20db_d8_bw120_blk0,8,120,4,4,layered_ldpc_lite,ok,ldpc.BpOsdDecoder,0.8,50,0,minimum_sum,gray,bsc_estimated,uniform,4,3,1,0,0.75,0.125,0.0546875,752.0,0.9791666666666666,0.0,0.32951039998442866,backend=ldpc.BpOsdDecoder; parity_fraction=0.8; column_weight=3; seed=20260428; osd_order=0; bp_method=minimum_sum; llr_mode=bsc_estimated; bitplane_rate_mode=uniform; unverified_policy=revert_to_bob_decode_failed,221e5a91339f6e44,False,decode_improved_but_unverified
real_typeii_20db_d8_bw120_blk0,8,120,4,4,layered_ldpc_lite,ok,ldpc.BpOsdDecoder,0.8,50,0,minimum_sum,gray,hard,uniform,4,3,1,0,0.75,0.125,0.0546875,752.0,0.9791666666666666,0.0,0.33603919998859055,backend=ldpc.BpOsdDecoder; parity_fraction=0.8; column_weight=3; seed=20260428; osd_order=0; bp_method=minimum_sum; llr_mode=hard; bitplane_rate_mode=uniform; unverified_policy=revert_to_bob_decode_failed,b07a3943cf9048dc,False,decode_improved_but_unverified
real_typeii_20db_d32_bw60_blk0,32,60,4,4,layered_ldpc_lite,ok,ldpc.BpOsdDecoder,1.0,50,0,minimum_sum,gray,hard,uniform,4,4,0,0,1.0,0.26953125,0.0,1408.0,1.1,0.0,0.5503757999977097,backend=ldpc.BpOsdDecoder; parity_fraction=1.0; column_weight=3; seed=20260428; osd_order=0; bp_method=minimum_sum; llr_mode=hard; bitplane_rate_mode=uniform; unverified_policy=revert_to_bob_decode_failed,c0088d2836df2d57,True,real_ir_success
real_typeii_20db_d8_bw120_blk0,8,120,4,4,layered_ldpc_lite,ok,ldpc.BpOsdDecoder,0.9,50,0,minimum_sum,gray,hard,uniform,4,4,0,0,1.0,0.125,0.0,824.0,1.0729166666666667,0.0,0.36170410001068376,backend=ldpc.BpOsdDecoder; parity_fraction=0.9; column_weight=3; seed=20260428; osd_order=0; bp_method=minimum_sum; llr_mode=hard; bitplane_rate_mode=uniform; unverified_policy=revert_to_bob_decode_failed,9670a15685aa444a,True,real_ir_success
real_typeii_20db_d8_bw120_blk0,8,120,4,4,layered_ldpc_lite,ok,ldpc.BpOsdDecoder,0.9,50,0,minimum_sum,gray,bsc_estimated,uniform,4,4,0,0,1.0,0.125,0.0,824.0,1.0729166666666667,0.0,0.36092809998081066,backend=ldpc.BpOsdDecoder; parity_fraction=0.9; column_weight=3; seed=20260428; osd_order=0; bp_method=minimum_sum; llr_mode=bsc_estimated; bitplane_rate_mode=uniform; unverified_policy=revert_to_bob_decode_failed,e8db1e33326bc16a,True,real_ir_success
real_typeii_20db_d8_bw120_blk0,8,120,4,4,layered_ldpc_lite,ok,ldpc.BpOsdDecoder,1.0,50,0,minimum_sum,gray,hard,uniform,4,4,0,0,1.0,0.125,0.0,896.0,1.1666666666666667,0.0,0.32942900000489317,backend=ldpc.BpOsdDecoder; parity_fraction=1.0; column_weight=3; seed=20260428; osd_order=0; bp_method=minimum_sum; llr_mode=hard; bitplane_rate_mode=uniform; unverified_policy=revert_to_bob_decode_failed,c0088d2836df2d57,True,real_ir_success
real_typeii_20db_d8_bw120_blk0,8,120,4,4,layered_ldpc_lite,ok,ldpc.BpOsdDecoder,1.0,50,0,minimum_sum,gray,bsc_estimated,uniform,4,4,0,0,1.0,0.125,0.0,896.0,1.1666666666666667,0.0,0.35298849997343495,backend=ldpc.BpOsdDecoder; parity_fraction=1.0; column_weight=3; seed=20260428; osd_order=0; bp_method=minimum_sum; llr_mode=bsc_estimated; bitplane_rate_mode=uniform; unverified_policy=revert_to_bob_decode_failed,e70c48e72e0f514c,True,real_ir_success
real_typeii_20db_d8_bw180_blk0,8,180,4,4,layered_ldpc_lite,ok,ldpc.BpOsdDecoder,0.5,50,0,minimum_sum,gray,bsc_estimated,uniform,4,1,3,0,0.25,0.0859375,0.07421875,512.0,0.6666666666666666,0.0,0.3137343999987934,backend=ldpc.BpOsdDecoder; parity_fraction=0.5; column_weight=3; seed=20260428; osd_order=0; bp_method=minimum_sum; llr_mode=bsc_estimated; bitplane_rate_mode=uniform; unverified_policy=revert_to_bob_decode_failed,1b68567774e87e2e,False,decode_improved_but_unverified
real_typeii_20db_d8_bw180_blk0,8,180,4,4,layered_ldpc_lite,ok,ldpc.BpOsdDecoder,0.5,50,0,minimum_sum,gray,hard,uniform,4,1,3,0,0.25,0.0859375,0.07421875,512.0,0.6666666666666666,0.0,0.3377221999980975,backend=ldpc.BpOsdDecoder; parity_fraction=0.5; column_weight=3; seed=20260428; osd_order=0; bp_method=minimum_sum; llr_mode=hard; bitplane_rate_mode=uniform; unverified_policy=revert_to_bob_decode_failed,dc1d252b3b27a80e,False,decode_improved_but_unverified
real_typeii_20db_d8_bw180_blk0,8,180,4,4,layered_ldpc_lite,ok,ldpc.BpOsdDecoder,0.67,50,0,minimum_sum,gray,bsc_estimated,uniform,4,2,2,0,0.5,0.0859375,0.0625,644.0,0.8385416666666666,0.0,0.3327550000103656,backend=ldpc.BpOsdDecoder; parity_fraction=0.67; column_weight=3; seed=20260428; osd_order=0; bp_method=minimum_sum; llr_mode=bsc_estimated; bitplane_rate_mode=uniform; unverified_policy=revert_to_bob_decode_failed,f3f67ce02bdd88ce,False,decode_improved_but_unverified
real_typeii_20db_d32_bw60_blk0,32,60,4,4,layered_ldpc_lite,ok,ldpc.BpOsdDecoder,1.0,50,0,minimum_sum,gray,bsc_estimated,uniform,4,4,0,0,1.0,0.26953125,0.0,1408.0,1.1,0.0,0.6128969000128563,backend=ldpc.BpOsdDecoder; parity_fraction=1.0; column_weight=3; seed=20260428; osd_order=0; bp_method=minimum_sum; llr_mode=bsc_estimated; bitplane_rate_mode=uniform; unverified_policy=revert_to_bob_decode_failed,e70c48e72e0f514c,True,real_ir_success
real_typeii_20db_d8_bw180_blk0,8,180,4,4,layered_ldpc_lite,ok,ldpc.BpOsdDecoder,0.67,50,0,minimum_sum,gray,hard,uniform,4,2,2,0,0.5,0.0859375,0.0625,644.0,0.8385416666666666,0.0,0.3922263999993447,backend=ldpc.BpOsdDecoder; parity_fraction=0.67; column_weight=3; seed=20260428; osd_order=0; bp_method=minimum_sum; llr_mode=hard; bitplane_rate_mode=uniform; unverified_policy=revert_to_bob_decode_failed,ec874e3fd7633e78,False,decode_improved_but_unverified
real_typeii_20db_d8_bw180_blk0,8,180,4,4,layered_ldpc_lite,ok,ldpc.BpOsdDecoder,0.8,50,0,minimum_sum,gray,hard,uniform,4,3,1,0,0.75,0.0859375,0.02734375,752.0,0.9791666666666666,0.0,0.333789100026479,backend=ldpc.BpOsdDecoder; parity_fraction=0.8; column_weight=3; seed=20260428; osd_order=0; bp_method=minimum_sum; llr_mode=hard; bitplane_rate_mode=uniform; unverified_policy=revert_to_bob_decode_failed,b07a3943cf9048dc,False,decode_improved_but_unverified
real_typeii_20db_d8_bw180_blk0,8,180,4,4,layered_ldpc_lite,ok,ldpc.BpOsdDecoder,0.9,50,0,minimum_sum,gray,bsc_estimated,uniform,4,4,0,0,1.0,0.0859375,0.0,824.0,1.0729166666666667,0.0,0.3139327999961097,backend=ldpc.BpOsdDecoder; parity_fraction=0.9; column_weight=3; seed=20260428; osd_order=0; bp_method=minimum_sum; llr_mode=bsc_estimated; bitplane_rate_mode=uniform; unverified_policy=revert_to_bob_decode_failed,e8db1e33326bc16a,True,real_ir_success
real_typeii_20db_d8_bw180_blk0,8,180,4,4,layered_ldpc_lite,ok,ldpc.BpOsdDecoder,1.0,50,0,minimum_sum,gray,hard,uniform,4,4,0,0,1.0,0.0859375,0.0,896.0,1.1666666666666667,0.0,0.3044808999984525,backend=ldpc.BpOsdDecoder; parity_fraction=1.0; column_weight=3; seed=20260428; osd_order=0; bp_method=minimum_sum; llr_mode=hard; bitplane_rate_mode=uniform; unverified_policy=revert_to_bob_decode_failed,c0088d2836df2d57,True,real_ir_success
real_typeii_20db_d8_bw180_blk0,8,180,4,4,layered_ldpc_lite,ok,ldpc.BpOsdDecoder,0.9,50,0,minimum_sum,gray,hard,uniform,4,4,0,0,1.0,0.0859375,0.0,824.0,1.0729166666666667,0.0,0.3327857000112999,backend=ldpc.BpOsdDecoder; parity_fraction=0.9; column_weight=3; seed=20260428; osd_order=0; bp_method=minimum_sum; llr_mode=hard; bitplane_rate_mode=uniform; unverified_policy=revert_to_bob_decode_failed,9670a15685aa444a,True,real_ir_success
real_typeii_20db_d8_bw180_blk0,8,180,4,4,layered_ldpc_lite,ok,ldpc.BpOsdDecoder,1.0,50,0,minimum_sum,gray,bsc_estimated,uniform,4,4,0,0,1.0,0.0859375,0.0,896.0,1.1666666666666667,0.0,0.3229081000026781,backend=ldpc.BpOsdDecoder; parity_fraction=1.0; column_weight=3; seed=20260428; osd_order=0; bp_method=minimum_sum; llr_mode=bsc_estimated; bitplane_rate_mode=uniform; unverified_policy=revert_to_bob_decode_failed,e70c48e72e0f514c,True,real_ir_success
real_typeii_20db_d8_bw180_blk0,8,180,4,4,layered_ldpc_lite,ok,ldpc.BpOsdDecoder,0.8,50,0,minimum_sum,gray,bsc_estimated,uniform,4,3,1,0,0.75,0.0859375,0.02734375,752.0,0.9791666666666666,0.0,0.39091109999571927,backend=ldpc.BpOsdDecoder; parity_fraction=0.8; column_weight=3; seed=20260428; osd_order=0; bp_method=minimum_sum; llr_mode=bsc_estimated; bitplane_rate_mode=uniform; unverified_policy=revert_to_bob_decode_failed,221e5a91339f6e44,False,decode_improved_but_unverified
real_typeii_20db_d8_bw200_blk0,8,200,4,4,layered_ldpc_lite,decode_failed,ldpc.BpOsdDecoder,0.5,50,0,minimum_sum,gray,hard,uniform,4,0,4,0,0.0,0.1171875,0.1171875,512.0,0.6666666666666666,0.0,0.33305259997723624,backend=ldpc.BpOsdDecoder; parity_fraction=0.5; column_weight=3; seed=20260428; osd_order=0; bp_method=minimum_sum; llr_mode=hard; bitplane_rate_mode=uniform; unverified_policy=revert_to_bob_decode_failed; status_reason=decode_failed; success=0/4; raw_ser=0.1171875; post_ir_ser=0.1171875,dc1d252b3b27a80e,False,decode_failed
real_typeii_20db_d8_bw200_blk0,8,200,4,4,layered_ldpc_lite,ok,ldpc.BpOsdDecoder,0.67,50,0,minimum_sum,gray,hard,uniform,4,3,1,0,0.75,0.1171875,0.05078125,644.0,0.8385416666666666,0.0,0.3273490999999922,backend=ldpc.BpOsdDecoder; parity_fraction=0.67; column_weight=3; seed=20260428; osd_order=0; bp_method=minimum_sum; llr_mode=hard; bitplane_rate_mode=uniform; unverified_policy=revert_to_bob_decode_failed,ec874e3fd7633e78,False,decode_improved_but_unverified
real_typeii_20db_d8_bw200_blk0,8,200,4,4,layered_ldpc_lite,decode_failed,ldpc.BpOsdDecoder,0.5,50,0,minimum_sum,gray,bsc_estimated,uniform,4,0,4,0,0.0,0.1171875,0.1171875,512.0,0.6666666666666666,0.0,0.34983869999996386,backend=ldpc.BpOsdDecoder; parity_fraction=0.5; column_weight=3; seed=20260428; osd_order=0; bp_method=minimum_sum; llr_mode=bsc_estimated; bitplane_rate_mode=uniform; unverified_policy=revert_to_bob_decode_failed; status_reason=decode_failed; success=0/4; raw_ser=0.1171875; post_ir_ser=0.1171875,1b68567774e87e2e,False,decode_failed
real_typeii_20db_d8_bw200_blk0,8,200,4,4,layered_ldpc_lite,ok,ldpc.BpOsdDecoder,0.67,50,0,minimum_sum,gray,bsc_estimated,uniform,4,3,1,0,0.75,0.1171875,0.05078125,644.0,0.8385416666666666,0.0,0.3437224000226706,backend=ldpc.BpOsdDecoder; parity_fraction=0.67; column_weight=3; seed=20260428; osd_order=0; bp_method=minimum_sum; llr_mode=bsc_estimated; bitplane_rate_mode=uniform; unverified_policy=revert_to_bob_decode_failed,f3f67ce02bdd88ce,False,decode_improved_but_unverified
real_typeii_20db_d8_bw200_blk0,8,200,4,4,layered_ldpc_lite,ok,ldpc.BpOsdDecoder,0.8,50,0,minimum_sum,gray,hard,uniform,4,4,0,0,1.0,0.1171875,0.0,752.0,0.9791666666666666,0.0,0.33276439999463037,backend=ldpc.BpOsdDecoder; parity_fraction=0.8; column_weight=3; seed=20260428; osd_order=0; bp_method=minimum_sum; llr_mode=hard; bitplane_rate_mode=uniform; unverified_policy=revert_to_bob_decode_failed,b07a3943cf9048dc,True,real_ir_success
real_typeii_20db_d8_bw200_blk0,8,200,4,4,layered_ldpc_lite,ok,ldpc.BpOsdDecoder,0.8,50,0,minimum_sum,gray,bsc_estimated,uniform,4,4,0,0,1.0,0.1171875,0.0,752.0,0.9791666666666666,0.0,0.34043819998623803,backend=ldpc.BpOsdDecoder; parity_fraction=0.8; column_weight=3; seed=20260428; osd_order=0; bp_method=minimum_sum; llr_mode=bsc_estimated; bitplane_rate_mode=uniform; unverified_policy=revert_to_bob_decode_failed,221e5a91339f6e44,True,real_ir_success
real_typeii_20db_d8_bw200_blk0,8,200,4,4,layered_ldpc_lite,ok,ldpc.BpOsdDecoder,0.9,50,0,minimum_sum,gray,bsc_estimated,uniform,4,4,0,0,1.0,0.1171875,0.0,824.0,1.0729166666666667,0.0,0.33920889999717474,backend=ldpc.BpOsdDecoder; parity_fraction=0.9; column_weight=3; seed=20260428; osd_order=0; bp_method=minimum_sum; llr_mode=bsc_estimated; bitplane_rate_mode=uniform; unverified_policy=revert_to_bob_decode_failed,e8db1e33326bc16a,True,real_ir_success
real_typeii_20db_d8_bw200_blk0,8,200,4,4,layered_ldpc_lite,ok,ldpc.BpOsdDecoder,0.9,50,0,minimum_sum,gray,hard,uniform,4,4,0,0,1.0,0.1171875,0.0,824.0,1.0729166666666667,0.0,0.3599915999802761,backend=ldpc.BpOsdDecoder; parity_fraction=0.9; column_weight=3; seed=20260428; osd_order=0; bp_method=minimum_sum; llr_mode=hard; bitplane_rate_mode=uniform; unverified_policy=revert_to_bob_decode_failed,9670a15685aa444a,True,real_ir_success
real_typeii_20db_d8_bw200_blk0,8,200,4,4,layered_ldpc_lite,ok,ldpc.BpOsdDecoder,1.0,50,0,minimum_sum,gray,hard,uniform,4,4,0,0,1.0,0.1171875,0.0,896.0,1.1666666666666667,0.0,0.3183446000039112,backend=ldpc.BpOsdDecoder; parity_fraction=1.0; column_weight=3; seed=20260428; osd_order=0; bp_method=minimum_sum; llr_mode=hard; bitplane_rate_mode=uniform; unverified_policy=revert_to_bob_decode_failed,c0088d2836df2d57,True,real_ir_success
real_typeii_20db_d8_bw200_blk0,8,200,4,4,layered_ldpc_lite,ok,ldpc.BpOsdDecoder,1.0,50,0,minimum_sum,gray,bsc_estimated,uniform,4,4,0,0,1.0,0.1171875,0.0,896.0,1.1666666666666667,0.0,0.34020500001497567,backend=ldpc.BpOsdDecoder; parity_fraction=1.0; column_weight=3; seed=20260428; osd_order=0; bp_method=minimum_sum; llr_mode=bsc_estimated; bitplane_rate_mode=uniform; unverified_policy=revert_to_bob_decode_failed,e70c48e72e0f514c,True,real_ir_success
real_typeii_20db_d8_bw50_blk0,8,50,4,4,layered_ldpc_lite,decode_failed,ldpc.BpOsdDecoder,0.5,50,0,minimum_sum,gray,bsc_estimated,uniform,4,0,4,0,0.0,0.23828125,0.23828125,512.0,0.6666666666666666,0.0,0.29899370000930503,backend=ldpc.BpOsdDecoder; parity_fraction=0.5; column_weight=3; seed=20260428; osd_order=0; bp_method=minimum_sum; llr_mode=bsc_estimated; bitplane_rate_mode=uniform; unverified_policy=revert_to_bob_decode_failed; status_reason=decode_failed; success=0/4; raw_ser=0.23828125; post_ir_ser=0.23828125,1b68567774e87e2e,False,decode_failed
real_typeii_20db_d8_bw50_blk0,8,50,4,4,layered_ldpc_lite,decode_failed,ldpc.BpOsdDecoder,0.5,50,0,minimum_sum,gray,hard,uniform,4,0,4,0,0.0,0.23828125,0.23828125,512.0,0.6666666666666666,0.0,0.3363477000093553,backend=ldpc.BpOsdDecoder; parity_fraction=0.5; column_weight=3; seed=20260428; osd_order=0; bp_method=minimum_sum; llr_mode=hard; bitplane_rate_mode=uniform; unverified_policy=revert_to_bob_decode_failed; status_reason=decode_failed; success=0/4; raw_ser=0.23828125; post_ir_ser=0.23828125,dc1d252b3b27a80e,False,decode_failed
real_typeii_20db_d8_bw50_blk0,8,50,4,4,layered_ldpc_lite,ok,ldpc.BpOsdDecoder,0.8,50,0,minimum_sum,gray,hard,uniform,4,2,2,0,0.5,0.23828125,0.13671875,752.0,0.9791666666666666,0.0,0.2783709999930579,backend=ldpc.BpOsdDecoder; parity_fraction=0.8; column_weight=3; seed=20260428; osd_order=0; bp_method=minimum_sum; llr_mode=hard; bitplane_rate_mode=uniform; unverified_policy=revert_to_bob_decode_failed,b07a3943cf9048dc,False,decode_improved_but_unverified
real_typeii_20db_d8_bw50_blk0,8,50,4,4,layered_ldpc_lite,decode_failed,ldpc.BpOsdDecoder,0.67,50,0,minimum_sum,gray,hard,uniform,4,0,4,0,0.0,0.23828125,0.23828125,644.0,0.8385416666666666,0.0,0.30970389998401515,backend=ldpc.BpOsdDecoder; parity_fraction=0.67; column_weight=3; seed=20260428; osd_order=0; bp_method=minimum_sum; llr_mode=hard; bitplane_rate_mode=uniform; unverified_policy=revert_to_bob_decode_failed; status_reason=decode_failed; success=0/4; raw_ser=0.23828125; post_ir_ser=0.23828125,ec874e3fd7633e78,False,decode_failed
real_typeii_20db_d8_bw50_blk0,8,50,4,4,layered_ldpc_lite,decode_failed,ldpc.BpOsdDecoder,0.67,50,0,minimum_sum,gray,bsc_estimated,uniform,4,0,4,0,0.0,0.23828125,0.23828125,644.0,0.8385416666666666,0.0,0.3120301000017207,backend=ldpc.BpOsdDecoder; parity_fraction=0.67; column_weight=3; seed=20260428; osd_order=0; bp_method=minimum_sum; llr_mode=bsc_estimated; bitplane_rate_mode=uniform; unverified_policy=revert_to_bob_decode_failed; status_reason=decode_failed; success=0/4; raw_ser=0.23828125; post_ir_ser=0.23828125,f3f67ce02bdd88ce,False,decode_failed
real_typeii_20db_d8_bw50_blk0,8,50,4,4,layered_ldpc_lite,ok,ldpc.BpOsdDecoder,0.9,50,0,minimum_sum,gray,hard,uniform,4,2,2,0,0.5,0.23828125,0.1484375,824.0,1.0729166666666667,0.0,0.2502481999981683,backend=ldpc.BpOsdDecoder; parity_fraction=0.9; column_weight=3; seed=20260428; osd_order=0; bp_method=minimum_sum; llr_mode=hard; bitplane_rate_mode=uniform; unverified_policy=revert_to_bob_decode_failed,9670a15685aa444a,False,decode_improved_but_unverified
real_typeii_20db_d8_bw50_blk0,8,50,4,4,layered_ldpc_lite,ok,ldpc.BpOsdDecoder,0.8,50,0,minimum_sum,gray,bsc_estimated,uniform,4,2,2,0,0.5,0.23828125,0.13671875,752.0,0.9791666666666666,0.0,0.2864263000083156,backend=ldpc.BpOsdDecoder; parity_fraction=0.8; column_weight=3; seed=20260428; osd_order=0; bp_method=minimum_sum; llr_mode=bsc_estimated; bitplane_rate_mode=uniform; unverified_policy=revert_to_bob_decode_failed,221e5a91339f6e44,False,decode_improved_but_unverified
real_typeii_20db_d8_bw50_blk0,8,50,4,4,layered_ldpc_lite,ok,ldpc.BpOsdDecoder,1.0,50,0,minimum_sum,gray,hard,uniform,4,4,0,0,1.0,0.23828125,0.0,896.0,1.1666666666666667,0.0,0.2190136999997776,backend=ldpc.BpOsdDecoder; parity_fraction=1.0; column_weight=3; seed=20260428; osd_order=0; bp_method=minimum_sum; llr_mode=hard; bitplane_rate_mode=uniform; unverified_policy=revert_to_bob_decode_failed,c0088d2836df2d57,True,real_ir_success
real_typeii_20db_d8_bw50_blk0,8,50,4,4,layered_ldpc_lite,ok,ldpc.BpOsdDecoder,1.0,50,0,minimum_sum,gray,bsc_estimated,uniform,4,4,0,0,1.0,0.23828125,0.0,896.0,1.1666666666666667,0.0,0.2144780999806244,backend=ldpc.BpOsdDecoder; parity_fraction=1.0; column_weight=3; seed=20260428; osd_order=0; bp_method=minimum_sum; llr_mode=bsc_estimated; bitplane_rate_mode=uniform; unverified_policy=revert_to_bob_decode_failed,e70c48e72e0f514c,True,real_ir_success
real_typeii_20db_d8_bw50_blk0,8,50,4,4,layered_ldpc_lite,ok,ldpc.BpOsdDecoder,0.9,50,0,minimum_sum,gray,bsc_estimated,uniform,4,2,2,0,0.5,0.23828125,0.1484375,824.0,1.0729166666666667,0.0,0.23901369998930022,backend=ldpc.BpOsdDecoder; parity_fraction=0.9; column_weight=3; seed=20260428; osd_order=0; bp_method=minimum_sum; llr_mode=bsc_estimated; bitplane_rate_mode=uniform; unverified_policy=revert_to_bob_decode_failed,e8db1e33326bc16a,False,decode_improved_but_unverified
