attempted,check_count,decoder_p,denominator_included,frame_id,iterations,key_dependent_disclosure_bits_total,policy_sha256,public_control_bits,public_control_bits_total,qualification_role,runtime_s,status,stratum_p,syndrome_disclosure_bits,transcript_sha256,verification_invoked,verification_seed_id,verification_tag_bits
True,32,0.2,True,nbldpc_formal_v1_q1024_p20_confirmation_000,4,384,23a1b46300f1c841eed3ffc6f672840c7be17608260de6b09944cac74228983d,703,703,confirmation,1.140999999945052,verified_success,0.2,320,4127206b302f9320768ad3d88fb845dbdd12d586a5a7a335e515edd2caf7443c,True,26e43745ebc87ada5d3bcc3681edc4ff33fa51293bef45b53054eefe2a536227,64
True,32,0.2,True,nbldpc_formal_v1_q1024_p20_confirmation_001,10,320,23a1b46300f1c841eed3ffc6f672840c7be17608260de6b09944cac74228983d,0,0,confirmation,2.76500000001397,decode_failed,0.2,320,c591aa29e37fb8835caea861ea0e37252eddf9704bc143fd6cad7efabe656b34,False,,0
True,32,0.2,True,nbldpc_formal_v1_q1024_p20_confirmation_002,4,384,23a1b46300f1c841eed3ffc6f672840c7be17608260de6b09944cac74228983d,703,703,confirmation,1.125,verified_success,0.2,320,8c0794fdeba6bcf39767812e6857a4c4189af9df188ee02b524cf1d19c1d7b51,True,cd9016b302a2ccfc25869adfeb406365f85a89f1dd382e9a0ed298e30cb208f7,64
True,32,0.2,True,nbldpc_formal_v1_q1024_p20_confirmation_003,3,384,23a1b46300f1c841eed3ffc6f672840c7be17608260de6b09944cac74228983d,703,703,confirmation,0.859000000054948,verified_success,0.2,320,a96c4c3820eef6756d4cfde608c24ebd7654d1b8ee41f6a36cfa0da069322a1c,True,d0f247473f3c2bd7b404ce24c4636266babe7ce1dc697f4b4381f4f30fe6ddf7,64
True,32,0.2,True,nbldpc_formal_v1_q1024_p20_confirmation_004,7,384,23a1b46300f1c841eed3ffc6f672840c7be17608260de6b09944cac74228983d,703,703,confirmation,1.8900000000139698,verified_success,0.2,320,9140a87aac6bb034005705fd7a9f6e96f6245de27a9106515b2d797ede4b637a,True,9397594c303d92a1aeb3ad53e0055cff51a17eb4a026e0ff491c30e80b02dc2e,64
True,32,0.2,True,nbldpc_formal_v1_q1024_p20_confirmation_005,4,384,23a1b46300f1c841eed3ffc6f672840c7be17608260de6b09944cac74228983d,703,703,confirmation,1.125,verified_success,0.2,320,15ee1553fcdd07bfc4a7c567af1ddf9a85a032f6c443820b4c6f433784e5d664,True,b892f41e54ecf893a6430014fd06b6cd5ac9544e4964ff19639ca5f05ae89c49,64
True,32,0.2,True,nbldpc_formal_v1_q1024_p20_confirmation_006,10,320,23a1b46300f1c841eed3ffc6f672840c7be17608260de6b09944cac74228983d,0,0,confirmation,2.6869999999180436,decode_failed,0.2,320,6c19cf001e199a61101bec5878f19fc204087083f37d336f8950d09a7e4b0342,False,,0
True,32,0.2,True,nbldpc_formal_v1_q1024_p20_confirmation_007,10,320,23a1b46300f1c841eed3ffc6f672840c7be17608260de6b09944cac74228983d,0,0,confirmation,2.672000000020489,decode_failed,0.2,320,334770d8f8f21bdf62bca105e379e18c56ce2234d34091088c86c960aca765aa,False,,0
True,32,0.2,True,nbldpc_formal_v1_q1024_p20_confirmation_008,3,384,23a1b46300f1c841eed3ffc6f672840c7be17608260de6b09944cac74228983d,703,703,confirmation,0.8589999999385327,verified_success,0.2,320,43f68c3ad5b5d5971177f0630b26c00a5509b57d72769b9185598b174203010f,True,1afb2d748d9ebfee0dd85923d1d2bab45c3dee2712baccefb3cad6edde8aace3,64
True,32,0.2,True,nbldpc_formal_v1_q1024_p20_confirmation_009,10,320,23a1b46300f1c841eed3ffc6f672840c7be17608260de6b09944cac74228983d,0,0,confirmation,2.672000000020489,decode_failed,0.2,320,f74c1bbfc38e39050bd2b6333baa00d21e79595aeaef921684eb2b24e6ebbcd6,False,,0
True,32,0.2,True,nbldpc_formal_v1_q1024_p20_confirmation_010,10,320,23a1b46300f1c841eed3ffc6f672840c7be17608260de6b09944cac74228983d,0,0,confirmation,2.702999999979511,decode_failed,0.2,320,462944a3638798cdbab93fdc4709fb81d4f4530ddaf04d41b7373cff3db62c87,False,,0
True,32,0.2,True,nbldpc_formal_v1_q1024_p20_confirmation_011,3,384,23a1b46300f1c841eed3ffc6f672840c7be17608260de6b09944cac74228983d,703,703,confirmation,0.8599999999860302,verified_success,0.2,320,eea04a1f44de60f6acc1a5de2bc3f8b3dfeb7e49200de7bf173b1c4b0ff51b95,True,4cb03f218d47be257b821e427b66877bb2de2bb083baea0b388fa14b7546c6af,64
True,32,0.2,True,nbldpc_formal_v1_q1024_p20_confirmation_012,2,384,23a1b46300f1c841eed3ffc6f672840c7be17608260de6b09944cac74228983d,703,703,confirmation,0.609000000054948,verified_success,0.2,320,a808dae686bfddb45f556cdad870ff48986ebfec40bea56523b50a569ffbe833,True,5978f34cbe86b0dff241b7881743959127f83c90aa5c4b4408f9dc7797fada68,64
True,32,0.2,True,nbldpc_formal_v1_q1024_p20_confirmation_013,2,384,23a1b46300f1c841eed3ffc6f672840c7be17608260de6b09944cac74228983d,703,703,confirmation,0.5939999999245629,verified_success,0.2,320,c917b17c1abb1219c58379af9e49b0343f1bff92baa2fdf43fbc19c8b28a0a3c,True,160f0ec953dee1a5ffeebf30903b2b1ae03b2e68c4f8e0ee223a1bf76b86d63b,64
True,32,0.2,True,nbldpc_formal_v1_q1024_p20_confirmation_014,2,384,23a1b46300f1c841eed3ffc6f672840c7be17608260de6b09944cac74228983d,703,703,confirmation,0.5940000000409782,verified_success,0.2,320,255e793d5d85af8d275a8f8379f5c47c8da7785f33d1e46e1acc69a08e24ce19,True,7fe1219df7a017fb2c36709dd5f0105865d15c6cc5051f105c96a5d5745548a9,64
True,32,0.2,True,nbldpc_formal_v1_q1024_p20_confirmation_015,10,320,23a1b46300f1c841eed3ffc6f672840c7be17608260de6b09944cac74228983d,0,0,confirmation,2.672000000020489,decode_failed,0.2,320,1d6ed24b4cdcf9aa1fe5ae9a57c8bd8c5774ee4e47978f8710e1066b9bed0cda,False,,0
True,32,0.2,True,nbldpc_formal_v1_q1024_p20_confirmation_016,3,384,23a1b46300f1c841eed3ffc6f672840c7be17608260de6b09944cac74228983d,703,703,confirmation,0.875,verified_success,0.2,320,bea89e384783b57b2e06ac60882feb53be377cc0829b060d2b329c9191b1fe34,True,c4b3b1cf4fa5846a4962fe833c6ec01a89bc2ad4a0fff84166edb1509b2c652e,64
True,32,0.2,True,nbldpc_formal_v1_q1024_p20_confirmation_017,10,320,23a1b46300f1c841eed3ffc6f672840c7be17608260de6b09944cac74228983d,0,0,confirmation,2.702999999979511,decode_failed,0.2,320,37cc463be7348da5ccb058bf81c548159dbd057539e493ca7919a7990daf6a4e,False,,0
True,32,0.2,True,nbldpc_formal_v1_q1024_p20_confirmation_018,10,320,23a1b46300f1c841eed3ffc6f672840c7be17608260de6b09944cac74228983d,0,0,confirmation,2.655999999959022,decode_failed,0.2,320,14221c399a4c998d060f77376f31be305c7ab3c1d3699fa4765409e08840391c,False,,0
True,32,0.2,True,nbldpc_formal_v1_q1024_p20_confirmation_019,10,320,23a1b46300f1c841eed3ffc6f672840c7be17608260de6b09944cac74228983d,0,0,confirmation,2.655999999959022,decode_failed,0.2,320,aecd324ebf89702ecfe7a3f4d54670a201ccc6927fd83bbe81109a19c7531f87,False,,0
True,32,0.2,True,nbldpc_formal_v1_q1024_p20_confirmation_020,3,384,23a1b46300f1c841eed3ffc6f672840c7be17608260de6b09944cac74228983d,703,703,confirmation,0.875,verified_success,0.2,320,6db230d5d43d5e8b347de1c26a077364a06bf9f1dcfa8ea7c25c79cd89486257,True,d019cfca455dedc2d26d022dab6ec7e3628913af72d252981ad523bff34ab8d8,64
True,32,0.2,True,nbldpc_formal_v1_q1024_p20_confirmation_021,3,384,23a1b46300f1c841eed3ffc6f672840c7be17608260de6b09944cac74228983d,703,703,confirmation,0.8589999999385327,verified_success,0.2,320,1e2e7caa26d57c8a6c88d293eba9b7efb13d3d3c15e77bf13e100b0790208cdf,True,cb4826e8d7f9b827e4bdc2f1f2b7635921c9f3f9b4148d140c5d75e487cd095c,64
True,32,0.2,True,nbldpc_formal_v1_q1024_p20_confirmation_022,10,320,23a1b46300f1c841eed3ffc6f672840c7be17608260de6b09944cac74228983d,0,0,confirmation,2.73499999998603,decode_failed,0.2,320,02c1de8d548cd0677950a32cc1d8413b6c2a4a3854b2e2d24bcf92b0044403ba,False,,0
True,32,0.2,True,nbldpc_formal_v1_q1024_p20_confirmation_023,4,384,23a1b46300f1c841eed3ffc6f672840c7be17608260de6b09944cac74228983d,703,703,confirmation,1.125,verified_success,0.2,320,a910392882e1f4800f0767cbc17f1bbed27ffbbe797908ab5a190b2e91f73959,True,460976a1f56e4e31ebd8a4d6a692df6e98a83ca083f948649e41769187ed880c,64
True,32,0.2,True,nbldpc_formal_v1_q1024_p20_confirmation_024,4,384,23a1b46300f1c841eed3ffc6f672840c7be17608260de6b09944cac74228983d,703,703,confirmation,1.109000000054948,verified_success,0.2,320,e511d8852edd9b1017f310c7c14e018a42bf459f5fdaeb502f62d6d539c7144e,True,c4199e35683868d5c160240c9d29eff6b6c7f9885b26b025e01d99d06a83ba11,64
True,32,0.2,True,nbldpc_formal_v1_q1024_p20_confirmation_025,10,320,23a1b46300f1c841eed3ffc6f672840c7be17608260de6b09944cac74228983d,0,0,confirmation,2.672000000020489,decode_failed,0.2,320,64c7aced477a9953897d32aa6b3d754f57f16204892ac93fe2d16612816c43aa,False,,0
True,32,0.2,True,nbldpc_formal_v1_q1024_p20_confirmation_026,4,384,23a1b46300f1c841eed3ffc6f672840c7be17608260de6b09944cac74228983d,703,703,confirmation,1.1559999999590218,verified_success,0.2,320,9ed00e55c55d66edfd090035cea0248f83aad6c109f3af172e61769c9c7d6243,True,616a1c22bf711a52090b7d69d10ff658abd14ec2a98eee3ec9249f6bfc9a709c,64
True,32,0.2,True,nbldpc_formal_v1_q1024_p20_confirmation_027,10,320,23a1b46300f1c841eed3ffc6f672840c7be17608260de6b09944cac74228983d,0,0,confirmation,2.76500000001397,decode_failed,0.2,320,ec162cb938f573acb6289d9c0715fb44bd6ccd1d7550fedc1c79b20fd3fe28cb,False,,0
True,32,0.2,True,nbldpc_formal_v1_q1024_p20_confirmation_028,3,384,23a1b46300f1c841eed3ffc6f672840c7be17608260de6b09944cac74228983d,703,703,confirmation,0.8910000000614673,verified_success,0.2,320,93c647732b6cbf31176ec723c7bada89c4e097fd936b3fe69948eb1789b5ef0c,True,054d42916f142ea71ecd5468d059e51ba5ac3c23b41115b1910531bfb24de784,64
True,32,0.2,True,nbldpc_formal_v1_q1024_p20_confirmation_029,3,384,23a1b46300f1c841eed3ffc6f672840c7be17608260de6b09944cac74228983d,703,703,confirmation,0.875,verified_success,0.2,320,b60bb7b2191876c91c15dc4d0a6adf1b7c001dcd631feb2022676695539e439f,True,2fb8c8d7652c92084997594944f06faa229ad533dd3ecb58357b074063fbfe59,64
True,32,0.2,True,nbldpc_formal_v1_q1024_p20_confirmation_030,10,320,23a1b46300f1c841eed3ffc6f672840c7be17608260de6b09944cac74228983d,0,0,confirmation,2.7339999999385327,decode_failed,0.2,320,cfa316d88f969968c5b97dad456f8b1a50e23c2f74f56b2a42124ed19d88ee93,False,,0
True,32,0.2,True,nbldpc_formal_v1_q1024_p20_confirmation_031,10,320,23a1b46300f1c841eed3ffc6f672840c7be17608260de6b09944cac74228983d,0,0,confirmation,2.7040000000270084,decode_failed,0.2,320,38044f94134599c9eaa623b96cb80d47ca85637d5fb600d1d234bdbc45ea8fdc,False,,0
True,32,0.3,True,nbldpc_formal_v1_q1024_p30_confirmation_000,10,320,23a1b46300f1c841eed3ffc6f672840c7be17608260de6b09944cac74228983d,0,0,confirmation,2.7179999999934807,decode_failed,0.3,320,8df37d1fb7279410ecd7dade3c733928f3776497456c3db292b5929a4738cf5b,False,,0
True,32,0.3,True,nbldpc_formal_v1_q1024_p30_confirmation_001,10,320,23a1b46300f1c841eed3ffc6f672840c7be17608260de6b09944cac74228983d,0,0,confirmation,2.6869999999180436,decode_failed,0.3,320,cc0af0cf489a07002ac26f915597e96dec1312711f9c3b14228fd7c4c53e52be,False,,0
True,32,0.3,True,nbldpc_formal_v1_q1024_p30_confirmation_002,10,320,23a1b46300f1c841eed3ffc6f672840c7be17608260de6b09944cac74228983d,0,0,confirmation,2.718999999924563,decode_failed,0.3,320,db4169df21a29368659e9fe192fec9bedf9bc3c1121f457b3ec94adbb85f25ee,False,,0
True,32,0.3,True,nbldpc_formal_v1_q1024_p30_confirmation_003,10,320,23a1b46300f1c841eed3ffc6f672840c7be17608260de6b09944cac74228983d,0,0,confirmation,2.734000000054948,decode_failed,0.3,320,cb0bc808b473640cfd3fefebe964e0e412ddebb12cd6a217d681c270d8b66e62,False,,0
True,32,0.3,True,nbldpc_formal_v1_q1024_p30_confirmation_004,10,320,23a1b46300f1c841eed3ffc6f672840c7be17608260de6b09944cac74228983d,0,0,confirmation,2.7030000000959262,decode_failed,0.3,320,8961fa1d2265ee58ee085ff5a3498806f7c34e6d07364043b466ce690c1d4c75,False,,0
True,32,0.3,True,nbldpc_formal_v1_q1024_p30_confirmation_005,10,320,23a1b46300f1c841eed3ffc6f672840c7be17608260de6b09944cac74228983d,0,0,confirmation,2.7339999999385327,decode_failed,0.3,320,8055647fc86784738a7aed410e8dcde597557f3c4be334beefeabadd126a0146,False,,0
True,32,0.3,True,nbldpc_formal_v1_q1024_p30_confirmation_006,10,320,23a1b46300f1c841eed3ffc6f672840c7be17608260de6b09944cac74228983d,0,0,confirmation,2.73499999998603,decode_failed,0.3,320,2db9c7266d9026a5da22253dcd1d9d1a411a0a70622b9e78a62506f77e602c22,False,,0
True,32,0.3,True,nbldpc_formal_v1_q1024_p30_confirmation_007,10,320,23a1b46300f1c841eed3ffc6f672840c7be17608260de6b09944cac74228983d,0,0,confirmation,2.7179999999934807,decode_failed,0.3,320,e5c795fc68fc43a7cce11e2f31647fa8ff7270f5faa999b8cc1673a557862c5e,False,,0
True,32,0.3,True,nbldpc_formal_v1_q1024_p30_confirmation_008,3,384,23a1b46300f1c841eed3ffc6f672840c7be17608260de6b09944cac74228983d,703,703,confirmation,0.875,verified_success,0.3,320,1bfee68eeead845d514e2c7463c1f1ebd521514784d7650267d2996b2bc84451,True,3a4e2aa0baddbc39d2bd4e93d77c7b30138d337373772e89ca4cc5c454fb2928,64
True,32,0.3,True,nbldpc_formal_v1_q1024_p30_confirmation_009,10,320,23a1b46300f1c841eed3ffc6f672840c7be17608260de6b09944cac74228983d,0,0,confirmation,2.719000000040978,decode_failed,0.3,320,d9973ab129febfa89d2f7c55746cf2e9569d975fbfefdd805859d54686538c02,False,,0
True,32,0.3,True,nbldpc_formal_v1_q1024_p30_confirmation_010,4,384,23a1b46300f1c841eed3ffc6f672840c7be17608260de6b09944cac74228983d,703,703,confirmation,1.125,verified_success,0.3,320,3c05962abb9bee366794131791e53150b92832c06eaa47acfdcee09547fc8989,True,250bcfee65fb565054c7f40acfff725fc5d903252d5ff97f48e082441af30652,64
True,32,0.3,True,nbldpc_formal_v1_q1024_p30_confirmation_011,10,320,23a1b46300f1c841eed3ffc6f672840c7be17608260de6b09944cac74228983d,0,0,confirmation,2.687999999965541,decode_failed,0.3,320,e5899db2a1dbdcd81a4882741dad0cfec9230e407c60d0be4ff9137b139fee97,False,,0
True,32,0.3,True,nbldpc_formal_v1_q1024_p30_confirmation_012,4,384,23a1b46300f1c841eed3ffc6f672840c7be17608260de6b09944cac74228983d,703,703,confirmation,1.125,verified_success,0.3,320,a671020695d34967b3d3282bedf38663822fdfeaa2e243480bd043cc394bc0c1,True,edd6deb4e3bad857d19a98fe12ecb0f4537bfbfc99c9c67c0252747c3d920efe,64
True,32,0.3,True,nbldpc_formal_v1_q1024_p30_confirmation_013,10,320,23a1b46300f1c841eed3ffc6f672840c7be17608260de6b09944cac74228983d,0,0,confirmation,2.702999999979511,decode_failed,0.3,320,306c6b6c0931434098b261850ed2b6064fe567890ae5a13b87eed37c39d0ef90,False,,0
True,32,0.3,True,nbldpc_formal_v1_q1024_p30_confirmation_014,10,320,23a1b46300f1c841eed3ffc6f672840c7be17608260de6b09944cac74228983d,0,0,confirmation,2.687000000034459,decode_failed,0.3,320,e8b60266c08982557afe2baf63f0107c2d9b5e99203cc98f07202f6381ffdd50,False,,0
True,32,0.3,True,nbldpc_formal_v1_q1024_p30_confirmation_015,10,320,23a1b46300f1c841eed3ffc6f672840c7be17608260de6b09944cac74228983d,0,0,confirmation,2.672000000020489,decode_failed,0.3,320,0bd19caa692087ed4ca374c886dce64beee7061e4d4eceff6755c21718364dae,False,,0
True,32,0.3,True,nbldpc_formal_v1_q1024_p30_confirmation_016,10,320,23a1b46300f1c841eed3ffc6f672840c7be17608260de6b09944cac74228983d,0,0,confirmation,2.672000000020489,decode_failed,0.3,320,ca50b4a2a2d7f93477912f60b5216a1f5701360033f78239048f3528a3630a08,False,,0
True,32,0.3,True,nbldpc_formal_v1_q1024_p30_confirmation_017,10,320,23a1b46300f1c841eed3ffc6f672840c7be17608260de6b09944cac74228983d,0,0,confirmation,2.687000000034459,decode_failed,0.3,320,d575075246a3d8be3a645002d1dd8971c51693da37ad0afa963803fbc6089d17,False,,0
True,32,0.3,True,nbldpc_formal_v1_q1024_p30_confirmation_018,8,384,23a1b46300f1c841eed3ffc6f672840c7be17608260de6b09944cac74228983d,703,703,confirmation,2.172000000020489,verified_success,0.3,320,e1da8f65c79a851bf3990f8d57e830464ee697575e3abc90541b64cb3e084141,True,fa91ea3ae81c7542940debc04b5a123d6ba00e02a17a5de67934c35ba29f77e9,64
True,32,0.3,True,nbldpc_formal_v1_q1024_p30_confirmation_019,10,320,23a1b46300f1c841eed3ffc6f672840c7be17608260de6b09944cac74228983d,0,0,confirmation,2.687000000034459,decode_failed,0.3,320,d5e1e2e169df3f3f8a1313f78a4c6a1d11639abee0298443937d2f7dfa770d61,False,,0
True,32,0.3,True,nbldpc_formal_v1_q1024_p30_confirmation_020,10,320,23a1b46300f1c841eed3ffc6f672840c7be17608260de6b09944cac74228983d,0,0,confirmation,2.702999999979511,decode_failed,0.3,320,4f42e8b8f9e1fc38ed8b658e3fd60d515fa15c56c73ce89d762c321c63398338,False,,0
True,32,0.3,True,nbldpc_formal_v1_q1024_p30_confirmation_021,10,320,23a1b46300f1c841eed3ffc6f672840c7be17608260de6b09944cac74228983d,0,0,confirmation,2.73499999998603,decode_failed,0.3,320,a1c4a9b6d654abefe815c5c18719caf6019400baf46b385cecb2960540173fa9,False,,0
True,32,0.3,True,nbldpc_formal_v1_q1024_p30_confirmation_022,10,320,23a1b46300f1c841eed3ffc6f672840c7be17608260de6b09944cac74228983d,0,0,confirmation,2.672000000020489,decode_failed,0.3,320,0b005066a97a051f2a725cec2726244063bdb0f7ba1cc12071c590e4a1990c9c,False,,0
True,32,0.3,True,nbldpc_formal_v1_q1024_p30_confirmation_023,4,384,23a1b46300f1c841eed3ffc6f672840c7be17608260de6b09944cac74228983d,703,703,confirmation,1.125,verified_success,0.3,320,97a0a5a2fb4c075eba558d63493721fbf50bcd50dd04d6d3a8bf67f883114069,True,5c6dabcd74e1fe2d0a2ae677cddd314be6ba4966fb23aaa6fdd4c7b67dee6bf3,64
True,32,0.3,True,nbldpc_formal_v1_q1024_p30_confirmation_024,10,320,23a1b46300f1c841eed3ffc6f672840c7be17608260de6b09944cac74228983d,0,0,confirmation,2.687999999965541,decode_failed,0.3,320,79ac1af7b16b81ac2335833fdfc11c89e5997a85213fdbee9b7510911e24ab42,False,,0
True,32,0.3,True,nbldpc_formal_v1_q1024_p30_confirmation_025,10,320,23a1b46300f1c841eed3ffc6f672840c7be17608260de6b09944cac74228983d,0,0,confirmation,2.7179999999934807,decode_failed,0.3,320,1b8cf64141ad0b906d4bac8ff90c40052e72b725938d907be19ff6e1dfbd6acf,False,,0
True,32,0.3,True,nbldpc_formal_v1_q1024_p30_confirmation_026,10,320,23a1b46300f1c841eed3ffc6f672840c7be17608260de6b09944cac74228983d,0,0,confirmation,2.73499999998603,decode_failed,0.3,320,93b8fd0dd791c0c0460c17d1a56f043597d7b473b83d4e87d64c2584df0ec688,False,,0
True,32,0.3,True,nbldpc_formal_v1_q1024_p30_confirmation_027,10,320,23a1b46300f1c841eed3ffc6f672840c7be17608260de6b09944cac74228983d,0,0,confirmation,2.719000000040978,decode_failed,0.3,320,e93f4a1e9757cff308eb563a4b5a4a3a744f9bc7d6e9634ddcf7b1cdfa861fd3,False,,0
True,32,0.3,True,nbldpc_formal_v1_q1024_p30_confirmation_028,10,320,23a1b46300f1c841eed3ffc6f672840c7be17608260de6b09944cac74228983d,0,0,confirmation,2.780999999959022,decode_failed,0.3,320,8908286055a856fae8d43f0e89392edac8d658f89598d8f7e794c274a5ceea66,False,,0
True,32,0.3,True,nbldpc_formal_v1_q1024_p30_confirmation_029,10,320,23a1b46300f1c841eed3ffc6f672840c7be17608260de6b09944cac74228983d,0,0,confirmation,2.7660000000614673,decode_failed,0.3,320,ad901d03f0ac6302bf1a462acafceebfb468c2eea251931cd10acff39ec6d5f8,False,,0
True,32,0.3,True,nbldpc_formal_v1_q1024_p30_confirmation_030,10,320,23a1b46300f1c841eed3ffc6f672840c7be17608260de6b09944cac74228983d,0,0,confirmation,2.718999999924563,decode_failed,0.3,320,33387a835740144ad3cf4e2413f33ba3e799c8ed61c856bc249e30330061af15,False,,0
True,32,0.3,True,nbldpc_formal_v1_q1024_p30_confirmation_031,10,320,23a1b46300f1c841eed3ffc6f672840c7be17608260de6b09944cac74228983d,0,0,confirmation,2.719000000040978,decode_failed,0.3,320,bd9563de980ff2c1308a36dfcd18ac60ac0276c46547ec847c9c82c0e7cb53c2,False,,0
