source_tag,frame_id,raw_ser,status,reason,iterations,exact_correct
type2_1p5M_20260121_183806,0,0.2734375,syndrome_consistent,exact_correct,4,True
type2_1p5M_20260121_183806,1,0.28515625,syndrome_consistent,exact_correct,5,True
type2_1p5M_20260121_183806,2,0.265625,syndrome_consistent,exact_correct,6,True
type2_1p5M_20260121_183806,3,0.234375,syndrome_consistent,exact_correct,5,True
type2_1p5M_20260121_183806,4,0.24609375,syndrome_consistent,exact_correct,5,True
type2_1p5M_20260121_183806,5,0.26953125,syndrome_consistent,exact_correct,5,True
type2_1p5M_20260121_183806,6,0.22265625,syndrome_consistent,exact_correct,4,True
type2_1p5M_20260121_183806,7,0.27734375,syndrome_consistent,exact_correct,4,True
type2_1p5M_20260121_183806,8,0.25390625,syndrome_consistent,exact_correct,4,True
type2_1p5M_20260121_183806,9,0.2265625,syndrome_consistent,exact_correct,4,True
type2_1p5M_20260121_183806,10,0.2421875,syndrome_consistent,exact_correct,4,True
type2_1p5M_20260121_183806,11,0.24609375,syndrome_consistent,exact_correct,6,True
type2_1p5M_20260121_183806,12,0.1953125,syndrome_consistent,exact_correct,3,True
type2_1p5M_20260121_183806,13,0.2734375,syndrome_consistent,exact_correct,13,True
type2_1p5M_20260121_183806,14,0.23828125,syndrome_consistent,exact_correct,4,True
type2_1p5M_20260121_183806,15,0.28515625,syndrome_consistent,exact_correct,6,True
type2_1p5M_20260121_183806,16,0.3046875,syndrome_consistent,exact_correct,5,True
type2_1p5M_20260121_183806,17,0.23828125,syndrome_consistent,exact_correct,6,True
type2_1p5M_20260121_183806,18,0.20703125,syndrome_consistent,exact_correct,4,True
type2_1p5M_20260121_183806,19,0.3046875,syndrome_consistent,exact_correct,8,True
type2_1p5M_20260121_183806,20,0.2421875,syndrome_consistent,exact_correct,5,True
type2_1p5M_20260121_183806,21,0.29296875,syndrome_consistent,exact_correct,7,True
type2_1p5M_20260121_183806,22,0.26171875,syndrome_consistent,exact_correct,6,True
type2_1p5M_20260121_183806,23,0.25,syndrome_consistent,exact_correct,4,True
type2_1p5M_20260121_183806,24,0.2578125,syndrome_consistent,exact_correct,4,True
type2_1p5M_20260121_183806,25,0.23828125,syndrome_consistent,exact_correct,3,True
type2_1p5M_20260121_183806,26,0.25,syndrome_consistent,exact_correct,5,True
type2_1p5M_20260121_183806,27,0.22265625,syndrome_consistent,exact_correct,4,True
type2_1p5M_20260121_183806,28,0.22265625,syndrome_consistent,exact_correct,5,True
type2_1p5M_20260121_183806,29,0.23046875,syndrome_consistent,exact_correct,4,True
type2_1p5M_20260121_183806,30,0.2421875,syndrome_consistent,exact_correct,5,True
type2_1p5M_20260121_183806,31,0.1796875,syndrome_consistent,exact_correct,3,True
type2_1p5M_20260121_183806,32,0.26171875,syndrome_consistent,exact_correct,5,True
type2_1p5M_20260121_183806,33,0.28125,syndrome_consistent,exact_correct,9,True
type2_1p5M_20260121_183806,34,0.2421875,syndrome_consistent,exact_correct,4,True
type2_1p5M_20260121_183806,35,0.3046875,syndrome_consistent,exact_correct,5,True
type2_1p5M_20260121_183806,36,0.25390625,syndrome_consistent,exact_correct,3,True
type2_1p5M_20260121_183806,37,0.25,syndrome_consistent,exact_correct,6,True
type2_1p5M_20260121_183806,38,0.265625,syndrome_consistent,exact_correct,5,True
type2_1p5M_20260121_183806,39,0.2578125,syndrome_consistent,exact_correct,4,True
type2_1p5M_20260121_183806,40,0.24609375,syndrome_consistent,exact_correct,4,True
type2_1p5M_20260121_183806,41,0.24609375,syndrome_consistent,exact_correct,3,True
type2_1p5M_20260121_183806,42,0.2890625,syndrome_consistent,exact_correct,5,True
type2_1p5M_20260121_183806,43,0.19921875,syndrome_consistent,exact_correct,3,True
type2_1p5M_20260121_183806,44,0.25390625,syndrome_consistent,exact_correct,6,True
type2_1p5M_20260121_183806,45,0.23828125,syndrome_consistent,exact_correct,6,True
type2_1p5M_20260121_183806,46,0.2734375,syndrome_consistent,exact_correct,5,True
type2_1p5M_20260121_183806,47,0.24609375,syndrome_consistent,exact_correct,5,True
type2_1p5M_20260121_183806,48,0.31640625,syndrome_consistent,exact_correct,8,True
type2_1p5M_20260121_183806,49,0.2421875,syndrome_consistent,exact_correct,5,True
type2_1p5M_20260121_183806,50,0.2734375,syndrome_consistent,exact_correct,9,True
type2_1p5M_20260121_183806,51,0.2421875,syndrome_consistent,exact_correct,4,True
type2_1p5M_20260121_183806,52,0.2421875,syndrome_consistent,exact_correct,4,True
type2_1p5M_20260121_183806,53,0.26953125,syndrome_consistent,exact_correct,5,True
type2_1p5M_20260121_183806,54,0.23828125,syndrome_consistent,exact_correct,3,True
type2_1p5M_20260121_183806,55,0.26953125,syndrome_consistent,exact_correct,6,True
type2_1p5M_20260121_183806,56,0.27734375,syndrome_consistent,exact_correct,6,True
type2_1p5M_20260121_183806,57,0.2578125,syndrome_consistent,exact_correct,7,True
type2_1p5M_20260121_183806,58,0.203125,syndrome_consistent,exact_correct,3,True
type2_1p5M_20260121_183806,59,0.2890625,syndrome_consistent,exact_correct,5,True
type2_1p5M_20260121_183806,60,0.20703125,syndrome_consistent,exact_correct,4,True
type2_1p5M_20260121_183806,61,0.23828125,syndrome_consistent,exact_correct,3,True
type2_1p5M_20260121_183806,62,0.22265625,syndrome_consistent,exact_correct,4,True
type2_1p5M_20260121_183806,63,0.27734375,syndrome_consistent,exact_correct,6,True
type2_1p5M_20260121_183806,64,0.30078125,syndrome_consistent,exact_correct,6,True
type2_1p5M_20260121_183806,65,0.28125,syndrome_consistent,exact_correct,5,True
type2_1p5M_20260121_183806,66,0.3046875,syndrome_consistent,exact_correct,8,True
type2_1p5M_20260121_183806,67,0.24609375,syndrome_consistent,exact_correct,5,True
type2_1p5M_20260121_183806,68,0.2421875,syndrome_consistent,exact_correct,5,True
type2_1p5M_20260121_183806,69,0.2734375,syndrome_consistent,exact_correct,6,True
type2_1p5M_20260121_183806,70,0.2421875,syndrome_consistent,exact_correct,4,True
type2_1p5M_20260121_183806,71,0.23828125,syndrome_consistent,exact_correct,4,True
type2_1p5M_20260121_183806,72,0.2421875,syndrome_consistent,exact_correct,4,True
type2_1p5M_20260121_183806,73,0.2265625,syndrome_consistent,exact_correct,3,True
type2_1p5M_20260121_183806,74,0.234375,syndrome_consistent,exact_correct,4,True
type2_1p5M_20260121_183806,75,0.26953125,syndrome_consistent,exact_correct,5,True
type2_1p5M_20260121_183806,76,0.265625,syndrome_consistent,exact_correct,5,True
type2_1p5M_20260121_183806,77,0.2265625,syndrome_consistent,exact_correct,3,True
type2_1p5M_20260121_183806,78,0.23828125,syndrome_consistent,exact_correct,4,True
type2_1p5M_20260121_183806,79,0.29296875,syndrome_consistent,exact_correct,7,True
type2_1p5M_20260121_183806,80,0.234375,syndrome_consistent,exact_correct,5,True
type2_1p5M_20260121_183806,81,0.2578125,syndrome_consistent,exact_correct,4,True
type2_1p5M_20260121_183806,82,0.23828125,syndrome_consistent,exact_correct,4,True
type2_1p5M_20260121_183806,83,0.23046875,syndrome_consistent,exact_correct,4,True
type2_1p5M_20260121_183806,84,0.27734375,syndrome_consistent,exact_correct,5,True
type2_1p5M_20260121_183806,85,0.23828125,syndrome_consistent,exact_correct,7,True
type2_1p5M_20260121_183806,86,0.3359375,syndrome_consistent,exact_correct,7,True
type2_1p5M_20260121_183806,87,0.27734375,syndrome_consistent,exact_correct,5,True
type2_1p5M_20260121_183806,88,0.2578125,syndrome_consistent,exact_correct,4,True
type2_1p5M_20260121_183806,89,0.265625,syndrome_consistent,exact_correct,5,True
type2_1p5M_20260121_183806,90,0.296875,syndrome_consistent,exact_correct,9,True
type2_1p5M_20260121_183806,91,0.265625,syndrome_consistent,exact_correct,7,True
type2_1p5M_20260121_183806,92,0.23828125,syndrome_consistent,exact_correct,6,True
type2_1p5M_20260121_183806,93,0.27734375,syndrome_consistent,exact_correct,5,True
type2_1p5M_20260121_183806,94,0.27734375,decode_failed,iteration_limit,100,False
type2_1p5M_20260121_183806,95,0.203125,syndrome_consistent,exact_correct,4,True
type2_1p5M_20260121_183806,96,0.296875,syndrome_consistent,exact_correct,14,True
type2_1p5M_20260121_183806,97,0.28125,syndrome_consistent,exact_correct,6,True
type2_1p5M_20260121_183806,98,0.28125,syndrome_consistent,exact_correct,5,True
type2_1p5M_20260121_183806,99,0.24609375,syndrome_consistent,exact_correct,5,True
type2_1p5M_20260121_183806,100,0.2734375,syndrome_consistent,exact_correct,6,True
type2_1p5M_20260121_183806,101,0.26953125,syndrome_consistent,exact_correct,6,True
type2_1p5M_20260121_183806,102,0.30078125,syndrome_consistent,exact_correct,7,True
type2_1p5M_20260121_183806,103,0.25,syndrome_consistent,exact_correct,6,True
type2_1p5M_20260121_183806,104,0.23828125,syndrome_consistent,exact_correct,4,True
type2_1p5M_20260121_183806,105,0.26953125,syndrome_consistent,exact_correct,5,True
type2_1p5M_20260121_183806,106,0.265625,syndrome_consistent,exact_correct,8,True
type2_1p5M_20260121_183806,107,0.23828125,syndrome_consistent,exact_correct,8,True
type2_1p5M_20260121_183806,108,0.26953125,syndrome_consistent,exact_correct,9,True
type2_1p5M_20260121_183806,109,0.2734375,syndrome_consistent,exact_correct,6,True
type2_1p5M_20260121_183806,110,0.2890625,syndrome_consistent,exact_correct,4,True
type2_1p5M_20260121_183806,111,0.2421875,syndrome_consistent,exact_correct,4,True
type2_1p5M_20260121_183806,112,0.25,syndrome_consistent,exact_correct,4,True
type2_1p5M_20260121_183806,113,0.26953125,syndrome_consistent,exact_correct,5,True
type2_1p5M_20260121_183806,114,0.2265625,syndrome_consistent,exact_correct,4,True
type2_1p5M_20260121_183806,115,0.28515625,syndrome_consistent,exact_correct,5,True
type2_1p5M_20260121_183806,116,0.296875,decode_failed,iteration_limit,100,False
type2_1p5M_20260121_183806,117,0.23046875,syndrome_consistent,exact_correct,5,True
type2_1p5M_20260121_183806,118,0.23046875,syndrome_consistent,exact_correct,3,True
type2_1p5M_20260121_183806,119,0.21875,syndrome_consistent,exact_correct,4,True
type2_1p5M_20260121_183806,120,0.234375,syndrome_consistent,exact_correct,4,True
type2_1p5M_20260121_183806,121,0.23828125,syndrome_consistent,exact_correct,6,True
type2_1p5M_20260121_183806,122,0.32421875,syndrome_consistent,exact_correct,5,True
type2_1p5M_20260121_183806,123,0.2421875,syndrome_consistent,exact_correct,5,True
type2_1p5M_20260121_183806,124,0.234375,syndrome_consistent,exact_correct,3,True
type2_1p5M_20260121_183806,125,0.24609375,syndrome_consistent,exact_correct,5,True
type2_1p5M_20260121_183806,126,0.2890625,syndrome_consistent,exact_correct,6,True
type2_1p5M_20260121_183806,127,0.24609375,syndrome_consistent,exact_correct,3,True
type2_1p5M_20260121_183806,128,0.2734375,syndrome_consistent,exact_correct,5,True
type2_1p5M_20260121_183806,129,0.234375,syndrome_consistent,exact_correct,8,True
type2_1p5M_20260121_183806,130,0.234375,syndrome_consistent,exact_correct,7,True
type2_1p5M_20260121_183806,131,0.26953125,syndrome_consistent,exact_correct,6,True
type2_1p5M_20260121_183806,132,0.28125,syndrome_consistent,exact_correct,5,True
type2_1p5M_20260121_183806,133,0.2421875,syndrome_consistent,exact_correct,4,True
type2_1p5M_20260121_183806,134,0.1796875,syndrome_consistent,exact_correct,4,True
type2_1p5M_20260121_183806,135,0.25390625,syndrome_consistent,exact_correct,3,True
type2_1p5M_20260121_183806,136,0.28125,syndrome_consistent,exact_correct,7,True
type2_1p5M_20260121_183806,137,0.25390625,syndrome_consistent,exact_correct,5,True
type2_1p5M_20260121_183806,138,0.2421875,syndrome_consistent,exact_correct,5,True
type2_1p5M_20260121_183806,139,0.265625,syndrome_consistent,exact_correct,4,True
type2_1p5M_20260121_183806,140,0.27734375,syndrome_consistent,exact_correct,5,True
type2_1p5M_20260121_183806,141,0.2578125,syndrome_consistent,exact_correct,5,True
type2_1p5M_20260121_183806,142,0.23828125,syndrome_consistent,exact_correct,7,True
type2_1p5M_20260121_183806,143,0.28515625,syndrome_consistent,exact_correct,9,True
type2_1p5M_20260121_183806,144,0.2265625,syndrome_consistent,exact_correct,6,True
type2_1p5M_20260121_183806,145,0.2734375,syndrome_consistent,exact_correct,5,True
type2_1p5M_20260121_183806,146,0.2265625,syndrome_consistent,exact_correct,4,True
type2_1p5M_20260121_183806,147,0.26171875,syndrome_consistent,exact_correct,5,True
type2_1p5M_20260121_183806,148,0.25,syndrome_consistent,exact_correct,4,True
type2_1p5M_20260121_183806,149,0.22265625,syndrome_consistent,exact_correct,6,True
type2_1p5M_20260121_183806,150,0.2734375,syndrome_consistent,exact_correct,4,True
type2_1p5M_20260121_183806,151,0.23828125,syndrome_consistent,exact_correct,4,True
type2_1p5M_20260121_183806,152,0.28125,syndrome_consistent,exact_correct,5,True
type2_1p5M_20260121_183806,153,0.2890625,syndrome_consistent,exact_correct,7,True
type2_1p5M_20260121_183806,154,0.296875,syndrome_consistent,exact_correct,8,True
type2_1p5M_20260121_183806,155,0.296875,decode_failed,iteration_limit,100,False
type2_1p5M_20260121_183806,156,0.3203125,syndrome_consistent,exact_correct,8,True
type2_1p5M_20260121_183806,157,0.23828125,syndrome_consistent,exact_correct,4,True
type2_1p5M_20260121_183806,158,0.2421875,syndrome_consistent,exact_correct,4,True
type2_1p5M_20260121_183806,159,0.23046875,syndrome_consistent,exact_correct,4,True
type2_1p5M_20260121_183806,160,0.2734375,syndrome_consistent,exact_correct,5,True
type2_1p5M_20260121_183806,161,0.25390625,syndrome_consistent,exact_correct,5,True
type2_1p5M_20260121_183806,162,0.2109375,syndrome_consistent,exact_correct,4,True
type2_1p5M_20260121_183806,163,0.26171875,syndrome_consistent,exact_correct,4,True
type2_1p5M_20260121_183806,164,0.30078125,syndrome_consistent,exact_correct,10,True
type2_1p5M_20260121_183806,165,0.26953125,syndrome_consistent,exact_correct,8,True
type2_1p5M_20260121_183806,166,0.22265625,syndrome_consistent,exact_correct,3,True
type2_1p5M_20260121_183806,167,0.19921875,syndrome_consistent,exact_correct,4,True
type2_1p5M_20260121_183806,168,0.21484375,syndrome_consistent,exact_correct,3,True
type2_1p5M_20260121_183806,169,0.234375,syndrome_consistent,exact_correct,6,True
type2_1p5M_20260121_183806,170,0.23046875,syndrome_consistent,exact_correct,3,True
type2_1p5M_20260121_183806,171,0.2734375,syndrome_consistent,exact_correct,6,True
type2_1p5M_20260121_183806,172,0.2421875,syndrome_consistent,exact_correct,4,True
type2_1p5M_20260121_183806,173,0.26953125,syndrome_consistent,exact_correct,6,True
type2_1p5M_20260121_183806,174,0.25,syndrome_consistent,exact_correct,5,True
type2_1p5M_20260121_183806,175,0.2265625,syndrome_consistent,exact_correct,4,True
type2_1p5M_20260121_183806,176,0.25,syndrome_consistent,exact_correct,4,True
type2_1p5M_20260121_183806,177,0.2734375,syndrome_consistent,exact_correct,10,True
type2_1p5M_20260121_183806,178,0.265625,syndrome_consistent,exact_correct,6,True
type2_1p5M_20260121_183806,179,0.24609375,syndrome_consistent,exact_correct,4,True
type2_1p5M_20260121_183806,180,0.2421875,syndrome_consistent,exact_correct,5,True
type2_1p5M_20260121_183806,181,0.28515625,syndrome_consistent,exact_correct,6,True
type2_1p5M_20260121_183806,182,0.26171875,syndrome_consistent,exact_correct,7,True
type2_1p5M_20260121_183806,183,0.20703125,syndrome_consistent,exact_correct,4,True
type2_1p5M_20260121_183806,184,0.22265625,syndrome_consistent,exact_correct,5,True
type2_1p5M_20260121_183806,185,0.25390625,syndrome_consistent,exact_correct,3,True
type2_1p5M_20260121_183806,186,0.234375,syndrome_consistent,exact_correct,6,True
type2_1p5M_20260121_183806,187,0.19921875,syndrome_consistent,exact_correct,4,True
type2_1p5M_20260121_183806,188,0.28515625,syndrome_consistent,exact_correct,9,True
type2_1p5M_20260121_183806,189,0.24609375,syndrome_consistent,exact_correct,6,True
type2_1p5M_20260121_183806,190,0.25390625,syndrome_consistent,exact_correct,7,True
type2_1p5M_20260121_183806,191,0.2421875,syndrome_consistent,exact_correct,3,True
type2_1p5M_20260121_183806,192,0.23046875,syndrome_consistent,exact_correct,5,True
type2_1p5M_20260121_183806,193,0.2421875,syndrome_consistent,exact_correct,4,True
type2_1p5M_20260121_183806,194,0.21875,syndrome_consistent,exact_correct,4,True
type2_1p5M_20260121_183806,195,0.2578125,syndrome_consistent,exact_correct,7,True
type2_1p5M_20260121_183806,196,0.2734375,syndrome_consistent,exact_correct,4,True
type2_1p5M_20260121_183806,197,0.26171875,syndrome_consistent,exact_correct,4,True
type2_1p5M_20260121_183806,198,0.265625,syndrome_consistent,exact_correct,4,True
type2_1p5M_20260121_183806,199,0.27734375,syndrome_consistent,exact_correct,4,True
type2_1p5M_20260121_183806,200,0.26171875,syndrome_consistent,exact_correct,5,True
type2_1p5M_20260121_183806,201,0.234375,syndrome_consistent,exact_correct,8,True
type2_1p5M_20260121_183806,202,0.2578125,syndrome_consistent,exact_correct,6,True
type2_1p5M_20260121_183806,203,0.23828125,syndrome_consistent,exact_correct,4,True
type2_1p5M_20260121_183806,204,0.28515625,syndrome_consistent,exact_correct,7,True
type2_1p5M_20260121_183806,205,0.3125,syndrome_consistent,exact_correct,13,True
type2_1p5M_20260121_183806,206,0.30078125,syndrome_consistent,exact_correct,6,True
type2_1p5M_20260121_183806,207,0.2265625,syndrome_consistent,exact_correct,5,True
type2_1p5M_20260121_183806,208,0.3125,syndrome_consistent,exact_correct,6,True
type2_1p5M_20260121_183806,209,0.27734375,syndrome_consistent,exact_correct,4,True
type2_1p5M_20260121_183806,210,0.21875,syndrome_consistent,exact_correct,6,True
type2_1p5M_20260121_183806,211,0.2265625,syndrome_consistent,exact_correct,4,True
type2_1p5M_20260121_183806,212,0.30859375,syndrome_consistent,exact_correct,9,True
type2_1p5M_20260121_183806,213,0.25390625,syndrome_consistent,exact_correct,6,True
type2_1p5M_20260121_183806,214,0.24609375,syndrome_consistent,exact_correct,4,True
type2_1p5M_20260121_183806,215,0.26171875,syndrome_consistent,exact_correct,5,True
type2_1p5M_20260121_183806,216,0.26171875,syndrome_consistent,exact_correct,4,True
type2_1p5M_20260121_183806,217,0.2890625,syndrome_consistent,exact_correct,6,True
type2_1p5M_20260121_183806,218,0.2578125,syndrome_consistent,exact_correct,4,True
type2_1p5M_20260121_183806,219,0.25,syndrome_consistent,exact_correct,5,True
type2_1p5M_20260121_183806,220,0.2109375,syndrome_consistent,exact_correct,4,True
type2_1p5M_20260121_183806,221,0.23828125,syndrome_consistent,exact_correct,4,True
type2_1p5M_20260121_183806,222,0.2421875,syndrome_consistent,exact_correct,5,True
type2_1p5M_20260121_183806,223,0.265625,syndrome_consistent,exact_correct,5,True
type2_1p5M_20260121_183806,224,0.25,syndrome_consistent,exact_correct,6,True
type2_1p5M_20260121_183806,225,0.23046875,syndrome_consistent,exact_correct,4,True
type2_1p5M_20260121_183806,226,0.23828125,syndrome_consistent,exact_correct,5,True
type2_1p5M_20260121_183806,227,0.2421875,syndrome_consistent,exact_correct,4,True
type2_1p5M_20260121_183806,228,0.23046875,syndrome_consistent,exact_correct,5,True
type2_1p5M_20260121_183806,229,0.2734375,syndrome_consistent,exact_correct,5,True
type2_1p5M_20260121_183806,230,0.21875,syndrome_consistent,exact_correct,6,True
type2_1p5M_20260121_183806,231,0.2578125,syndrome_consistent,exact_correct,4,True
type2_1p5M_20260121_183806,232,0.2265625,syndrome_consistent,exact_correct,5,True
type2_1p5M_20260121_183806,233,0.25,syndrome_consistent,exact_correct,7,True
type2_1p5M_20260121_183806,234,0.29296875,syndrome_consistent,exact_correct,8,True
type2_1p5M_20260121_183806,235,0.30078125,syndrome_consistent,exact_correct,4,True
type2_1p5M_20260121_183806,236,0.2734375,syndrome_consistent,exact_correct,8,True
type2_1p5M_20260121_183806,237,0.26171875,syndrome_consistent,exact_correct,5,True
type2_1p5M_20260121_183806,238,0.28125,syndrome_consistent,exact_correct,8,True
type2_1p5M_20260121_183806,239,0.26171875,syndrome_consistent,exact_correct,4,True
type2_1p5M_20260121_183806,240,0.1796875,syndrome_consistent,exact_correct,3,True
type2_1p5M_20260121_183806,241,0.2578125,syndrome_consistent,exact_correct,5,True
type2_1p5M_20260121_183806,242,0.3125,syndrome_consistent,exact_correct,7,True
type2_1p5M_20260121_183806,243,0.26953125,syndrome_consistent,exact_correct,5,True
type2_1p5M_20260121_183806,244,0.25,syndrome_consistent,exact_correct,4,True
type2_1p5M_20260121_183806,245,0.25,syndrome_consistent,exact_correct,7,True
type2_1p5M_20260121_183806,246,0.27734375,syndrome_consistent,exact_correct,5,True
type2_1p5M_20260121_183806,247,0.20703125,syndrome_consistent,exact_correct,4,True
type2_1p5M_20260121_183806,248,0.2421875,syndrome_consistent,exact_correct,4,True
type2_1p5M_20260121_183806,249,0.28515625,syndrome_consistent,exact_correct,5,True
type2_1p5M_20260121_183806,250,0.2421875,syndrome_consistent,exact_correct,5,True
type2_1p5M_20260121_183806,251,0.25,syndrome_consistent,exact_correct,5,True
type2_1p5M_20260121_183806,252,0.25390625,syndrome_consistent,exact_correct,8,True
type2_1p5M_20260121_183806,253,0.27734375,syndrome_consistent,exact_correct,5,True
type2_1p5M_20260121_183806,254,0.25390625,syndrome_consistent,exact_correct,8,True
type2_1p5M_20260121_183806,255,0.22265625,syndrome_consistent,exact_correct,4,True
type2_1p5M_20260121_183806,256,0.25,syndrome_consistent,exact_correct,4,True
type2_1p5M_20260121_183806,257,0.25,syndrome_consistent,exact_correct,7,True
type2_1p5M_20260121_183806,258,0.29296875,syndrome_consistent,exact_correct,6,True
type2_1p5M_20260121_183806,259,0.25,syndrome_consistent,exact_correct,4,True
type2_1p5M_20260121_183806,260,0.22265625,syndrome_consistent,exact_correct,4,True
type2_1p5M_20260121_183806,261,0.28125,syndrome_consistent,exact_correct,5,True
type2_1p5M_20260121_183806,262,0.26171875,syndrome_consistent,exact_correct,8,True
type2_1p5M_20260121_183806,263,0.27734375,syndrome_consistent,exact_correct,6,True
type2_1p5M_20260121_183806,264,0.23046875,syndrome_consistent,exact_correct,5,True
type2_1p5M_20260121_183806,265,0.2890625,syndrome_consistent,exact_correct,6,True
type2_1p5M_20260121_183806,266,0.26953125,syndrome_consistent,exact_correct,5,True
type2_1p5M_20260121_183806,267,0.26171875,syndrome_consistent,exact_correct,4,True
type2_1p5M_20260121_183806,268,0.265625,syndrome_consistent,exact_correct,4,True
type2_1p5M_20260121_183806,269,0.21484375,syndrome_consistent,exact_correct,6,True
type2_1p5M_20260121_183806,270,0.2890625,syndrome_consistent,exact_correct,7,True
type2_1p5M_20260121_183806,271,0.2265625,syndrome_consistent,exact_correct,4,True
type2_1p5M_20260121_183806,272,0.28125,syndrome_consistent,exact_correct,5,True
type2_1p5M_20260121_183806,273,0.234375,syndrome_consistent,exact_correct,4,True
type2_1p5M_20260121_183806,274,0.17578125,syndrome_consistent,exact_correct,4,True
type2_1p5M_20260121_183806,275,0.2890625,syndrome_consistent,exact_correct,5,True
type2_1p5M_20260121_183806,276,0.23828125,syndrome_consistent,exact_correct,4,True
type2_1p5M_20260121_183806,277,0.27734375,syndrome_consistent,exact_correct,7,True
type2_1p5M_20260121_183806,278,0.28125,syndrome_consistent,exact_correct,4,True
type2_1p5M_20260121_183806,279,0.1796875,syndrome_consistent,exact_correct,4,True
type2_1p5M_20260121_183806,280,0.27734375,syndrome_consistent,exact_correct,6,True
type2_1p5M_20260121_183806,281,0.22265625,syndrome_consistent,exact_correct,5,True
type2_1p5M_20260121_183806,282,0.24609375,syndrome_consistent,exact_correct,3,True
type2_1p5M_20260121_183806,283,0.30859375,syndrome_consistent,exact_correct,7,True
type2_1p5M_20260121_183806,284,0.23046875,syndrome_consistent,exact_correct,6,True
type2_1p5M_20260121_183806,285,0.23828125,syndrome_consistent,exact_correct,5,True
type2_1p5M_20260121_183806,286,0.265625,syndrome_consistent,exact_correct,4,True
type2_1p5M_20260121_183806,287,0.23046875,syndrome_consistent,exact_correct,4,True
type2_1p5M_20260121_183806,288,0.2734375,syndrome_consistent,exact_correct,4,True
type2_1p5M_20260121_183806,289,0.16796875,syndrome_consistent,exact_correct,2,True
type2_1p5M_20260121_183806,290,0.2265625,syndrome_consistent,exact_correct,4,True
type2_1p5M_20260121_183806,291,0.26171875,syndrome_consistent,exact_correct,5,True
type2_1p5M_20260121_183806,292,0.265625,syndrome_consistent,exact_correct,4,True
type2_1p5M_20260121_183806,293,0.24609375,syndrome_consistent,exact_correct,5,True
type2_1p5M_20260121_183806,294,0.23828125,syndrome_consistent,exact_correct,3,True
type2_1p5M_20260121_183806,295,0.26171875,syndrome_consistent,exact_correct,6,True
type2_1p5M_20260121_183806,296,0.23828125,syndrome_consistent,exact_correct,6,True
type2_1p5M_20260121_183806,297,0.26953125,syndrome_consistent,exact_correct,16,True
type2_1p5M_20260121_183806,298,0.22265625,syndrome_consistent,exact_correct,5,True
type2_1p5M_20260121_183806,299,0.2578125,syndrome_consistent,exact_correct,7,True
type2_1p5M_20260121_183806,300,0.265625,syndrome_consistent,exact_correct,5,True
type2_1p5M_20260121_183806,301,0.23828125,syndrome_consistent,exact_correct,6,True
type2_1p5M_20260121_183806,302,0.23828125,syndrome_consistent,exact_correct,6,True
type2_1p5M_20260121_183806,303,0.28125,syndrome_consistent,exact_correct,5,True
type2_1p5M_20260121_183806,304,0.21875,syndrome_consistent,exact_correct,3,True
type2_1p5M_20260121_183806,305,0.1796875,syndrome_consistent,exact_correct,4,True
type2_1p5M_20260121_183806,306,0.28515625,syndrome_consistent,exact_correct,6,True
type2_1p5M_20260121_183806,307,0.2734375,syndrome_consistent,exact_correct,5,True
type2_1p5M_20260121_183806,308,0.32421875,syndrome_consistent,exact_correct,5,True
type2_1p5M_20260121_183806,309,0.2578125,syndrome_consistent,exact_correct,5,True
type2_1p5M_20260121_183806,310,0.23828125,syndrome_consistent,exact_correct,5,True
type2_1p5M_20260121_183806,311,0.265625,syndrome_consistent,exact_correct,4,True
type2_1p5M_20260121_183806,312,0.26953125,syndrome_consistent,exact_correct,3,True
type2_1p5M_20260121_183806,313,0.30078125,syndrome_consistent,exact_correct,8,True
type2_1p5M_20260121_183806,314,0.25,decode_failed,iteration_limit,100,False
type2_1p5M_20260121_183806,315,0.29296875,syndrome_consistent,exact_correct,7,True
type2_1p5M_20260121_183806,316,0.28125,syndrome_consistent,exact_correct,10,True
type2_1p5M_20260121_183806,317,0.234375,syndrome_consistent,exact_correct,8,True
type2_1p5M_20260121_183806,318,0.26171875,syndrome_consistent,exact_correct,4,True
type2_1p5M_20260121_183806,319,0.28125,syndrome_consistent,exact_correct,5,True
type2_1p5M_20260121_183806,320,0.23828125,syndrome_consistent,exact_correct,5,True
type2_1p5M_20260121_183806,321,0.24609375,syndrome_consistent,exact_correct,5,True
type2_1p5M_20260121_183806,322,0.21875,syndrome_consistent,exact_correct,4,True
type2_1p5M_20260121_183806,323,0.2578125,syndrome_consistent,exact_correct,4,True
type2_1p5M_20260121_183806,324,0.25,syndrome_consistent,exact_correct,4,True
type2_1p5M_20260121_183806,325,0.27734375,syndrome_consistent,exact_correct,4,True
type2_1p5M_20260121_183806,326,0.28125,decode_failed,iteration_limit,100,False
type2_1p5M_20260121_183806,327,0.25,syndrome_consistent,exact_correct,6,True
type2_1p5M_20260121_183806,328,0.2890625,syndrome_consistent,exact_correct,5,True
type2_1p5M_20260121_183806,329,0.2421875,syndrome_consistent,exact_correct,5,True
type2_1p5M_20260121_183806,330,0.23828125,syndrome_consistent,exact_correct,5,True
type2_1p5M_20260121_183806,331,0.1640625,syndrome_consistent,exact_correct,4,True
type2_1p5M_20260121_183806,332,0.2578125,syndrome_consistent,exact_correct,5,True
type2_1p5M_20260121_183806,333,0.2890625,syndrome_consistent,exact_correct,6,True
type2_1p5M_20260121_183806,334,0.24609375,syndrome_consistent,exact_correct,4,True
type2_1p5M_20260121_183806,335,0.2578125,syndrome_consistent,exact_correct,6,True
type2_1p5M_20260121_183806,336,0.23828125,syndrome_consistent,exact_correct,37,True
type2_1p5M_20260121_183806,337,0.296875,syndrome_consistent,exact_correct,7,True
type2_1p5M_20260121_183806,338,0.24609375,syndrome_consistent,exact_correct,4,True
type2_1p5M_20260121_183806,339,0.2734375,syndrome_consistent,exact_correct,8,True
type2_1p5M_20260121_183806,340,0.234375,syndrome_consistent,exact_correct,4,True
type2_1p5M_20260121_183806,341,0.234375,syndrome_consistent,exact_correct,4,True
type2_1p5M_20260121_183806,342,0.2890625,syndrome_consistent,exact_correct,9,True
type2_1p5M_20260121_183806,343,0.23046875,syndrome_consistent,exact_correct,5,True
type2_1p5M_20260121_183806,344,0.28515625,syndrome_consistent,exact_correct,5,True
type2_1p5M_20260121_183806,345,0.23828125,syndrome_consistent,exact_correct,5,True
type2_1M_20260121_184040,0,0.28125,syndrome_consistent,exact_correct,5,True
type2_1M_20260121_184040,1,0.2421875,syndrome_consistent,exact_correct,5,True
type2_1M_20260121_184040,2,0.33203125,syndrome_consistent,exact_correct,8,True
type2_1M_20260121_184040,3,0.265625,syndrome_consistent,exact_correct,3,True
type2_1M_20260121_184040,4,0.22265625,syndrome_consistent,exact_correct,5,True
type2_1M_20260121_184040,5,0.19921875,syndrome_consistent,exact_correct,4,True
type2_1M_20260121_184040,6,0.2421875,syndrome_consistent,exact_correct,4,True
type2_1M_20260121_184040,7,0.20703125,syndrome_consistent,exact_correct,4,True
type2_1M_20260121_184040,8,0.23828125,syndrome_consistent,exact_correct,5,True
type2_1M_20260121_184040,9,0.3359375,syndrome_consistent,exact_correct,10,True
type2_1M_20260121_184040,10,0.21875,syndrome_consistent,exact_correct,5,True
type2_1M_20260121_184040,11,0.23828125,syndrome_consistent,exact_correct,5,True
type2_1M_20260121_184040,12,0.2421875,syndrome_consistent,exact_correct,4,True
type2_1M_20260121_184040,13,0.2265625,syndrome_consistent,exact_correct,4,True
type2_1M_20260121_184040,14,0.21875,syndrome_consistent,exact_correct,4,True
type2_1M_20260121_184040,15,0.23046875,decode_failed,iteration_limit,100,False
type2_1M_20260121_184040,16,0.23828125,syndrome_consistent,exact_correct,5,True
type2_1M_20260121_184040,17,0.24609375,syndrome_consistent,exact_correct,8,True
type2_1M_20260121_184040,18,0.3046875,syndrome_consistent,exact_correct,6,True
type2_1M_20260121_184040,19,0.28515625,syndrome_consistent,exact_correct,6,True
type2_1M_20260121_184040,20,0.25,decode_failed,iteration_limit,100,False
type2_1M_20260121_184040,21,0.2109375,syndrome_consistent,exact_correct,4,True
type2_1M_20260121_184040,22,0.18359375,syndrome_consistent,exact_correct,2,True
type2_1M_20260121_184040,23,0.20703125,syndrome_consistent,exact_correct,3,True
type2_1M_20260121_184040,24,0.24609375,syndrome_consistent,exact_correct,4,True
type2_1M_20260121_184040,25,0.27734375,syndrome_consistent,exact_correct,5,True
type2_1M_20260121_184040,26,0.2734375,syndrome_consistent,exact_correct,5,True
type2_1M_20260121_184040,27,0.24609375,syndrome_consistent,exact_correct,4,True
type2_1M_20260121_184040,28,0.24609375,syndrome_consistent,exact_correct,5,True
type2_1M_20260121_184040,29,0.23046875,syndrome_consistent,exact_correct,3,True
type2_1M_20260121_184040,30,0.27734375,syndrome_consistent,exact_correct,6,True
type2_1M_20260121_184040,31,0.26171875,syndrome_consistent,exact_correct,5,True
type2_1M_20260121_184040,32,0.2265625,syndrome_consistent,exact_correct,5,True
type2_1M_20260121_184040,33,0.24609375,syndrome_consistent,exact_correct,6,True
type2_1M_20260121_184040,34,0.203125,syndrome_consistent,exact_correct,4,True
type2_1M_20260121_184040,35,0.203125,syndrome_consistent,exact_correct,4,True
type2_1M_20260121_184040,36,0.24609375,syndrome_consistent,exact_correct,5,True
type2_1M_20260121_184040,37,0.27734375,syndrome_consistent,exact_correct,8,True
type2_1M_20260121_184040,38,0.26171875,syndrome_consistent,exact_correct,9,True
type2_1M_20260121_184040,39,0.30078125,syndrome_consistent,exact_correct,7,True
type2_1M_20260121_184040,40,0.24609375,syndrome_consistent,exact_correct,5,True
type2_1M_20260121_184040,41,0.24609375,syndrome_consistent,exact_correct,3,True
type2_1M_20260121_184040,42,0.23046875,syndrome_consistent,exact_correct,5,True
type2_1M_20260121_184040,43,0.2578125,syndrome_consistent,exact_correct,5,True
type2_1M_20260121_184040,44,0.21484375,syndrome_consistent,exact_correct,4,True
type2_1M_20260121_184040,45,0.2421875,syndrome_consistent,exact_correct,4,True
type2_1M_20260121_184040,46,0.25,syndrome_consistent,exact_correct,5,True
type2_1M_20260121_184040,47,0.1796875,syndrome_consistent,exact_correct,4,True
type2_1M_20260121_184040,48,0.2734375,syndrome_consistent,exact_correct,6,True
type2_1M_20260121_184040,49,0.234375,syndrome_consistent,exact_correct,9,True
type2_1M_20260121_184040,50,0.25,syndrome_consistent,exact_correct,7,True
type2_1M_20260121_184040,51,0.27734375,syndrome_consistent,exact_correct,5,True
type2_1M_20260121_184040,52,0.26171875,syndrome_consistent,exact_correct,5,True
type2_1M_20260121_184040,53,0.19921875,syndrome_consistent,exact_correct,3,True
type2_1M_20260121_184040,54,0.24609375,syndrome_consistent,exact_correct,4,True
type2_1M_20260121_184040,55,0.2265625,syndrome_consistent,exact_correct,5,True
type2_1M_20260121_184040,56,0.2578125,syndrome_consistent,exact_correct,5,True
type2_1M_20260121_184040,57,0.1640625,syndrome_consistent,exact_correct,4,True
type2_1M_20260121_184040,58,0.2421875,syndrome_consistent,exact_correct,5,True
type2_1M_20260121_184040,59,0.28125,syndrome_consistent,exact_correct,7,True
type2_1M_20260121_184040,60,0.20703125,syndrome_consistent,exact_correct,4,True
type2_1M_20260121_184040,61,0.25390625,syndrome_consistent,exact_correct,6,True
type2_1M_20260121_184040,62,0.1796875,syndrome_consistent,exact_correct,3,True
type2_1M_20260121_184040,63,0.2421875,syndrome_consistent,exact_correct,8,True
type2_1M_20260121_184040,64,0.265625,syndrome_consistent,exact_correct,5,True
type2_1M_20260121_184040,65,0.23828125,syndrome_consistent,exact_correct,4,True
type2_1M_20260121_184040,66,0.2578125,syndrome_consistent,exact_correct,7,True
type2_1M_20260121_184040,67,0.234375,syndrome_consistent,exact_correct,4,True
type2_1M_20260121_184040,68,0.27734375,syndrome_consistent,exact_correct,5,True
type2_1M_20260121_184040,69,0.2421875,syndrome_consistent,exact_correct,5,True
type2_1M_20260121_184040,70,0.19921875,syndrome_consistent,exact_correct,4,True
type2_1M_20260121_184040,71,0.234375,syndrome_consistent,exact_correct,5,True
type2_1M_20260121_184040,72,0.24609375,syndrome_consistent,exact_correct,4,True
type2_1M_20260121_184040,73,0.26171875,syndrome_consistent,exact_correct,6,True
type2_1M_20260121_184040,74,0.2265625,syndrome_consistent,exact_correct,3,True
type2_1M_20260121_184040,75,0.22265625,syndrome_consistent,exact_correct,5,True
type2_1M_20260121_184040,76,0.29296875,syndrome_consistent,exact_correct,9,True
type2_1M_20260121_184040,77,0.28515625,syndrome_consistent,exact_correct,7,True
type2_1M_20260121_184040,78,0.23046875,syndrome_consistent,exact_correct,4,True
type2_1M_20260121_184040,79,0.28125,syndrome_consistent,exact_correct,5,True
type2_1M_20260121_184040,80,0.21875,syndrome_consistent,exact_correct,5,True
type2_1M_20260121_184040,81,0.2265625,syndrome_consistent,exact_correct,4,True
type2_1M_20260121_184040,82,0.26953125,syndrome_consistent,exact_correct,5,True
type2_1M_20260121_184040,83,0.234375,syndrome_consistent,exact_correct,6,True
type2_1M_20260121_184040,84,0.20703125,syndrome_consistent,exact_correct,3,True
type2_1M_20260121_184040,85,0.26171875,syndrome_consistent,exact_correct,5,True
type2_1M_20260121_184040,86,0.2421875,syndrome_consistent,exact_correct,4,True
type2_1M_20260121_184040,87,0.29296875,syndrome_consistent,exact_correct,6,True
type2_1M_20260121_184040,88,0.23828125,syndrome_consistent,exact_correct,6,True
type2_1M_20260121_184040,89,0.28125,syndrome_consistent,exact_correct,12,True
type2_1M_20260121_184040,90,0.26171875,syndrome_consistent,exact_correct,6,True
type2_1M_20260121_184040,91,0.24609375,syndrome_consistent,exact_correct,4,True
type2_1M_20260121_184040,92,0.2421875,decode_failed,iteration_limit,100,False
type2_1M_20260121_184040,93,0.24609375,syndrome_consistent,exact_correct,5,True
type2_1M_20260121_184040,94,0.26953125,syndrome_consistent,exact_correct,7,True
type2_1M_20260121_184040,95,0.2578125,syndrome_consistent,exact_correct,5,True
type2_1M_20260121_184040,96,0.2421875,syndrome_consistent,exact_correct,5,True
type2_1M_20260121_184040,97,0.22265625,syndrome_consistent,exact_correct,4,True
type2_1M_20260121_184040,98,0.27734375,syndrome_consistent,exact_correct,6,True
type2_1M_20260121_184040,99,0.21875,syndrome_consistent,exact_correct,4,True
type2_1M_20260121_184040,100,0.234375,syndrome_consistent,exact_correct,6,True
type2_1M_20260121_184040,101,0.20703125,syndrome_consistent,exact_correct,6,True
type2_1M_20260121_184040,102,0.2109375,syndrome_consistent,exact_correct,5,True
type2_1M_20260121_184040,103,0.2265625,syndrome_consistent,exact_correct,5,True
type2_1M_20260121_184040,104,0.21484375,syndrome_consistent,exact_correct,4,True
type2_1M_20260121_184040,105,0.24609375,syndrome_consistent,exact_correct,3,True
type2_1M_20260121_184040,106,0.22265625,syndrome_consistent,exact_correct,6,True
type2_1M_20260121_184040,107,0.25,syndrome_consistent,exact_correct,5,True
type2_1M_20260121_184040,108,0.234375,syndrome_consistent,exact_correct,6,True
type2_1M_20260121_184040,109,0.28515625,syndrome_consistent,exact_correct,5,True
type2_1M_20260121_184040,110,0.2109375,syndrome_consistent,exact_correct,3,True
type2_1M_20260121_184040,111,0.2421875,syndrome_consistent,exact_correct,5,True
type2_1M_20260121_184040,112,0.21875,syndrome_consistent,exact_correct,6,True
type2_1M_20260121_184040,113,0.21875,syndrome_consistent,exact_correct,4,True
type2_1M_20260121_184040,114,0.3046875,syndrome_consistent,exact_correct,9,True
type2_1M_20260121_184040,115,0.23046875,syndrome_consistent,exact_correct,6,True
type2_1M_20260121_184040,116,0.203125,syndrome_consistent,exact_correct,4,True
type2_1M_20260121_184040,117,0.23046875,syndrome_consistent,exact_correct,4,True
type2_1M_20260121_184040,118,0.20703125,syndrome_consistent,exact_correct,4,True
type2_1M_20260121_184040,119,0.21484375,syndrome_consistent,exact_correct,4,True
type2_1M_20260121_184040,120,0.25,syndrome_consistent,exact_correct,6,True
type2_1M_20260121_184040,121,0.2265625,syndrome_consistent,exact_correct,4,True
type2_1M_20260121_184040,122,0.2265625,syndrome_consistent,exact_correct,3,True
type2_1M_20260121_184040,123,0.29296875,syndrome_consistent,exact_correct,5,True
type2_1M_20260121_184040,124,0.2265625,syndrome_consistent,exact_correct,3,True
type2_1M_20260121_184040,125,0.23046875,syndrome_consistent,exact_correct,5,True
type2_1M_20260121_184040,126,0.2265625,syndrome_consistent,exact_correct,6,True
type2_1M_20260121_184040,127,0.22265625,syndrome_consistent,exact_correct,5,True
type2_1M_20260121_184040,128,0.23828125,syndrome_consistent,exact_correct,4,True
type2_1M_20260121_184040,129,0.234375,syndrome_consistent,exact_correct,4,True
type2_1M_20260121_184040,130,0.26953125,syndrome_consistent,exact_correct,4,True
type2_1M_20260121_184040,131,0.24609375,syndrome_consistent,exact_correct,6,True
type2_1M_20260121_184040,132,0.24609375,syndrome_consistent,exact_correct,4,True
type2_1M_20260121_184040,133,0.1875,syndrome_consistent,exact_correct,4,True
type2_1M_20260121_184040,134,0.2578125,syndrome_consistent,exact_correct,6,True
type2_1M_20260121_184040,135,0.26171875,syndrome_consistent,exact_correct,7,True
type2_1M_20260121_184040,136,0.23046875,syndrome_consistent,exact_correct,4,True
type2_1M_20260121_184040,137,0.23046875,syndrome_consistent,exact_correct,8,True
type2_1M_20260121_184040,138,0.203125,syndrome_consistent,exact_correct,4,True
type2_1M_20260121_184040,139,0.2265625,syndrome_consistent,exact_correct,5,True
type2_1M_20260121_184040,140,0.28125,syndrome_consistent,exact_correct,8,True
type2_1M_20260121_184040,141,0.23828125,syndrome_consistent,exact_correct,6,True
type2_1M_20260121_184040,142,0.25390625,syndrome_consistent,exact_correct,3,True
type2_1M_20260121_184040,143,0.2421875,syndrome_consistent,exact_correct,4,True
type2_1M_20260121_184040,144,0.2265625,syndrome_consistent,exact_correct,5,True
type2_1M_20260121_184040,145,0.21875,syndrome_consistent,exact_correct,3,True
type2_1M_20260121_184040,146,0.234375,syndrome_consistent,exact_correct,4,True
type2_1M_20260121_184040,147,0.2578125,syndrome_consistent,exact_correct,6,True
type2_1M_20260121_184040,148,0.23828125,syndrome_consistent,exact_correct,4,True
type2_1M_20260121_184040,149,0.24609375,syndrome_consistent,exact_correct,7,True
type2_1M_20260121_184040,150,0.26171875,syndrome_consistent,exact_correct,7,True
type2_1M_20260121_184040,151,0.2421875,syndrome_consistent,exact_correct,5,True
type2_1M_20260121_184040,152,0.25390625,syndrome_consistent,exact_correct,6,True
type2_1M_20260121_184040,153,0.2265625,syndrome_consistent,exact_correct,4,True
type2_1M_20260121_184040,154,0.22265625,syndrome_consistent,exact_correct,3,True
type2_1M_20260121_184040,155,0.2578125,syndrome_consistent,exact_correct,5,True
type2_1M_20260121_184040,156,0.22265625,syndrome_consistent,exact_correct,12,True
type2_1M_20260121_184040,157,0.2109375,syndrome_consistent,exact_correct,5,True
type2_1M_20260121_184040,158,0.203125,syndrome_consistent,exact_correct,4,True
type2_1M_20260121_184040,159,0.27734375,syndrome_consistent,exact_correct,7,True
type2_1M_20260121_184040,160,0.30078125,syndrome_consistent,exact_correct,9,True
type2_1M_20260121_184040,161,0.25390625,syndrome_consistent,exact_correct,5,True
type2_1M_20260121_184040,162,0.2265625,syndrome_consistent,exact_correct,4,True
type2_1M_20260121_184040,163,0.23828125,syndrome_consistent,exact_correct,6,True
type2_1M_20260121_184040,164,0.23046875,syndrome_consistent,exact_correct,4,True
type2_1M_20260121_184040,165,0.2265625,syndrome_consistent,exact_correct,4,True
type2_1M_20260121_184040,166,0.2578125,syndrome_consistent,exact_correct,4,True
type2_1M_20260121_184040,167,0.25390625,syndrome_consistent,exact_correct,6,True
type2_1M_20260121_184040,168,0.26953125,syndrome_consistent,exact_correct,5,True
type2_1M_20260121_184040,169,0.2578125,syndrome_consistent,exact_correct,7,True
type2_1M_20260121_184040,170,0.2734375,syndrome_consistent,exact_correct,7,True
type2_1M_20260121_184040,171,0.2265625,syndrome_consistent,exact_correct,4,True
type2_1M_20260121_184040,172,0.2109375,syndrome_consistent,exact_correct,4,True
type2_1M_20260121_184040,173,0.25,syndrome_consistent,exact_correct,4,True
type2_1M_20260121_184040,174,0.25,syndrome_consistent,exact_correct,7,True
type2_1M_20260121_184040,175,0.22265625,syndrome_consistent,exact_correct,4,True
type2_1M_20260121_184040,176,0.234375,syndrome_consistent,exact_correct,6,True
type2_1M_20260121_184040,177,0.234375,syndrome_consistent,exact_correct,5,True
type2_1M_20260121_184040,178,0.25390625,syndrome_consistent,exact_correct,4,True
type2_1M_20260121_184040,179,0.234375,syndrome_consistent,exact_correct,4,True
type2_1M_20260121_184040,180,0.2734375,syndrome_consistent,exact_correct,5,True
type2_1M_20260121_184040,181,0.2890625,syndrome_consistent,exact_correct,7,True
type2_1M_20260121_184040,182,0.22265625,syndrome_consistent,exact_correct,4,True
type2_1M_20260121_184040,183,0.24609375,syndrome_consistent,exact_correct,5,True
type2_1M_20260121_184040,184,0.26171875,syndrome_consistent,exact_correct,8,True
type2_1M_20260121_184040,185,0.2421875,syndrome_consistent,exact_correct,4,True
type2_1M_20260121_184040,186,0.2734375,syndrome_consistent,exact_correct,5,True
type2_1M_20260121_184040,187,0.2421875,syndrome_consistent,exact_correct,4,True
type2_1M_20260121_184040,188,0.27734375,syndrome_consistent,exact_correct,7,True
type2_1M_20260121_184040,189,0.203125,syndrome_consistent,exact_correct,4,True
type2_1M_20260121_184040,190,0.23046875,syndrome_consistent,exact_correct,5,True
type2_1M_20260121_184040,191,0.21875,syndrome_consistent,exact_correct,4,True
type2_1M_20260121_184040,192,0.265625,syndrome_consistent,exact_correct,4,True
type2_1M_20260121_184040,193,0.23046875,syndrome_consistent,exact_correct,3,True
type2_1M_20260121_184040,194,0.2421875,syndrome_consistent,exact_correct,5,True
type2_1M_20260121_184040,195,0.25390625,syndrome_consistent,exact_correct,5,True
type2_1M_20260121_184040,196,0.21484375,syndrome_consistent,exact_correct,5,True
type2_1M_20260121_184040,197,0.23828125,syndrome_consistent,exact_correct,5,True
type2_1M_20260121_184040,198,0.19921875,syndrome_consistent,exact_correct,3,True
type2_1M_20260121_184040,199,0.234375,syndrome_consistent,exact_correct,5,True
type2_1M_20260121_184040,200,0.23046875,syndrome_consistent,exact_correct,4,True
type2_1M_20260121_184040,201,0.23046875,syndrome_consistent,exact_correct,5,True
type2_1M_20260121_184040,202,0.234375,decode_failed,iteration_limit,100,False
type2_1M_20260121_184040,203,0.2265625,syndrome_consistent,exact_correct,4,True
type2_1M_20260121_184040,204,0.265625,syndrome_consistent,exact_correct,8,True
type2_1M_20260121_184040,205,0.2265625,syndrome_consistent,exact_correct,3,True
type2_1M_20260121_184040,206,0.19140625,syndrome_consistent,exact_correct,4,True
type2_1M_20260121_184040,207,0.23828125,syndrome_consistent,exact_correct,5,True
type2_1M_20260121_184040,208,0.25,syndrome_consistent,exact_correct,4,True
type2_1M_20260121_184040,209,0.234375,syndrome_consistent,exact_correct,4,True
type2_1M_20260121_184040,210,0.234375,syndrome_consistent,exact_correct,4,True
type2_1M_20260121_184040,211,0.25390625,syndrome_consistent,exact_correct,6,True
type2_1M_20260121_184040,212,0.21484375,syndrome_consistent,exact_correct,4,True
type2_1M_20260121_184040,213,0.2578125,syndrome_consistent,exact_correct,5,True
type2_1M_20260121_184040,214,0.22265625,syndrome_consistent,exact_correct,5,True
type2_1M_20260121_184040,215,0.26171875,syndrome_consistent,exact_correct,5,True
type2_1M_20260121_184040,216,0.28515625,syndrome_consistent,exact_correct,5,True
type2_1M_20260121_184040,217,0.25,syndrome_consistent,exact_correct,4,True
type2_1M_20260121_184040,218,0.23046875,syndrome_consistent,exact_correct,5,True
type2_1M_20260121_184040,219,0.2265625,decode_failed,iteration_limit,100,False
type2_1M_20260121_184040,220,0.26171875,decode_failed,iteration_limit,100,False
type2_1M_20260121_184040,221,0.24609375,syndrome_consistent,exact_correct,6,True
type2_1M_20260121_184040,222,0.25390625,syndrome_consistent,exact_correct,5,True
type2_1M_20260121_184040,223,0.20703125,syndrome_consistent,exact_correct,3,True
type2_1M_20260121_184040,224,0.2734375,syndrome_consistent,exact_correct,5,True
type2_1M_20260121_184040,225,0.265625,syndrome_consistent,exact_correct,4,True
type2_1M_20260121_184040,226,0.2421875,syndrome_consistent,exact_correct,6,True
type2_1M_20260121_184040,227,0.26171875,syndrome_consistent,exact_correct,4,True
type2_1M_20260121_184040,228,0.26171875,syndrome_consistent,exact_correct,4,True
type2_1M_20260121_184040,229,0.203125,syndrome_consistent,exact_correct,4,True
type2_1M_20260121_184040,230,0.203125,syndrome_consistent,exact_correct,4,True
type2_1M_20260121_184040,231,0.25390625,syndrome_consistent,exact_correct,12,True
type2_1M_20260121_184040,232,0.203125,syndrome_consistent,exact_correct,4,True
type2_1M_20260121_184040,233,0.21875,syndrome_consistent,exact_correct,4,True
type2_1M_20260121_184040,234,0.203125,syndrome_consistent,exact_correct,5,True
type2_1M_20260121_184040,235,0.23828125,syndrome_consistent,exact_correct,4,True
type2_1M_20260121_184040,236,0.27734375,syndrome_consistent,exact_correct,5,True
type2_1M_20260121_184040,237,0.296875,syndrome_consistent,exact_correct,5,True
type2_1M_20260121_184040,238,0.2578125,syndrome_consistent,exact_correct,5,True
type2_1M_20260121_184040,239,0.23046875,syndrome_consistent,exact_correct,5,True
type2_1M_20260121_184040,240,0.2578125,syndrome_consistent,exact_correct,5,True
type2_1M_20260121_184040,241,0.20703125,syndrome_consistent,exact_correct,5,True
type2_1M_20260121_184040,242,0.2578125,syndrome_consistent,exact_correct,5,True
type2_1M_20260121_184040,243,0.23046875,syndrome_consistent,exact_correct,5,True
type2_1M_20260121_184040,244,0.234375,syndrome_consistent,exact_correct,4,True
type2_1M_20260121_184040,245,0.2109375,syndrome_consistent,exact_correct,3,True
type2_1M_20260121_184040,246,0.2578125,syndrome_consistent,exact_correct,5,True
type2_1M_20260121_184040,247,0.27734375,syndrome_consistent,exact_correct,7,True
type2_1M_20260121_184040,248,0.26171875,decode_failed,iteration_limit,100,False
type2_1M_20260121_184040,249,0.20703125,syndrome_consistent,exact_correct,4,True
type2_2M_20260121_183657,0,0.2578125,syndrome_consistent,exact_correct,4,True
type2_2M_20260121_183657,1,0.2265625,syndrome_consistent,exact_correct,8,True
type2_2M_20260121_183657,2,0.2734375,syndrome_consistent,exact_correct,10,True
type2_2M_20260121_183657,3,0.2734375,syndrome_consistent,exact_correct,6,True
type2_2M_20260121_183657,4,0.2421875,syndrome_consistent,exact_correct,6,True
type2_2M_20260121_183657,5,0.26171875,syndrome_consistent,exact_correct,5,True
type2_2M_20260121_183657,6,0.2734375,syndrome_consistent,exact_correct,6,True
type2_2M_20260121_183657,7,0.29296875,syndrome_consistent,exact_correct,5,True
type2_2M_20260121_183657,8,0.23828125,syndrome_consistent,exact_correct,4,True
type2_2M_20260121_183657,9,0.24609375,syndrome_consistent,exact_correct,4,True
type2_2M_20260121_183657,10,0.265625,syndrome_consistent,exact_correct,5,True
type2_2M_20260121_183657,11,0.17578125,syndrome_consistent,exact_correct,4,True
type2_2M_20260121_183657,12,0.21875,syndrome_consistent,exact_correct,6,True
type2_2M_20260121_183657,13,0.30859375,syndrome_consistent,exact_correct,5,True
type2_2M_20260121_183657,14,0.26953125,syndrome_consistent,exact_correct,5,True
type2_2M_20260121_183657,15,0.20703125,syndrome_consistent,exact_correct,4,True
type2_2M_20260121_183657,16,0.26953125,syndrome_consistent,exact_correct,5,True
type2_2M_20260121_183657,17,0.27734375,syndrome_consistent,exact_correct,6,True
type2_2M_20260121_183657,18,0.2890625,syndrome_consistent,exact_correct,6,True
type2_2M_20260121_183657,19,0.265625,syndrome_consistent,exact_correct,5,True
type2_2M_20260121_183657,20,0.23828125,syndrome_consistent,exact_correct,6,True
type2_2M_20260121_183657,21,0.25390625,syndrome_consistent,exact_correct,6,True
type2_2M_20260121_183657,22,0.2265625,syndrome_consistent,exact_correct,4,True
type2_2M_20260121_183657,23,0.2421875,syndrome_consistent,exact_correct,6,True
type2_2M_20260121_183657,24,0.21875,syndrome_consistent,exact_correct,6,True
type2_2M_20260121_183657,25,0.25,syndrome_consistent,exact_correct,4,True
type2_2M_20260121_183657,26,0.25390625,syndrome_consistent,exact_correct,6,True
type2_2M_20260121_183657,27,0.22265625,syndrome_consistent,exact_correct,4,True
type2_2M_20260121_183657,28,0.29296875,syndrome_consistent,exact_correct,4,True
type2_2M_20260121_183657,29,0.25,syndrome_consistent,exact_correct,4,True
type2_2M_20260121_183657,30,0.2578125,syndrome_consistent,exact_correct,10,True
type2_2M_20260121_183657,31,0.296875,syndrome_consistent,exact_correct,5,True
type2_2M_20260121_183657,32,0.19140625,syndrome_consistent,exact_correct,3,True
type2_2M_20260121_183657,33,0.26171875,syndrome_consistent,exact_correct,8,True
type2_2M_20260121_183657,34,0.234375,syndrome_consistent,exact_correct,3,True
type2_2M_20260121_183657,35,0.22265625,syndrome_consistent,exact_correct,4,True
type2_2M_20260121_183657,36,0.2890625,syndrome_consistent,exact_correct,6,True
type2_2M_20260121_183657,37,0.3125,syndrome_consistent,exact_correct,7,True
type2_2M_20260121_183657,38,0.27734375,syndrome_consistent,exact_correct,5,True
type2_2M_20260121_183657,39,0.23046875,syndrome_consistent,exact_correct,4,True
type2_2M_20260121_183657,40,0.2734375,syndrome_consistent,exact_correct,5,True
type2_2M_20260121_183657,41,0.24609375,syndrome_consistent,exact_correct,5,True
type2_2M_20260121_183657,42,0.2421875,syndrome_consistent,exact_correct,6,True
type2_2M_20260121_183657,43,0.22265625,syndrome_consistent,exact_correct,5,True
type2_2M_20260121_183657,44,0.265625,syndrome_consistent,exact_correct,6,True
type2_2M_20260121_183657,45,0.25390625,syndrome_consistent,exact_correct,7,True
type2_2M_20260121_183657,46,0.27734375,syndrome_consistent,exact_correct,7,True
type2_2M_20260121_183657,47,0.22265625,syndrome_consistent,exact_correct,4,True
type2_2M_20260121_183657,48,0.24609375,syndrome_consistent,exact_correct,4,True
type2_2M_20260121_183657,49,0.27734375,syndrome_consistent,exact_correct,5,True
type2_2M_20260121_183657,50,0.23828125,syndrome_consistent,exact_correct,5,True
type2_2M_20260121_183657,51,0.26171875,syndrome_consistent,exact_correct,14,True
type2_2M_20260121_183657,52,0.23046875,decode_failed,iteration_limit,100,False
type2_2M_20260121_183657,53,0.26171875,syndrome_consistent,exact_correct,6,True
type2_2M_20260121_183657,54,0.2265625,syndrome_consistent,exact_correct,4,True
type2_2M_20260121_183657,55,0.265625,syndrome_consistent,exact_correct,5,True
type2_2M_20260121_183657,56,0.296875,decode_failed,iteration_limit,100,False
type2_2M_20260121_183657,57,0.22265625,syndrome_consistent,exact_correct,3,True
type2_2M_20260121_183657,58,0.25390625,syndrome_consistent,exact_correct,5,True
type2_2M_20260121_183657,59,0.265625,syndrome_consistent,exact_correct,5,True
type2_2M_20260121_183657,60,0.25,syndrome_consistent,exact_correct,5,True
type2_2M_20260121_183657,61,0.28515625,syndrome_consistent,exact_correct,8,True
type2_2M_20260121_183657,62,0.2734375,syndrome_consistent,exact_correct,4,True
type2_2M_20260121_183657,63,0.28515625,syndrome_consistent,exact_correct,5,True
type2_2M_20260121_183657,64,0.27734375,syndrome_consistent,exact_correct,6,True
type2_2M_20260121_183657,65,0.26171875,syndrome_consistent,exact_correct,7,True
type2_2M_20260121_183657,66,0.265625,syndrome_consistent,exact_correct,5,True
type2_2M_20260121_183657,67,0.28515625,syndrome_consistent,exact_correct,5,True
type2_2M_20260121_183657,68,0.2890625,syndrome_consistent,exact_correct,6,True
type2_2M_20260121_183657,69,0.23046875,syndrome_consistent,exact_correct,5,True
type2_2M_20260121_183657,70,0.23046875,syndrome_consistent,exact_correct,5,True
type2_2M_20260121_183657,71,0.22265625,syndrome_consistent,exact_correct,3,True
type2_2M_20260121_183657,72,0.26171875,syndrome_consistent,exact_correct,5,True
type2_2M_20260121_183657,73,0.26953125,syndrome_consistent,exact_correct,6,True
type2_2M_20260121_183657,74,0.2578125,syndrome_consistent,exact_correct,5,True
type2_2M_20260121_183657,75,0.2109375,syndrome_consistent,exact_correct,5,True
type2_2M_20260121_183657,76,0.2734375,syndrome_consistent,exact_correct,9,True
type2_2M_20260121_183657,77,0.265625,syndrome_consistent,exact_correct,8,True
type2_2M_20260121_183657,78,0.26953125,syndrome_consistent,exact_correct,5,True
type2_2M_20260121_183657,79,0.21875,syndrome_consistent,exact_correct,5,True
type2_2M_20260121_183657,80,0.265625,syndrome_consistent,exact_correct,7,True
type2_2M_20260121_183657,81,0.265625,syndrome_consistent,exact_correct,6,True
type2_2M_20260121_183657,82,0.25390625,syndrome_consistent,exact_correct,5,True
type2_2M_20260121_183657,83,0.25390625,syndrome_consistent,exact_correct,5,True
type2_2M_20260121_183657,84,0.24609375,syndrome_consistent,exact_correct,7,True
type2_2M_20260121_183657,85,0.23046875,syndrome_consistent,exact_correct,4,True
type2_2M_20260121_183657,86,0.23828125,syndrome_consistent,exact_correct,5,True
type2_2M_20260121_183657,87,0.296875,syndrome_consistent,exact_correct,7,True
type2_2M_20260121_183657,88,0.28125,syndrome_consistent,exact_correct,5,True
type2_2M_20260121_183657,89,0.33203125,syndrome_consistent,exact_correct,6,True
type2_2M_20260121_183657,90,0.2890625,syndrome_consistent,exact_correct,6,True
type2_2M_20260121_183657,91,0.24609375,syndrome_consistent,exact_correct,6,True
type2_2M_20260121_183657,92,0.28515625,syndrome_consistent,exact_correct,6,True
type2_2M_20260121_183657,93,0.25,syndrome_consistent,exact_correct,6,True
type2_2M_20260121_183657,94,0.29296875,syndrome_consistent,exact_correct,6,True
type2_2M_20260121_183657,95,0.26171875,syndrome_consistent,exact_correct,4,True
type2_2M_20260121_183657,96,0.28515625,syndrome_consistent,exact_correct,7,True
type2_2M_20260121_183657,97,0.2578125,syndrome_consistent,exact_correct,6,True
type2_2M_20260121_183657,98,0.2734375,syndrome_consistent,exact_correct,7,True
type2_2M_20260121_183657,99,0.23828125,syndrome_consistent,exact_correct,5,True
type2_2M_20260121_183657,100,0.2421875,syndrome_consistent,exact_correct,6,True
type2_2M_20260121_183657,101,0.234375,syndrome_consistent,exact_correct,4,True
type2_2M_20260121_183657,102,0.2265625,syndrome_consistent,exact_correct,5,True
type2_2M_20260121_183657,103,0.24609375,syndrome_consistent,exact_correct,9,True
type2_2M_20260121_183657,104,0.21875,syndrome_consistent,exact_correct,4,True
type2_2M_20260121_183657,105,0.19921875,syndrome_consistent,exact_correct,5,True
type2_2M_20260121_183657,106,0.25390625,syndrome_consistent,exact_correct,4,True
type2_2M_20260121_183657,107,0.23046875,syndrome_consistent,exact_correct,7,True
type2_2M_20260121_183657,108,0.2265625,syndrome_consistent,exact_correct,4,True
type2_2M_20260121_183657,109,0.2578125,syndrome_consistent,exact_correct,5,True
type2_2M_20260121_183657,110,0.26953125,syndrome_consistent,exact_correct,5,True
type2_2M_20260121_183657,111,0.28125,syndrome_consistent,exact_correct,6,True
type2_2M_20260121_183657,112,0.2578125,syndrome_consistent,exact_correct,4,True
type2_2M_20260121_183657,113,0.23828125,syndrome_consistent,exact_correct,5,True
type2_2M_20260121_183657,114,0.296875,syndrome_consistent,exact_correct,7,True
type2_2M_20260121_183657,115,0.2421875,syndrome_consistent,exact_correct,5,True
type2_2M_20260121_183657,116,0.28515625,syndrome_consistent,exact_correct,31,True
type2_2M_20260121_183657,117,0.28515625,syndrome_consistent,exact_correct,6,True
type2_2M_20260121_183657,118,0.26171875,syndrome_consistent,exact_correct,4,True
type2_2M_20260121_183657,119,0.24609375,syndrome_consistent,exact_correct,4,True
type2_2M_20260121_183657,120,0.265625,syndrome_consistent,exact_correct,5,True
type2_2M_20260121_183657,121,0.2421875,syndrome_consistent,exact_correct,5,True
type2_2M_20260121_183657,122,0.28515625,syndrome_consistent,exact_correct,5,True
type2_2M_20260121_183657,123,0.24609375,syndrome_consistent,exact_correct,4,True
type2_2M_20260121_183657,124,0.29296875,syndrome_consistent,exact_correct,7,True
type2_2M_20260121_183657,125,0.26953125,syndrome_consistent,exact_correct,5,True
type2_2M_20260121_183657,126,0.2265625,syndrome_consistent,exact_correct,4,True
type2_2M_20260121_183657,127,0.2578125,syndrome_consistent,exact_correct,4,True
type2_2M_20260121_183657,128,0.31640625,syndrome_consistent,exact_correct,9,True
type2_2M_20260121_183657,129,0.27734375,syndrome_consistent,exact_correct,6,True
type2_2M_20260121_183657,130,0.265625,syndrome_consistent,exact_correct,7,True
type2_2M_20260121_183657,131,0.25390625,syndrome_consistent,exact_correct,6,True
type2_2M_20260121_183657,132,0.265625,syndrome_consistent,exact_correct,6,True
type2_2M_20260121_183657,133,0.20703125,syndrome_consistent,exact_correct,5,True
type2_2M_20260121_183657,134,0.2265625,syndrome_consistent,exact_correct,5,True
type2_2M_20260121_183657,135,0.28125,syndrome_consistent,exact_correct,4,True
type2_2M_20260121_183657,136,0.27734375,syndrome_consistent,exact_correct,5,True
type2_2M_20260121_183657,137,0.24609375,syndrome_consistent,exact_correct,5,True
type2_2M_20260121_183657,138,0.29296875,syndrome_consistent,exact_correct,5,True
type2_2M_20260121_183657,139,0.2578125,syndrome_consistent,exact_correct,5,True
type2_2M_20260121_183657,140,0.3125,syndrome_consistent,exact_correct,7,True
type2_2M_20260121_183657,141,0.30859375,syndrome_consistent,exact_correct,6,True
type2_2M_20260121_183657,142,0.23828125,syndrome_consistent,exact_correct,4,True
type2_2M_20260121_183657,143,0.25390625,syndrome_consistent,exact_correct,4,True
type2_2M_20260121_183657,144,0.296875,syndrome_consistent,exact_correct,6,True
type2_2M_20260121_183657,145,0.265625,syndrome_consistent,exact_correct,5,True
type2_2M_20260121_183657,146,0.265625,syndrome_consistent,exact_correct,5,True
type2_2M_20260121_183657,147,0.28515625,syndrome_consistent,exact_correct,6,True
type2_2M_20260121_183657,148,0.25390625,syndrome_consistent,exact_correct,4,True
type2_2M_20260121_183657,149,0.21875,syndrome_consistent,exact_correct,5,True
type2_2M_20260121_183657,150,0.296875,syndrome_consistent,exact_correct,5,True
type2_2M_20260121_183657,151,0.25,syndrome_consistent,exact_correct,4,True
type2_2M_20260121_183657,152,0.28515625,syndrome_consistent,exact_correct,5,True
type2_2M_20260121_183657,153,0.29296875,syndrome_consistent,exact_correct,10,True
type2_2M_20260121_183657,154,0.2734375,syndrome_consistent,exact_correct,6,True
type2_2M_20260121_183657,155,0.2734375,syndrome_consistent,exact_correct,7,True
type2_2M_20260121_183657,156,0.28515625,syndrome_consistent,exact_correct,6,True
type2_2M_20260121_183657,157,0.265625,syndrome_consistent,exact_correct,5,True
type2_2M_20260121_183657,158,0.24609375,syndrome_consistent,exact_correct,4,True
type2_2M_20260121_183657,159,0.30078125,syndrome_consistent,exact_correct,8,True
type2_2M_20260121_183657,160,0.2421875,syndrome_consistent,exact_correct,4,True
type2_2M_20260121_183657,161,0.21875,syndrome_consistent,exact_correct,5,True
type2_2M_20260121_183657,162,0.26953125,syndrome_consistent,exact_correct,5,True
type2_2M_20260121_183657,163,0.25,syndrome_consistent,exact_correct,5,True
type2_2M_20260121_183657,164,0.25390625,syndrome_consistent,exact_correct,5,True
type2_2M_20260121_183657,165,0.26953125,syndrome_consistent,exact_correct,7,True
type2_2M_20260121_183657,166,0.265625,syndrome_consistent,exact_correct,6,True
type2_2M_20260121_183657,167,0.265625,syndrome_consistent,exact_correct,4,True
type2_2M_20260121_183657,168,0.30078125,syndrome_consistent,exact_correct,7,True
type2_2M_20260121_183657,169,0.23046875,syndrome_consistent,exact_correct,5,True
type2_2M_20260121_183657,170,0.23046875,syndrome_consistent,exact_correct,4,True
type2_2M_20260121_183657,171,0.2265625,syndrome_consistent,exact_correct,4,True
type2_2M_20260121_183657,172,0.22265625,syndrome_consistent,exact_correct,5,True
type2_2M_20260121_183657,173,0.21875,syndrome_consistent,exact_correct,3,True
type2_2M_20260121_183657,174,0.25390625,syndrome_consistent,exact_correct,6,True
type2_2M_20260121_183657,175,0.2734375,syndrome_consistent,exact_correct,5,True
type2_2M_20260121_183657,176,0.24609375,syndrome_consistent,exact_correct,6,True
type2_2M_20260121_183657,177,0.23828125,syndrome_consistent,exact_correct,4,True
type2_2M_20260121_183657,178,0.21484375,syndrome_consistent,exact_correct,3,True
type2_2M_20260121_183657,179,0.234375,syndrome_consistent,exact_correct,5,True
type2_2M_20260121_183657,180,0.26171875,syndrome_consistent,exact_correct,5,True
type2_2M_20260121_183657,181,0.265625,syndrome_consistent,exact_correct,6,True
type2_2M_20260121_183657,182,0.2578125,syndrome_consistent,exact_correct,4,True
type2_2M_20260121_183657,183,0.2734375,syndrome_consistent,exact_correct,5,True
type2_2M_20260121_183657,184,0.3125,syndrome_consistent,exact_correct,8,True
type2_2M_20260121_183657,185,0.26171875,syndrome_consistent,exact_correct,6,True
type2_2M_20260121_183657,186,0.25,syndrome_consistent,exact_correct,4,True
type2_2M_20260121_183657,187,0.3125,syndrome_consistent,exact_correct,5,True
type2_2M_20260121_183657,188,0.19921875,syndrome_consistent,exact_correct,3,True
type2_2M_20260121_183657,189,0.21484375,syndrome_consistent,exact_correct,6,True
type2_2M_20260121_183657,190,0.23046875,syndrome_consistent,exact_correct,4,True
type2_2M_20260121_183657,191,0.26953125,syndrome_consistent,exact_correct,6,True
type2_2M_20260121_183657,192,0.20703125,syndrome_consistent,exact_correct,7,True
type2_2M_20260121_183657,193,0.25390625,syndrome_consistent,exact_correct,4,True
type2_2M_20260121_183657,194,0.26171875,syndrome_consistent,exact_correct,4,True
type2_2M_20260121_183657,195,0.2265625,syndrome_consistent,exact_correct,4,True
type2_2M_20260121_183657,196,0.2734375,syndrome_consistent,exact_correct,7,True
type2_2M_20260121_183657,197,0.28125,syndrome_consistent,exact_correct,8,True
type2_2M_20260121_183657,198,0.2265625,syndrome_consistent,exact_correct,4,True
type2_2M_20260121_183657,199,0.33984375,syndrome_consistent,exact_correct,10,True
type2_2M_20260121_183657,200,0.2578125,syndrome_consistent,exact_correct,6,True
type2_2M_20260121_183657,201,0.30078125,decode_failed,iteration_limit,100,False
type2_2M_20260121_183657,202,0.26953125,syndrome_consistent,exact_correct,5,True
type2_2M_20260121_183657,203,0.2109375,syndrome_consistent,exact_correct,4,True
type2_2M_20260121_183657,204,0.22265625,syndrome_consistent,exact_correct,6,True
type2_2M_20260121_183657,205,0.2265625,syndrome_consistent,exact_correct,5,True
type2_2M_20260121_183657,206,0.234375,syndrome_consistent,exact_correct,7,True
type2_2M_20260121_183657,207,0.2890625,syndrome_consistent,exact_correct,5,True
type2_2M_20260121_183657,208,0.28125,syndrome_consistent,exact_correct,5,True
type2_2M_20260121_183657,209,0.2578125,syndrome_consistent,exact_correct,4,True
type2_2M_20260121_183657,210,0.28515625,syndrome_consistent,exact_correct,7,True
type2_2M_20260121_183657,211,0.265625,syndrome_consistent,exact_correct,6,True
type2_2M_20260121_183657,212,0.23828125,syndrome_consistent,exact_correct,5,True
type2_2M_20260121_183657,213,0.2421875,syndrome_consistent,exact_correct,4,True
type2_2M_20260121_183657,214,0.25390625,syndrome_consistent,exact_correct,5,True
type2_2M_20260121_183657,215,0.22265625,syndrome_consistent,exact_correct,4,True
type2_2M_20260121_183657,216,0.2578125,syndrome_consistent,exact_correct,6,True
type2_2M_20260121_183657,217,0.265625,syndrome_consistent,exact_correct,6,True
type2_2M_20260121_183657,218,0.23828125,syndrome_consistent,exact_correct,5,True
type2_2M_20260121_183657,219,0.30078125,syndrome_consistent,exact_correct,5,True
type2_2M_20260121_183657,220,0.2265625,syndrome_consistent,exact_correct,4,True
type2_2M_20260121_183657,221,0.22265625,syndrome_consistent,exact_correct,5,True
type2_2M_20260121_183657,222,0.25,syndrome_consistent,exact_correct,5,True
type2_2M_20260121_183657,223,0.25,syndrome_consistent,exact_correct,4,True
type2_2M_20260121_183657,224,0.30859375,syndrome_consistent,exact_correct,9,True
type2_2M_20260121_183657,225,0.2265625,syndrome_consistent,exact_correct,4,True
type2_2M_20260121_183657,226,0.234375,syndrome_consistent,exact_correct,5,True
type2_2M_20260121_183657,227,0.2421875,syndrome_consistent,exact_correct,5,True
type2_2M_20260121_183657,228,0.2734375,syndrome_consistent,exact_correct,5,True
type2_2M_20260121_183657,229,0.2890625,syndrome_consistent,exact_correct,5,True
type2_2M_20260121_183657,230,0.2578125,syndrome_consistent,exact_correct,4,True
type2_2M_20260121_183657,231,0.25,syndrome_consistent,exact_correct,4,True
type2_2M_20260121_183657,232,0.234375,syndrome_consistent,exact_correct,5,True
type2_2M_20260121_183657,233,0.28515625,syndrome_consistent,exact_correct,7,True
type2_2M_20260121_183657,234,0.265625,syndrome_consistent,exact_correct,8,True
type2_2M_20260121_183657,235,0.26171875,syndrome_consistent,exact_correct,4,True
type2_2M_20260121_183657,236,0.25390625,syndrome_consistent,exact_correct,4,True
type2_2M_20260121_183657,237,0.26171875,syndrome_consistent,exact_correct,7,True
type2_2M_20260121_183657,238,0.30859375,syndrome_consistent,exact_correct,6,True
type2_2M_20260121_183657,239,0.2421875,syndrome_consistent,exact_correct,4,True
type2_2M_20260121_183657,240,0.26953125,syndrome_consistent,exact_correct,6,True
type2_2M_20260121_183657,241,0.25390625,syndrome_consistent,exact_correct,5,True
type2_2M_20260121_183657,242,0.234375,syndrome_consistent,exact_correct,5,True
type2_2M_20260121_183657,243,0.25,syndrome_consistent,exact_correct,5,True
type2_2M_20260121_183657,244,0.2421875,syndrome_consistent,exact_correct,4,True
type2_2M_20260121_183657,245,0.2578125,syndrome_consistent,exact_correct,5,True
type2_2M_20260121_183657,246,0.2578125,syndrome_consistent,exact_correct,3,True
type2_2M_20260121_183657,247,0.2421875,syndrome_consistent,exact_correct,4,True
type2_2M_20260121_183657,248,0.25,syndrome_consistent,exact_correct,5,True
type2_2M_20260121_183657,249,0.30859375,syndrome_consistent,exact_correct,6,True
type2_2M_20260121_183657,250,0.2265625,syndrome_consistent,exact_correct,4,True
type2_2M_20260121_183657,251,0.328125,syndrome_consistent,exact_correct,10,True
type2_2M_20260121_183657,252,0.25,syndrome_consistent,exact_correct,5,True
type2_2M_20260121_183657,253,0.2578125,syndrome_consistent,exact_correct,4,True
type2_2M_20260121_183657,254,0.2578125,syndrome_consistent,exact_correct,6,True
type2_2M_20260121_183657,255,0.2265625,decode_failed,iteration_limit,100,False
type2_2M_20260121_183657,256,0.25,syndrome_consistent,exact_correct,5,True
type2_2M_20260121_183657,257,0.28125,syndrome_consistent,exact_correct,9,True
type2_2M_20260121_183657,258,0.31640625,syndrome_consistent,exact_correct,10,True
type2_2M_20260121_183657,259,0.25,syndrome_consistent,exact_correct,4,True
type2_2M_20260121_183657,260,0.2421875,syndrome_consistent,exact_correct,5,True
type2_2M_20260121_183657,261,0.28125,syndrome_consistent,exact_correct,5,True
type2_2M_20260121_183657,262,0.296875,syndrome_consistent,exact_correct,5,True
type2_2M_20260121_183657,263,0.25,syndrome_consistent,exact_correct,4,True
type2_2M_20260121_183657,264,0.28125,syndrome_consistent,exact_correct,5,True
type2_2M_20260121_183657,265,0.26171875,syndrome_consistent,exact_correct,6,True
type2_2M_20260121_183657,266,0.26171875,syndrome_consistent,exact_correct,5,True
type2_2M_20260121_183657,267,0.26171875,syndrome_consistent,exact_correct,5,True
type2_2M_20260121_183657,268,0.22265625,syndrome_consistent,exact_correct,3,True
type2_2M_20260121_183657,269,0.28125,syndrome_consistent,exact_correct,5,True
type2_2M_20260121_183657,270,0.22265625,syndrome_consistent,exact_correct,6,True
type2_2M_20260121_183657,271,0.26171875,syndrome_consistent,exact_correct,6,True
type2_2M_20260121_183657,272,0.234375,syndrome_consistent,exact_correct,6,True
type2_2M_20260121_183657,273,0.2109375,syndrome_consistent,exact_correct,3,True
type2_2M_20260121_183657,274,0.23046875,syndrome_consistent,exact_correct,4,True
type2_2M_20260121_183657,275,0.25390625,syndrome_consistent,exact_correct,6,True
type2_2M_20260121_183657,276,0.27734375,syndrome_consistent,exact_correct,5,True
type2_2M_20260121_183657,277,0.265625,syndrome_consistent,exact_correct,4,True
type2_2M_20260121_183657,278,0.2421875,syndrome_consistent,exact_correct,4,True
type2_2M_20260121_183657,279,0.234375,syndrome_consistent,exact_correct,6,True
type2_2M_20260121_183657,280,0.27734375,syndrome_consistent,exact_correct,4,True
type2_2M_20260121_183657,281,0.28515625,syndrome_consistent,exact_correct,4,True
type2_2M_20260121_183657,282,0.26953125,syndrome_consistent,exact_correct,5,True
type2_2M_20260121_183657,283,0.2578125,syndrome_consistent,exact_correct,5,True
type2_2M_20260121_183657,284,0.3125,syndrome_consistent,exact_correct,6,True
type2_2M_20260121_183657,285,0.22265625,syndrome_consistent,exact_correct,3,True
type2_2M_20260121_183657,286,0.19921875,syndrome_consistent,exact_correct,4,True
type2_2M_20260121_183657,287,0.3125,syndrome_consistent,exact_correct,10,True
type2_2M_20260121_183657,288,0.2265625,syndrome_consistent,exact_correct,5,True
type2_2M_20260121_183657,289,0.2421875,syndrome_consistent,exact_correct,7,True
type2_2M_20260121_183657,290,0.26953125,syndrome_consistent,exact_correct,8,True
type2_2M_20260121_183657,291,0.2421875,syndrome_consistent,exact_correct,5,True
type2_2M_20260121_183657,292,0.2109375,syndrome_consistent,exact_correct,4,True
type2_2M_20260121_183657,293,0.27734375,syndrome_consistent,exact_correct,12,True
type2_2M_20260121_183657,294,0.2890625,syndrome_consistent,exact_correct,4,True
type2_2M_20260121_183657,295,0.27734375,syndrome_consistent,exact_correct,5,True
type2_2M_20260121_183657,296,0.2578125,syndrome_consistent,exact_correct,6,True
type2_2M_20260121_183657,297,0.3125,syndrome_consistent,exact_correct,8,True
type2_2M_20260121_183657,298,0.19921875,syndrome_consistent,exact_correct,4,True
type2_2M_20260121_183657,299,0.25,syndrome_consistent,exact_correct,4,True
type2_2M_20260121_183657,300,0.29296875,syndrome_consistent,exact_correct,5,True
type2_2M_20260121_183657,301,0.2578125,syndrome_consistent,exact_correct,8,True
type2_2M_20260121_183657,302,0.28125,syndrome_consistent,exact_correct,5,True
type2_2M_20260121_183657,303,0.29296875,syndrome_consistent,exact_correct,7,True
type2_2M_20260121_183657,304,0.265625,syndrome_consistent,exact_correct,5,True
type2_2M_20260121_183657,305,0.26953125,syndrome_consistent,exact_correct,4,True
type2_2M_20260121_183657,306,0.25390625,syndrome_consistent,exact_correct,4,True
type2_2M_20260121_183657,307,0.2421875,syndrome_consistent,exact_correct,8,True
type2_2M_20260121_183657,308,0.234375,syndrome_consistent,exact_correct,7,True
type2_2M_20260121_183657,309,0.26171875,syndrome_consistent,exact_correct,7,True
type2_2M_20260121_183657,310,0.26953125,syndrome_consistent,exact_correct,7,True
type2_2M_20260121_183657,311,0.26953125,syndrome_consistent,exact_correct,8,True
type2_2M_20260121_183657,312,0.25390625,syndrome_consistent,exact_correct,5,True
type2_2M_20260121_183657,313,0.27734375,syndrome_consistent,exact_correct,5,True
type2_2M_20260121_183657,314,0.23828125,syndrome_consistent,exact_correct,5,True
type2_2M_20260121_183657,315,0.296875,syndrome_consistent,exact_correct,8,True
type2_2M_20260121_183657,316,0.2265625,syndrome_consistent,exact_correct,5,True
type2_2M_20260121_183657,317,0.2890625,syndrome_consistent,exact_correct,5,True
type2_2M_20260121_183657,318,0.234375,syndrome_consistent,exact_correct,3,True
type2_2M_20260121_183657,319,0.28515625,syndrome_consistent,exact_correct,4,True
type2_2M_20260121_183657,320,0.2578125,syndrome_consistent,exact_correct,9,True
type2_2M_20260121_183657,321,0.3046875,syndrome_consistent,exact_correct,6,True
type2_2M_20260121_183657,322,0.1953125,syndrome_consistent,exact_correct,3,True
type2_2M_20260121_183657,323,0.26171875,syndrome_consistent,exact_correct,9,True
type2_2M_20260121_183657,324,0.234375,syndrome_consistent,exact_correct,3,True
type2_2M_20260121_183657,325,0.2890625,syndrome_consistent,exact_correct,6,True
type2_2M_20260121_183657,326,0.24609375,syndrome_consistent,exact_correct,5,True
type2_2M_20260121_183657,327,0.2421875,syndrome_consistent,exact_correct,4,True
type2_2M_20260121_183657,328,0.265625,syndrome_consistent,exact_correct,4,True
type2_2M_20260121_183657,329,0.2109375,syndrome_consistent,exact_correct,4,True
type2_2M_20260121_183657,330,0.2578125,syndrome_consistent,exact_correct,6,True
type2_2M_20260121_183657,331,0.27734375,syndrome_consistent,exact_correct,4,True
type2_2M_20260121_183657,332,0.2734375,syndrome_consistent,exact_correct,5,True
type2_2M_20260121_183657,333,0.24609375,syndrome_consistent,exact_correct,19,True
type2_2M_20260121_183657,334,0.24609375,syndrome_consistent,exact_correct,4,True
type2_2M_20260121_183657,335,0.26171875,syndrome_consistent,exact_correct,5,True
type2_2M_20260121_183657,336,0.25,syndrome_consistent,exact_correct,6,True
type2_2M_20260121_183657,337,0.23046875,syndrome_consistent,exact_correct,5,True
type2_2M_20260121_183657,338,0.21875,syndrome_consistent,exact_correct,4,True
type2_2M_20260121_183657,339,0.25,syndrome_consistent,exact_correct,4,True
type2_2M_20260121_183657,340,0.3125,syndrome_consistent,exact_correct,5,True
type2_2M_20260121_183657,341,0.26953125,syndrome_consistent,exact_correct,4,True
type2_2M_20260121_183657,342,0.29296875,syndrome_consistent,exact_correct,6,True
type2_2M_20260121_183657,343,0.28515625,syndrome_consistent,exact_correct,7,True
type2_2M_20260121_183657,344,0.2265625,syndrome_consistent,exact_correct,5,True
type2_2M_20260121_183657,345,0.25390625,syndrome_consistent,exact_correct,4,True
type2_2M_20260121_183657,346,0.25390625,syndrome_consistent,exact_correct,9,True
type2_2M_20260121_183657,347,0.2578125,syndrome_consistent,exact_correct,5,True
type2_2M_20260121_183657,348,0.265625,syndrome_consistent,exact_correct,4,True
type2_2M_20260121_183657,349,0.24609375,syndrome_consistent,exact_correct,4,True
type2_2M_20260121_183657,350,0.28515625,syndrome_consistent,exact_correct,6,True
type2_2M_20260121_183657,351,0.28515625,syndrome_consistent,exact_correct,10,True
type2_2M_20260121_183657,352,0.21484375,syndrome_consistent,exact_correct,5,True
type2_2M_20260121_183657,353,0.25,syndrome_consistent,exact_correct,6,True
type2_2M_20260121_183657,354,0.32421875,syndrome_consistent,exact_correct,7,True
type2_2M_20260121_183657,355,0.2421875,syndrome_consistent,exact_correct,5,True
type2_2M_20260121_183657,356,0.2890625,syndrome_consistent,exact_correct,6,True
type2_2M_20260121_183657,357,0.234375,syndrome_consistent,exact_correct,5,True
type2_2M_20260121_183657,358,0.265625,syndrome_consistent,exact_correct,4,True
type2_2M_20260121_183657,359,0.265625,syndrome_consistent,exact_correct,4,True
type2_2M_20260121_183657,360,0.26171875,syndrome_consistent,exact_correct,7,True
type2_2M_20260121_183657,361,0.25,syndrome_consistent,exact_correct,4,True
type2_2M_20260121_183657,362,0.27734375,syndrome_consistent,exact_correct,9,True
type2_2M_20260121_183657,363,0.2890625,syndrome_consistent,exact_correct,5,True
type2_2M_20260121_183657,364,0.2734375,syndrome_consistent,exact_correct,4,True
type2_2M_20260121_183657,365,0.27734375,syndrome_consistent,exact_correct,5,True
type2_2M_20260121_183657,366,0.20703125,syndrome_consistent,exact_correct,5,True
type2_2M_20260121_183657,367,0.24609375,syndrome_consistent,exact_correct,4,True
type2_2M_20260121_183657,368,0.21875,syndrome_consistent,exact_correct,4,True
type2_2M_20260121_183657,369,0.2421875,syndrome_consistent,exact_correct,4,True
type2_2M_20260121_183657,370,0.2578125,syndrome_consistent,exact_correct,6,True
type2_2M_20260121_183657,371,0.26953125,syndrome_consistent,exact_correct,5,True
type2_2M_20260121_183657,372,0.2421875,syndrome_consistent,exact_correct,4,True
type2_2M_20260121_183657,373,0.27734375,syndrome_consistent,exact_correct,6,True
type2_2M_20260121_183657,374,0.2890625,syndrome_consistent,exact_correct,5,True
type2_2M_20260121_183657,375,0.30859375,syndrome_consistent,exact_correct,12,True
type2_2M_20260121_183657,376,0.21484375,syndrome_consistent,exact_correct,5,True
type2_2M_20260121_183657,377,0.21484375,syndrome_consistent,exact_correct,6,True
type2_2M_20260121_183657,378,0.234375,syndrome_consistent,exact_correct,5,True
type2_2M_20260121_183657,379,0.22265625,syndrome_consistent,exact_correct,7,True
type2_2M_20260121_183657,380,0.23828125,syndrome_consistent,exact_correct,5,True
type2_2M_20260121_183657,381,0.21875,syndrome_consistent,exact_correct,3,True
type2_2M_20260121_183657,382,0.3203125,syndrome_consistent,exact_correct,6,True
type2_2M_20260121_183657,383,0.28515625,syndrome_consistent,exact_correct,12,True
type2_2M_20260121_183657,384,0.27734375,syndrome_consistent,exact_correct,7,True
type2_2M_20260121_183657,385,0.25,syndrome_consistent,exact_correct,4,True
type2_2M_20260121_183657,386,0.265625,syndrome_consistent,exact_correct,5,True
type2_2M_20260121_183657,387,0.265625,syndrome_consistent,exact_correct,4,True
type2_2M_20260121_183657,388,0.28125,syndrome_consistent,exact_correct,6,True
type2_2M_20260121_183657,389,0.2578125,syndrome_consistent,exact_correct,5,True
type2_2M_20260121_183657,390,0.296875,syndrome_consistent,exact_correct,9,True
type2_2M_20260121_183657,391,0.203125,syndrome_consistent,exact_correct,4,True
type2_2M_20260121_183657,392,0.2421875,syndrome_consistent,exact_correct,4,True
type2_2M_20260121_183657,393,0.2734375,syndrome_consistent,exact_correct,5,True
type2_2M_20260121_183657,394,0.26171875,syndrome_consistent,exact_correct,6,True
type2_2M_20260121_183657,395,0.22265625,syndrome_consistent,exact_correct,5,True
type2_2M_20260121_183657,396,0.328125,syndrome_consistent,exact_correct,6,True
type2_2M_20260121_183657,397,0.25390625,syndrome_consistent,exact_correct,6,True
type2_2M_20260121_183657,398,0.30078125,syndrome_consistent,exact_correct,8,True
type2_2M_20260121_183657,399,0.3203125,syndrome_consistent,exact_correct,6,True
type2_2M_20260121_183657,400,0.3203125,syndrome_consistent,exact_correct,6,True
type2_2M_20260121_183657,401,0.2265625,syndrome_consistent,exact_correct,4,True
type2_2M_20260121_183657,402,0.1953125,syndrome_consistent,exact_correct,3,True
type2_2M_20260121_183657,403,0.265625,syndrome_consistent,exact_correct,6,True
type2_2M_20260121_183657,404,0.26171875,syndrome_consistent,exact_correct,5,True
type2_2M_20260121_183657,405,0.28515625,syndrome_consistent,exact_correct,8,True
type2_2M_20260121_183657,406,0.28515625,syndrome_consistent,exact_correct,6,True
type2_2M_20260121_183657,407,0.31640625,syndrome_consistent,exact_correct,8,True
type2_2M_20260121_183657,408,0.26171875,syndrome_consistent,exact_correct,5,True
type2_2M_20260121_183657,409,0.29296875,syndrome_consistent,exact_correct,6,True
type2_2M_20260121_183657,410,0.2578125,syndrome_consistent,exact_correct,5,True
type2_2M_20260121_183657,411,0.2421875,syndrome_consistent,exact_correct,3,True
type2_2M_20260121_183657,412,0.25390625,syndrome_consistent,exact_correct,4,True
type2_2M_20260121_183657,413,0.25,syndrome_consistent,exact_correct,5,True
type2_2M_20260121_183657,414,0.2734375,syndrome_consistent,exact_correct,6,True
type2_2M_20260121_183657,415,0.25,decode_failed,iteration_limit,100,False
type2_2M_20260121_183657,416,0.24609375,syndrome_consistent,exact_correct,4,True
type2_2M_20260121_183657,417,0.234375,syndrome_consistent,exact_correct,4,True
type2_2M_20260121_183657,418,0.34375,syndrome_consistent,exact_correct,6,True
type2_2M_20260121_183657,419,0.25390625,syndrome_consistent,exact_correct,4,True
type2_2M_20260121_183657,420,0.19140625,syndrome_consistent,exact_correct,4,True
type2_2M_20260121_183657,421,0.28515625,syndrome_consistent,exact_correct,6,True
type2_2M_20260121_183657,422,0.26171875,syndrome_consistent,exact_correct,5,True
type2_2M_20260121_183657,423,0.26171875,syndrome_consistent,exact_correct,5,True
type2_2M_20260121_183657,424,0.3046875,syndrome_consistent,exact_correct,5,True
type2_2M_20260121_183657,425,0.26953125,syndrome_consistent,exact_correct,4,True
type2_2M_20260121_183657,426,0.31640625,syndrome_consistent,exact_correct,8,True
type2_2M_20260121_183657,427,0.26953125,syndrome_consistent,exact_correct,4,True
type2_2M_20260121_183657,428,0.296875,syndrome_consistent,exact_correct,10,True
type2_2M_20260121_183657,429,0.25,syndrome_consistent,exact_correct,7,True
type2_2M_20260121_183657,430,0.234375,syndrome_consistent,exact_correct,4,True
type2_2M_20260121_183657,431,0.2265625,syndrome_consistent,exact_correct,3,True
type2_2M_20260121_183657,432,0.2421875,syndrome_consistent,exact_correct,4,True
type2_2M_20260121_183657,433,0.29296875,syndrome_consistent,exact_correct,8,True
type2_2M_20260121_183657,434,0.29296875,syndrome_consistent,exact_correct,7,True
type2_2M_20260121_183657,435,0.32421875,syndrome_consistent,exact_correct,7,True
type2_2M_20260121_183657,436,0.2734375,syndrome_consistent,exact_correct,5,True
type2_2M_20260121_183657,437,0.21875,syndrome_consistent,exact_correct,4,True
type2_2M_20260121_183657,438,0.23828125,syndrome_consistent,exact_correct,3,True
type2_2M_20260121_183657,439,0.26953125,syndrome_consistent,exact_correct,8,True
type2_2M_20260121_183657,440,0.26171875,syndrome_consistent,exact_correct,5,True
type2_2M_20260121_183657,441,0.26953125,syndrome_consistent,exact_correct,4,True
type2_2M_20260121_183657,442,0.2578125,syndrome_consistent,exact_correct,6,True
type2_2M_20260121_183657,443,0.24609375,syndrome_consistent,exact_correct,4,True
type2_2M_20260121_183657,444,0.2734375,syndrome_consistent,exact_correct,5,True
type2_2M_20260121_183657,445,0.27734375,syndrome_consistent,exact_correct,4,True
type2_2M_20260121_183657,446,0.25,syndrome_consistent,exact_correct,5,True
type2_2M_20260121_183657,447,0.26171875,syndrome_consistent,exact_correct,6,True
type2_2M_20260121_183657,448,0.2734375,syndrome_consistent,exact_correct,5,True
type2_2M_20260121_183657,449,0.24609375,syndrome_consistent,exact_correct,5,True
type2_2M_20260121_183657,450,0.27734375,syndrome_consistent,exact_correct,6,True
type2_2M_20260121_183657,451,0.26171875,syndrome_consistent,exact_correct,4,True
type2_2M_20260121_183657,452,0.2734375,syndrome_consistent,exact_correct,5,True
type2_2M_20260121_183657,453,0.23828125,syndrome_consistent,exact_correct,6,True
type2_2M_20260121_183657,454,0.28125,syndrome_consistent,exact_correct,6,True
type2_2M_20260121_183657,455,0.2890625,syndrome_consistent,exact_correct,4,True
