split,locked_frame_key,dataset_id,frame_id,method,config_id,decode_success,verify_success,verified_success,frame_status,raw_frame_ser,raw_frame_ber,post_frame_ser,leak_bits_frame,runtime_ms,method_status,config_json,run_elapsed_s
confirmation,real_typeii_20db_d1024_bw180_blk0:17,real_typeii_20db_d1024_bw180_blk0,17,cascade_lite,d4ddedc4cda55b9c,True,True,True,verified_success,0.34375,0.034375,0.0,400.0,2.1350999595597386,ok,"{""block_size_schedule"": [8, 16, 32, 64], ""mapping"": ""gray"", ""num_passes"": 6, ""permutation_mode"": ""seeded_random"", ""seed"": 0, ""verify_mode"": ""crc32""}",2.7179999999934807
confirmation,real_typeii_20db_d1024_bw180_blk0:24,real_typeii_20db_d1024_bw180_blk0,24,cascade_lite,d4ddedc4cda55b9c,True,True,True,verified_success,0.25,0.025,0.0,382.0,1.5685000689700246,ok,"{""block_size_schedule"": [8, 16, 32, 64], ""mapping"": ""gray"", ""num_passes"": 6, ""permutation_mode"": ""seeded_random"", ""seed"": 0, ""verify_mode"": ""crc32""}",2.7179999999934807
confirmation,real_typeii_20db_d1024_bw180_blk0:33,real_typeii_20db_d1024_bw180_blk0,33,cascade_lite,d4ddedc4cda55b9c,True,True,True,verified_success,0.296875,0.0296875,0.0,394.0,1.6670000040903687,ok,"{""block_size_schedule"": [8, 16, 32, 64], ""mapping"": ""gray"", ""num_passes"": 6, ""permutation_mode"": ""seeded_random"", ""seed"": 0, ""verify_mode"": ""crc32""}",2.7179999999934807
confirmation,real_typeii_20db_d1024_bw180_blk0:34,real_typeii_20db_d1024_bw180_blk0,34,cascade_lite,d4ddedc4cda55b9c,True,True,True,verified_success,0.265625,0.0265625,0.0,383.0,1.5505000483244658,ok,"{""block_size_schedule"": [8, 16, 32, 64], ""mapping"": ""gray"", ""num_passes"": 6, ""permutation_mode"": ""seeded_random"", ""seed"": 0, ""verify_mode"": ""crc32""}",2.7179999999934807
confirmation,real_typeii_20db_d1024_bw180_blk0:37,real_typeii_20db_d1024_bw180_blk0,37,cascade_lite,d4ddedc4cda55b9c,True,True,True,verified_success,0.1875,0.01875,0.0,368.0,1.2656999751925468,ok,"{""block_size_schedule"": [8, 16, 32, 64], ""mapping"": ""gray"", ""num_passes"": 6, ""permutation_mode"": ""seeded_random"", ""seed"": 0, ""verify_mode"": ""crc32""}",2.7179999999934807
confirmation,real_typeii_20db_d1024_bw180_blk0:52,real_typeii_20db_d1024_bw180_blk0,52,cascade_lite,d4ddedc4cda55b9c,True,True,True,verified_success,0.25,0.025,0.0,382.0,1.501699909567833,ok,"{""block_size_schedule"": [8, 16, 32, 64], ""mapping"": ""gray"", ""num_passes"": 6, ""permutation_mode"": ""seeded_random"", ""seed"": 0, ""verify_mode"": ""crc32""}",2.7179999999934807
confirmation,real_typeii_20db_d1024_bw180_blk0:63,real_typeii_20db_d1024_bw180_blk0,63,cascade_lite,d4ddedc4cda55b9c,True,True,True,verified_success,0.21875,0.021875,0.0,376.0,1.4034999767318368,ok,"{""block_size_schedule"": [8, 16, 32, 64], ""mapping"": ""gray"", ""num_passes"": 6, ""permutation_mode"": ""seeded_random"", ""seed"": 0, ""verify_mode"": ""crc32""}",2.7179999999934807
confirmation,real_typeii_20db_d1024_bw180_blk0:91,real_typeii_20db_d1024_bw180_blk0,91,cascade_lite,d4ddedc4cda55b9c,True,True,True,verified_success,0.21875,0.021875,0.0,376.0,1.445300062187016,ok,"{""block_size_schedule"": [8, 16, 32, 64], ""mapping"": ""gray"", ""num_passes"": 6, ""permutation_mode"": ""seeded_random"", ""seed"": 0, ""verify_mode"": ""crc32""}",2.7179999999934807
confirmation,real_typeii_20db_d1024_bw180_blk0:97,real_typeii_20db_d1024_bw180_blk0,97,cascade_lite,d4ddedc4cda55b9c,True,True,True,verified_success,0.28125,0.028125,0.0,390.0,1.647600089199841,ok,"{""block_size_schedule"": [8, 16, 32, 64], ""mapping"": ""gray"", ""num_passes"": 6, ""permutation_mode"": ""seeded_random"", ""seed"": 0, ""verify_mode"": ""crc32""}",2.7179999999934807
confirmation,real_typeii_20db_d1024_bw180_blk0:100,real_typeii_20db_d1024_bw180_blk0,100,cascade_lite,d4ddedc4cda55b9c,True,True,True,verified_success,0.25,0.025,0.0,382.0,1.505000051110983,ok,"{""block_size_schedule"": [8, 16, 32, 64], ""mapping"": ""gray"", ""num_passes"": 6, ""permutation_mode"": ""seeded_random"", ""seed"": 0, ""verify_mode"": ""crc32""}",2.7179999999934807
confirmation,real_typeii_20db_d1024_bw180_blk0:101,real_typeii_20db_d1024_bw180_blk0,101,cascade_lite,d4ddedc4cda55b9c,True,True,True,verified_success,0.265625,0.0265625,0.0,385.0,1.595200039446354,ok,"{""block_size_schedule"": [8, 16, 32, 64], ""mapping"": ""gray"", ""num_passes"": 6, ""permutation_mode"": ""seeded_random"", ""seed"": 0, ""verify_mode"": ""crc32""}",2.7179999999934807
confirmation,real_typeii_20db_d1024_bw180_blk0:105,real_typeii_20db_d1024_bw180_blk0,105,cascade_lite,d4ddedc4cda55b9c,True,True,True,verified_success,0.265625,0.0265625,0.0,383.0,1.7473000334575772,ok,"{""block_size_schedule"": [8, 16, 32, 64], ""mapping"": ""gray"", ""num_passes"": 6, ""permutation_mode"": ""seeded_random"", ""seed"": 0, ""verify_mode"": ""crc32""}",2.7179999999934807
confirmation,real_typeii_20db_d1024_bw180_blk0:111,real_typeii_20db_d1024_bw180_blk0,111,cascade_lite,d4ddedc4cda55b9c,True,True,True,verified_success,0.1875,0.01875,0.0,370.0,1.3637000229209661,ok,"{""block_size_schedule"": [8, 16, 32, 64], ""mapping"": ""gray"", ""num_passes"": 6, ""permutation_mode"": ""seeded_random"", ""seed"": 0, ""verify_mode"": ""crc32""}",2.7179999999934807
confirmation,real_typeii_20db_d1024_bw180_blk0:118,real_typeii_20db_d1024_bw180_blk0,118,cascade_lite,d4ddedc4cda55b9c,True,True,True,verified_success,0.171875,0.0171875,0.0,365.0,1.3409999664872885,ok,"{""block_size_schedule"": [8, 16, 32, 64], ""mapping"": ""gray"", ""num_passes"": 6, ""permutation_mode"": ""seeded_random"", ""seed"": 0, ""verify_mode"": ""crc32""}",2.7179999999934807
confirmation,real_typeii_20db_d1024_bw180_blk0:122,real_typeii_20db_d1024_bw180_blk0,122,cascade_lite,d4ddedc4cda55b9c,True,True,True,verified_success,0.203125,0.0203125,0.0,371.0,1.3821999309584498,ok,"{""block_size_schedule"": [8, 16, 32, 64], ""mapping"": ""gray"", ""num_passes"": 6, ""permutation_mode"": ""seeded_random"", ""seed"": 0, ""verify_mode"": ""crc32""}",2.7179999999934807
confirmation,real_typeii_20db_d1024_bw180_blk0:139,real_typeii_20db_d1024_bw180_blk0,139,cascade_lite,d4ddedc4cda55b9c,True,True,True,verified_success,0.25,0.025,0.0,382.0,1.5333000337705016,ok,"{""block_size_schedule"": [8, 16, 32, 64], ""mapping"": ""gray"", ""num_passes"": 6, ""permutation_mode"": ""seeded_random"", ""seed"": 0, ""verify_mode"": ""crc32""}",2.7179999999934807
confirmation,real_typeii_20db_d1024_bw180_blk0:146,real_typeii_20db_d1024_bw180_blk0,146,cascade_lite,d4ddedc4cda55b9c,True,True,True,verified_success,0.28125,0.028125,0.0,391.0,1.7209999496117234,ok,"{""block_size_schedule"": [8, 16, 32, 64], ""mapping"": ""gray"", ""num_passes"": 6, ""permutation_mode"": ""seeded_random"", ""seed"": 0, ""verify_mode"": ""crc32""}",2.7179999999934807
confirmation,real_typeii_20db_d1024_bw180_blk0:151,real_typeii_20db_d1024_bw180_blk0,151,cascade_lite,d4ddedc4cda55b9c,True,True,True,verified_success,0.21875,0.021875,0.0,376.0,1.4882999239489436,ok,"{""block_size_schedule"": [8, 16, 32, 64], ""mapping"": ""gray"", ""num_passes"": 6, ""permutation_mode"": ""seeded_random"", ""seed"": 0, ""verify_mode"": ""crc32""}",2.7179999999934807
confirmation,real_typeii_20db_d1024_bw180_blk0:157,real_typeii_20db_d1024_bw180_blk0,157,cascade_lite,d4ddedc4cda55b9c,True,True,True,verified_success,0.203125,0.0203125,0.0,373.0,1.4271000400185585,ok,"{""block_size_schedule"": [8, 16, 32, 64], ""mapping"": ""gray"", ""num_passes"": 6, ""permutation_mode"": ""seeded_random"", ""seed"": 0, ""verify_mode"": ""crc32""}",2.7179999999934807
confirmation,real_typeii_20db_d1024_bw180_blk0:162,real_typeii_20db_d1024_bw180_blk0,162,cascade_lite,d4ddedc4cda55b9c,True,True,True,verified_success,0.25,0.025,0.0,380.0,1.5379999531432986,ok,"{""block_size_schedule"": [8, 16, 32, 64], ""mapping"": ""gray"", ""num_passes"": 6, ""permutation_mode"": ""seeded_random"", ""seed"": 0, ""verify_mode"": ""crc32""}",2.7179999999934807
confirmation,real_typeii_20db_d1024_bw180_blk0:168,real_typeii_20db_d1024_bw180_blk0,168,cascade_lite,d4ddedc4cda55b9c,True,True,True,verified_success,0.296875,0.0296875,0.0,393.0,1.7629999201744795,ok,"{""block_size_schedule"": [8, 16, 32, 64], ""mapping"": ""gray"", ""num_passes"": 6, ""permutation_mode"": ""seeded_random"", ""seed"": 0, ""verify_mode"": ""crc32""}",2.7179999999934807
confirmation,real_typeii_20db_d1024_bw180_blk0:170,real_typeii_20db_d1024_bw180_blk0,170,cascade_lite,d4ddedc4cda55b9c,True,True,True,verified_success,0.234375,0.0234375,0.0,379.0,1.477799960412085,ok,"{""block_size_schedule"": [8, 16, 32, 64], ""mapping"": ""gray"", ""num_passes"": 6, ""permutation_mode"": ""seeded_random"", ""seed"": 0, ""verify_mode"": ""crc32""}",2.7179999999934807
confirmation,real_typeii_20db_d1024_bw180_blk0:197,real_typeii_20db_d1024_bw180_blk0,197,cascade_lite,d4ddedc4cda55b9c,True,True,True,verified_success,0.203125,0.0203125,0.0,373.0,1.3957000337541103,ok,"{""block_size_schedule"": [8, 16, 32, 64], ""mapping"": ""gray"", ""num_passes"": 6, ""permutation_mode"": ""seeded_random"", ""seed"": 0, ""verify_mode"": ""crc32""}",2.7179999999934807
confirmation,real_typeii_20db_d1024_bw180_blk0:200,real_typeii_20db_d1024_bw180_blk0,200,cascade_lite,d4ddedc4cda55b9c,True,True,True,verified_success,0.203125,0.0203125,0.0,375.0,1.3856999576091766,ok,"{""block_size_schedule"": [8, 16, 32, 64], ""mapping"": ""gray"", ""num_passes"": 6, ""permutation_mode"": ""seeded_random"", ""seed"": 0, ""verify_mode"": ""crc32""}",2.7179999999934807
confirmation,real_typeii_20db_d1024_bw180_blk0:204,real_typeii_20db_d1024_bw180_blk0,204,cascade_lite,d4ddedc4cda55b9c,True,True,True,verified_success,0.28125,0.028125,0.0,390.0,1.652900013141334,ok,"{""block_size_schedule"": [8, 16, 32, 64], ""mapping"": ""gray"", ""num_passes"": 6, ""permutation_mode"": ""seeded_random"", ""seed"": 0, ""verify_mode"": ""crc32""}",2.7179999999934807
confirmation,real_typeii_20db_d1024_bw180_blk0:207,real_typeii_20db_d1024_bw180_blk0,207,cascade_lite,d4ddedc4cda55b9c,True,True,True,verified_success,0.171875,0.0171875,0.0,365.0,1.2482000747695565,ok,"{""block_size_schedule"": [8, 16, 32, 64], ""mapping"": ""gray"", ""num_passes"": 6, ""permutation_mode"": ""seeded_random"", ""seed"": 0, ""verify_mode"": ""crc32""}",2.7179999999934807
confirmation,real_typeii_20db_d1024_bw180_blk0:210,real_typeii_20db_d1024_bw180_blk0,210,cascade_lite,d4ddedc4cda55b9c,True,True,True,verified_success,0.15625,0.015625,0.0,362.0,1.2280999217182398,ok,"{""block_size_schedule"": [8, 16, 32, 64], ""mapping"": ""gray"", ""num_passes"": 6, ""permutation_mode"": ""seeded_random"", ""seed"": 0, ""verify_mode"": ""crc32""}",2.7179999999934807
confirmation,real_typeii_20db_d1024_bw180_blk0:212,real_typeii_20db_d1024_bw180_blk0,212,cascade_lite,d4ddedc4cda55b9c,True,True,True,verified_success,0.15625,0.015625,0.0,364.0,1.213400042615831,ok,"{""block_size_schedule"": [8, 16, 32, 64], ""mapping"": ""gray"", ""num_passes"": 6, ""permutation_mode"": ""seeded_random"", ""seed"": 0, ""verify_mode"": ""crc32""}",2.7179999999934807
confirmation,real_typeii_20db_d1024_bw180_blk0:215,real_typeii_20db_d1024_bw180_blk0,215,cascade_lite,d4ddedc4cda55b9c,True,True,True,verified_success,0.21875,0.021875,0.0,376.0,1.4204001054167747,ok,"{""block_size_schedule"": [8, 16, 32, 64], ""mapping"": ""gray"", ""num_passes"": 6, ""permutation_mode"": ""seeded_random"", ""seed"": 0, ""verify_mode"": ""crc32""}",2.7179999999934807
confirmation,real_typeii_20db_d1024_bw180_blk0:216,real_typeii_20db_d1024_bw180_blk0,216,cascade_lite,d4ddedc4cda55b9c,True,True,True,verified_success,0.3125,0.03125,0.0,402.0,1.8173999851569533,ok,"{""block_size_schedule"": [8, 16, 32, 64], ""mapping"": ""gray"", ""num_passes"": 6, ""permutation_mode"": ""seeded_random"", ""seed"": 0, ""verify_mode"": ""crc32""}",2.7179999999934807
confirmation,real_typeii_20db_d1024_bw180_blk0:224,real_typeii_20db_d1024_bw180_blk0,224,cascade_lite,d4ddedc4cda55b9c,True,True,True,verified_success,0.234375,0.0234375,0.0,379.0,1.4271000400185585,ok,"{""block_size_schedule"": [8, 16, 32, 64], ""mapping"": ""gray"", ""num_passes"": 6, ""permutation_mode"": ""seeded_random"", ""seed"": 0, ""verify_mode"": ""crc32""}",2.7179999999934807
confirmation,real_typeii_20db_d1024_bw180_blk0:230,real_typeii_20db_d1024_bw180_blk0,230,cascade_lite,d4ddedc4cda55b9c,True,True,True,verified_success,0.15625,0.015625,0.0,364.0,1.3033999130129814,ok,"{""block_size_schedule"": [8, 16, 32, 64], ""mapping"": ""gray"", ""num_passes"": 6, ""permutation_mode"": ""seeded_random"", ""seed"": 0, ""verify_mode"": ""crc32""}",2.7179999999934807
confirmation,real_typeii_20db_d1024_bw180_blk0:261,real_typeii_20db_d1024_bw180_blk0,261,cascade_lite,d4ddedc4cda55b9c,True,True,True,verified_success,0.25,0.025,0.0,384.0,1.5743999974802136,ok,"{""block_size_schedule"": [8, 16, 32, 64], ""mapping"": ""gray"", ""num_passes"": 6, ""permutation_mode"": ""seeded_random"", ""seed"": 0, ""verify_mode"": ""crc32""}",2.7179999999934807
confirmation,real_typeii_20db_d1024_bw180_blk0:273,real_typeii_20db_d1024_bw180_blk0,273,cascade_lite,d4ddedc4cda55b9c,True,True,True,verified_success,0.296875,0.0296875,0.0,393.0,1.7102999845519662,ok,"{""block_size_schedule"": [8, 16, 32, 64], ""mapping"": ""gray"", ""num_passes"": 6, ""permutation_mode"": ""seeded_random"", ""seed"": 0, ""verify_mode"": ""crc32""}",2.7179999999934807
confirmation,real_typeii_20db_d1024_bw180_blk0:274,real_typeii_20db_d1024_bw180_blk0,274,cascade_lite,d4ddedc4cda55b9c,True,True,True,verified_success,0.25,0.025,0.0,382.0,1.5526999486610293,ok,"{""block_size_schedule"": [8, 16, 32, 64], ""mapping"": ""gray"", ""num_passes"": 6, ""permutation_mode"": ""seeded_random"", ""seed"": 0, ""verify_mode"": ""crc32""}",2.7179999999934807
confirmation,real_typeii_20db_d1024_bw180_blk0:283,real_typeii_20db_d1024_bw180_blk0,283,cascade_lite,d4ddedc4cda55b9c,True,True,True,verified_success,0.171875,0.0171875,0.0,365.0,1.447299961000681,ok,"{""block_size_schedule"": [8, 16, 32, 64], ""mapping"": ""gray"", ""num_passes"": 6, ""permutation_mode"": ""seeded_random"", ""seed"": 0, ""verify_mode"": ""crc32""}",2.7179999999934807
confirmation,real_typeii_20db_d1024_bw180_blk0:291,real_typeii_20db_d1024_bw180_blk0,291,cascade_lite,d4ddedc4cda55b9c,True,True,True,verified_success,0.265625,0.0265625,0.0,389.0,1.6304999589920044,ok,"{""block_size_schedule"": [8, 16, 32, 64], ""mapping"": ""gray"", ""num_passes"": 6, ""permutation_mode"": ""seeded_random"", ""seed"": 0, ""verify_mode"": ""crc32""}",2.7179999999934807
confirmation,real_typeii_20db_d1024_bw180_blk0:296,real_typeii_20db_d1024_bw180_blk0,296,cascade_lite,d4ddedc4cda55b9c,True,True,True,verified_success,0.234375,0.0234375,0.0,379.0,1.4948999742045999,ok,"{""block_size_schedule"": [8, 16, 32, 64], ""mapping"": ""gray"", ""num_passes"": 6, ""permutation_mode"": ""seeded_random"", ""seed"": 0, ""verify_mode"": ""crc32""}",2.7179999999934807
confirmation,real_typeii_20db_d1024_bw180_blk0:300,real_typeii_20db_d1024_bw180_blk0,300,cascade_lite,d4ddedc4cda55b9c,True,True,True,verified_success,0.296875,0.0296875,0.0,393.0,1.888300059363246,ok,"{""block_size_schedule"": [8, 16, 32, 64], ""mapping"": ""gray"", ""num_passes"": 6, ""permutation_mode"": ""seeded_random"", ""seed"": 0, ""verify_mode"": ""crc32""}",2.7179999999934807
confirmation,real_typeii_20db_d1024_bw180_blk0:302,real_typeii_20db_d1024_bw180_blk0,302,cascade_lite,d4ddedc4cda55b9c,True,True,True,verified_success,0.28125,0.028125,0.0,390.0,1.7318000318482518,ok,"{""block_size_schedule"": [8, 16, 32, 64], ""mapping"": ""gray"", ""num_passes"": 6, ""permutation_mode"": ""seeded_random"", ""seed"": 0, ""verify_mode"": ""crc32""}",2.7179999999934807
confirmation,real_typeii_20db_d1024_bw180_blk0:312,real_typeii_20db_d1024_bw180_blk0,312,cascade_lite,d4ddedc4cda55b9c,True,True,True,verified_success,0.21875,0.021875,0.0,378.0,1.4642999740317464,ok,"{""block_size_schedule"": [8, 16, 32, 64], ""mapping"": ""gray"", ""num_passes"": 6, ""permutation_mode"": ""seeded_random"", ""seed"": 0, ""verify_mode"": ""crc32""}",2.7179999999934807
confirmation,real_typeii_20db_d1024_bw180_blk0:324,real_typeii_20db_d1024_bw180_blk0,324,cascade_lite,d4ddedc4cda55b9c,True,True,True,verified_success,0.234375,0.0234375,0.0,382.0,1.4801999786868691,ok,"{""block_size_schedule"": [8, 16, 32, 64], ""mapping"": ""gray"", ""num_passes"": 6, ""permutation_mode"": ""seeded_random"", ""seed"": 0, ""verify_mode"": ""crc32""}",2.7179999999934807
confirmation,real_typeii_20db_d1024_bw180_blk0:325,real_typeii_20db_d1024_bw180_blk0,325,cascade_lite,d4ddedc4cda55b9c,True,True,True,verified_success,0.265625,0.0265625,0.0,385.0,1.7076999647542834,ok,"{""block_size_schedule"": [8, 16, 32, 64], ""mapping"": ""gray"", ""num_passes"": 6, ""permutation_mode"": ""seeded_random"", ""seed"": 0, ""verify_mode"": ""crc32""}",2.7179999999934807
confirmation,real_typeii_20db_d1024_bw180_blk0:341,real_typeii_20db_d1024_bw180_blk0,341,cascade_lite,d4ddedc4cda55b9c,True,True,True,verified_success,0.109375,0.0109375,0.0,353.0,0.7404000498354435,ok,"{""block_size_schedule"": [8, 16, 32, 64], ""mapping"": ""gray"", ""num_passes"": 6, ""permutation_mode"": ""seeded_random"", ""seed"": 0, ""verify_mode"": ""crc32""}",2.7179999999934807
confirmation,real_typeii_20db_d1024_bw180_blk0:354,real_typeii_20db_d1024_bw180_blk0,354,cascade_lite,d4ddedc4cda55b9c,True,True,True,verified_success,0.234375,0.0234375,0.0,379.0,0.9686999255791306,ok,"{""block_size_schedule"": [8, 16, 32, 64], ""mapping"": ""gray"", ""num_passes"": 6, ""permutation_mode"": ""seeded_random"", ""seed"": 0, ""verify_mode"": ""crc32""}",2.7179999999934807
confirmation,real_typeii_20db_d1024_bw180_blk0:357,real_typeii_20db_d1024_bw180_blk0,357,cascade_lite,d4ddedc4cda55b9c,True,True,True,verified_success,0.234375,0.0234375,0.0,377.0,0.8912000339478254,ok,"{""block_size_schedule"": [8, 16, 32, 64], ""mapping"": ""gray"", ""num_passes"": 6, ""permutation_mode"": ""seeded_random"", ""seed"": 0, ""verify_mode"": ""crc32""}",2.7179999999934807
confirmation,real_typeii_20db_d1024_bw180_blk0:360,real_typeii_20db_d1024_bw180_blk0,360,cascade_lite,d4ddedc4cda55b9c,True,True,True,verified_success,0.28125,0.028125,0.0,390.0,1.0083999950438738,ok,"{""block_size_schedule"": [8, 16, 32, 64], ""mapping"": ""gray"", ""num_passes"": 6, ""permutation_mode"": ""seeded_random"", ""seed"": 0, ""verify_mode"": ""crc32""}",2.7179999999934807
confirmation,real_typeii_20db_d1024_bw180_blk0:366,real_typeii_20db_d1024_bw180_blk0,366,cascade_lite,d4ddedc4cda55b9c,True,True,True,verified_success,0.25,0.025,0.0,382.0,0.9363000281155109,ok,"{""block_size_schedule"": [8, 16, 32, 64], ""mapping"": ""gray"", ""num_passes"": 6, ""permutation_mode"": ""seeded_random"", ""seed"": 0, ""verify_mode"": ""crc32""}",2.7179999999934807
confirmation,real_typeii_20db_d1024_bw180_blk0:396,real_typeii_20db_d1024_bw180_blk0,396,cascade_lite,d4ddedc4cda55b9c,True,True,True,verified_success,0.28125,0.028125,0.0,390.0,0.9796000085771084,ok,"{""block_size_schedule"": [8, 16, 32, 64], ""mapping"": ""gray"", ""num_passes"": 6, ""permutation_mode"": ""seeded_random"", ""seed"": 0, ""verify_mode"": ""crc32""}",2.7179999999934807
confirmation,real_typeii_20db_d1024_bw180_blk0:399,real_typeii_20db_d1024_bw180_blk0,399,cascade_lite,d4ddedc4cda55b9c,True,True,True,verified_success,0.171875,0.0171875,0.0,365.0,0.763599993661046,ok,"{""block_size_schedule"": [8, 16, 32, 64], ""mapping"": ""gray"", ""num_passes"": 6, ""permutation_mode"": ""seeded_random"", ""seed"": 0, ""verify_mode"": ""crc32""}",2.7179999999934807
confirmation,real_typeii_20db_d1024_bw180_blk0:401,real_typeii_20db_d1024_bw180_blk0,401,cascade_lite,d4ddedc4cda55b9c,True,True,True,verified_success,0.234375,0.0234375,0.0,381.0,0.9310001041740179,ok,"{""block_size_schedule"": [8, 16, 32, 64], ""mapping"": ""gray"", ""num_passes"": 6, ""permutation_mode"": ""seeded_random"", ""seed"": 0, ""verify_mode"": ""crc32""}",2.7179999999934807
confirmation,real_typeii_20db_d1024_bw180_blk0:403,real_typeii_20db_d1024_bw180_blk0,403,cascade_lite,d4ddedc4cda55b9c,True,True,True,verified_success,0.3125,0.03125,0.0,398.0,1.1060000397264957,ok,"{""block_size_schedule"": [8, 16, 32, 64], ""mapping"": ""gray"", ""num_passes"": 6, ""permutation_mode"": ""seeded_random"", ""seed"": 0, ""verify_mode"": ""crc32""}",2.7179999999934807
confirmation,real_typeii_20db_d1024_bw180_blk0:409,real_typeii_20db_d1024_bw180_blk0,409,cascade_lite,d4ddedc4cda55b9c,True,True,True,verified_success,0.3125,0.03125,0.0,392.0,1.0436999145895243,ok,"{""block_size_schedule"": [8, 16, 32, 64], ""mapping"": ""gray"", ""num_passes"": 6, ""permutation_mode"": ""seeded_random"", ""seed"": 0, ""verify_mode"": ""crc32""}",2.7179999999934807
confirmation,real_typeii_20db_d1024_bw180_blk0:413,real_typeii_20db_d1024_bw180_blk0,413,cascade_lite,d4ddedc4cda55b9c,True,True,True,verified_success,0.234375,0.0234375,0.0,377.0,0.9046000195667148,ok,"{""block_size_schedule"": [8, 16, 32, 64], ""mapping"": ""gray"", ""num_passes"": 6, ""permutation_mode"": ""seeded_random"", ""seed"": 0, ""verify_mode"": ""crc32""}",2.7179999999934807
confirmation,real_typeii_20db_d1024_bw180_blk0:423,real_typeii_20db_d1024_bw180_blk0,423,cascade_lite,d4ddedc4cda55b9c,True,True,True,verified_success,0.140625,0.0140625,0.0,359.0,0.7357000140473247,ok,"{""block_size_schedule"": [8, 16, 32, 64], ""mapping"": ""gray"", ""num_passes"": 6, ""permutation_mode"": ""seeded_random"", ""seed"": 0, ""verify_mode"": ""crc32""}",2.7179999999934807
confirmation,real_typeii_20db_d1024_bw180_blk0:427,real_typeii_20db_d1024_bw180_blk0,427,cascade_lite,d4ddedc4cda55b9c,True,True,True,verified_success,0.265625,0.0265625,0.0,383.0,0.9851000504568219,ok,"{""block_size_schedule"": [8, 16, 32, 64], ""mapping"": ""gray"", ""num_passes"": 6, ""permutation_mode"": ""seeded_random"", ""seed"": 0, ""verify_mode"": ""crc32""}",2.7179999999934807
confirmation,real_typeii_20db_d1024_bw180_blk0:429,real_typeii_20db_d1024_bw180_blk0,429,cascade_lite,d4ddedc4cda55b9c,True,True,True,verified_success,0.25,0.025,0.0,382.0,0.9501000167801976,ok,"{""block_size_schedule"": [8, 16, 32, 64], ""mapping"": ""gray"", ""num_passes"": 6, ""permutation_mode"": ""seeded_random"", ""seed"": 0, ""verify_mode"": ""crc32""}",2.7179999999934807
confirmation,real_typeii_20db_d1024_bw180_blk0:435,real_typeii_20db_d1024_bw180_blk0,435,cascade_lite,d4ddedc4cda55b9c,True,True,True,verified_success,0.203125,0.0203125,0.0,371.0,0.9434000821784139,ok,"{""block_size_schedule"": [8, 16, 32, 64], ""mapping"": ""gray"", ""num_passes"": 6, ""permutation_mode"": ""seeded_random"", ""seed"": 0, ""verify_mode"": ""crc32""}",2.7179999999934807
confirmation,real_typeii_20db_d1024_bw180_blk0:439,real_typeii_20db_d1024_bw180_blk0,439,cascade_lite,d4ddedc4cda55b9c,True,True,True,verified_success,0.28125,0.028125,0.0,390.0,1.0222999844700098,ok,"{""block_size_schedule"": [8, 16, 32, 64], ""mapping"": ""gray"", ""num_passes"": 6, ""permutation_mode"": ""seeded_random"", ""seed"": 0, ""verify_mode"": ""crc32""}",2.7179999999934807
confirmation,real_typeii_20db_d1024_bw180_blk0:444,real_typeii_20db_d1024_bw180_blk0,444,cascade_lite,d4ddedc4cda55b9c,True,True,True,verified_success,0.234375,0.0234375,0.0,381.0,0.8971000788733363,ok,"{""block_size_schedule"": [8, 16, 32, 64], ""mapping"": ""gray"", ""num_passes"": 6, ""permutation_mode"": ""seeded_random"", ""seed"": 0, ""verify_mode"": ""crc32""}",2.7179999999934807
confirmation,real_typeii_20db_d1024_bw180_blk0:17,real_typeii_20db_d1024_bw180_blk0,17,layered_ldpc_lite,aba3831a00b29f3a,False,False,False,decode_failed,0.34375,0.034375,0.34375,462.0,5.885299993678927,ok,"{""bitplane_rate_mode"": ""uniform"", ""bp_method"": ""minimum_sum"", ""column_weight"": 3, ""ldpc_seed"": 20260428, ""llr_mode"": ""empirical_bitplane"", ""mapping"": ""gray"", ""max_iter"": 50, ""osd_order"": 0, ""parity_fraction"": 0.67}",3.187000000034459
confirmation,real_typeii_20db_d1024_bw180_blk0:24,real_typeii_20db_d1024_bw180_blk0,24,layered_ldpc_lite,aba3831a00b29f3a,False,False,False,decode_failed,0.25,0.025,0.25,462.0,7.054900052025914,ok,"{""bitplane_rate_mode"": ""uniform"", ""bp_method"": ""minimum_sum"", ""column_weight"": 3, ""ldpc_seed"": 20260428, ""llr_mode"": ""empirical_bitplane"", ""mapping"": ""gray"", ""max_iter"": 50, ""osd_order"": 0, ""parity_fraction"": 0.67}",3.187000000034459
confirmation,real_typeii_20db_d1024_bw180_blk0:33,real_typeii_20db_d1024_bw180_blk0,33,layered_ldpc_lite,aba3831a00b29f3a,False,False,False,decode_failed,0.296875,0.0296875,0.296875,462.0,8.400300052016973,ok,"{""bitplane_rate_mode"": ""uniform"", ""bp_method"": ""minimum_sum"", ""column_weight"": 3, ""ldpc_seed"": 20260428, ""llr_mode"": ""empirical_bitplane"", ""mapping"": ""gray"", ""max_iter"": 50, ""osd_order"": 0, ""parity_fraction"": 0.67}",3.187000000034459
confirmation,real_typeii_20db_d1024_bw180_blk0:34,real_typeii_20db_d1024_bw180_blk0,34,layered_ldpc_lite,aba3831a00b29f3a,False,False,False,decode_failed,0.265625,0.0265625,0.265625,462.0,8.22719989810139,ok,"{""bitplane_rate_mode"": ""uniform"", ""bp_method"": ""minimum_sum"", ""column_weight"": 3, ""ldpc_seed"": 20260428, ""llr_mode"": ""empirical_bitplane"", ""mapping"": ""gray"", ""max_iter"": 50, ""osd_order"": 0, ""parity_fraction"": 0.67}",3.187000000034459
confirmation,real_typeii_20db_d1024_bw180_blk0:37,real_typeii_20db_d1024_bw180_blk0,37,layered_ldpc_lite,aba3831a00b29f3a,False,False,False,decode_failed,0.1875,0.01875,0.1875,462.0,8.597600040957332,ok,"{""bitplane_rate_mode"": ""uniform"", ""bp_method"": ""minimum_sum"", ""column_weight"": 3, ""ldpc_seed"": 20260428, ""llr_mode"": ""empirical_bitplane"", ""mapping"": ""gray"", ""max_iter"": 50, ""osd_order"": 0, ""parity_fraction"": 0.67}",3.187000000034459
confirmation,real_typeii_20db_d1024_bw180_blk0:52,real_typeii_20db_d1024_bw180_blk0,52,layered_ldpc_lite,aba3831a00b29f3a,True,True,True,verified_success,0.25,0.025,0.0,462.0,6.136100040748715,ok,"{""bitplane_rate_mode"": ""uniform"", ""bp_method"": ""minimum_sum"", ""column_weight"": 3, ""ldpc_seed"": 20260428, ""llr_mode"": ""empirical_bitplane"", ""mapping"": ""gray"", ""max_iter"": 50, ""osd_order"": 0, ""parity_fraction"": 0.67}",3.187000000034459
confirmation,real_typeii_20db_d1024_bw180_blk0:63,real_typeii_20db_d1024_bw180_blk0,63,layered_ldpc_lite,aba3831a00b29f3a,False,False,False,decode_failed,0.21875,0.021875,0.21875,462.0,6.327199982479215,ok,"{""bitplane_rate_mode"": ""uniform"", ""bp_method"": ""minimum_sum"", ""column_weight"": 3, ""ldpc_seed"": 20260428, ""llr_mode"": ""empirical_bitplane"", ""mapping"": ""gray"", ""max_iter"": 50, ""osd_order"": 0, ""parity_fraction"": 0.67}",3.187000000034459
confirmation,real_typeii_20db_d1024_bw180_blk0:91,real_typeii_20db_d1024_bw180_blk0,91,layered_ldpc_lite,aba3831a00b29f3a,False,False,False,decode_failed,0.21875,0.021875,0.21875,462.0,6.216199952177703,ok,"{""bitplane_rate_mode"": ""uniform"", ""bp_method"": ""minimum_sum"", ""column_weight"": 3, ""ldpc_seed"": 20260428, ""llr_mode"": ""empirical_bitplane"", ""mapping"": ""gray"", ""max_iter"": 50, ""osd_order"": 0, ""parity_fraction"": 0.67}",3.187000000034459
confirmation,real_typeii_20db_d1024_bw180_blk0:97,real_typeii_20db_d1024_bw180_blk0,97,layered_ldpc_lite,aba3831a00b29f3a,False,False,False,decode_failed,0.28125,0.028125,0.28125,462.0,5.731399985961616,ok,"{""bitplane_rate_mode"": ""uniform"", ""bp_method"": ""minimum_sum"", ""column_weight"": 3, ""ldpc_seed"": 20260428, ""llr_mode"": ""empirical_bitplane"", ""mapping"": ""gray"", ""max_iter"": 50, ""osd_order"": 0, ""parity_fraction"": 0.67}",3.187000000034459
confirmation,real_typeii_20db_d1024_bw180_blk0:100,real_typeii_20db_d1024_bw180_blk0,100,layered_ldpc_lite,aba3831a00b29f3a,False,False,False,decode_failed,0.25,0.025,0.25,462.0,5.7830000296235085,ok,"{""bitplane_rate_mode"": ""uniform"", ""bp_method"": ""minimum_sum"", ""column_weight"": 3, ""ldpc_seed"": 20260428, ""llr_mode"": ""empirical_bitplane"", ""mapping"": ""gray"", ""max_iter"": 50, ""osd_order"": 0, ""parity_fraction"": 0.67}",3.187000000034459
confirmation,real_typeii_20db_d1024_bw180_blk0:101,real_typeii_20db_d1024_bw180_blk0,101,layered_ldpc_lite,aba3831a00b29f3a,False,False,False,decode_failed,0.265625,0.0265625,0.265625,462.0,5.512099945917726,ok,"{""bitplane_rate_mode"": ""uniform"", ""bp_method"": ""minimum_sum"", ""column_weight"": 3, ""ldpc_seed"": 20260428, ""llr_mode"": ""empirical_bitplane"", ""mapping"": ""gray"", ""max_iter"": 50, ""osd_order"": 0, ""parity_fraction"": 0.67}",3.187000000034459
confirmation,real_typeii_20db_d1024_bw180_blk0:105,real_typeii_20db_d1024_bw180_blk0,105,layered_ldpc_lite,aba3831a00b29f3a,False,False,False,decode_failed,0.265625,0.0265625,0.265625,462.0,5.378499976359308,ok,"{""bitplane_rate_mode"": ""uniform"", ""bp_method"": ""minimum_sum"", ""column_weight"": 3, ""ldpc_seed"": 20260428, ""llr_mode"": ""empirical_bitplane"", ""mapping"": ""gray"", ""max_iter"": 50, ""osd_order"": 0, ""parity_fraction"": 0.67}",3.187000000034459
confirmation,real_typeii_20db_d1024_bw180_blk0:111,real_typeii_20db_d1024_bw180_blk0,111,layered_ldpc_lite,aba3831a00b29f3a,False,False,False,decode_failed,0.1875,0.01875,0.1875,462.0,5.4293000139296055,ok,"{""bitplane_rate_mode"": ""uniform"", ""bp_method"": ""minimum_sum"", ""column_weight"": 3, ""ldpc_seed"": 20260428, ""llr_mode"": ""empirical_bitplane"", ""mapping"": ""gray"", ""max_iter"": 50, ""osd_order"": 0, ""parity_fraction"": 0.67}",3.187000000034459
confirmation,real_typeii_20db_d1024_bw180_blk0:118,real_typeii_20db_d1024_bw180_blk0,118,layered_ldpc_lite,aba3831a00b29f3a,False,False,False,decode_failed,0.171875,0.0171875,0.171875,462.0,7.0238999323919415,ok,"{""bitplane_rate_mode"": ""uniform"", ""bp_method"": ""minimum_sum"", ""column_weight"": 3, ""ldpc_seed"": 20260428, ""llr_mode"": ""empirical_bitplane"", ""mapping"": ""gray"", ""max_iter"": 50, ""osd_order"": 0, ""parity_fraction"": 0.67}",3.187000000034459
confirmation,real_typeii_20db_d1024_bw180_blk0:122,real_typeii_20db_d1024_bw180_blk0,122,layered_ldpc_lite,aba3831a00b29f3a,False,False,False,decode_failed,0.203125,0.0203125,0.203125,462.0,5.447399918921292,ok,"{""bitplane_rate_mode"": ""uniform"", ""bp_method"": ""minimum_sum"", ""column_weight"": 3, ""ldpc_seed"": 20260428, ""llr_mode"": ""empirical_bitplane"", ""mapping"": ""gray"", ""max_iter"": 50, ""osd_order"": 0, ""parity_fraction"": 0.67}",3.187000000034459
confirmation,real_typeii_20db_d1024_bw180_blk0:139,real_typeii_20db_d1024_bw180_blk0,139,layered_ldpc_lite,aba3831a00b29f3a,False,False,False,decode_failed,0.25,0.025,0.25,462.0,5.4911000188440084,ok,"{""bitplane_rate_mode"": ""uniform"", ""bp_method"": ""minimum_sum"", ""column_weight"": 3, ""ldpc_seed"": 20260428, ""llr_mode"": ""empirical_bitplane"", ""mapping"": ""gray"", ""max_iter"": 50, ""osd_order"": 0, ""parity_fraction"": 0.67}",3.187000000034459
confirmation,real_typeii_20db_d1024_bw180_blk0:146,real_typeii_20db_d1024_bw180_blk0,146,layered_ldpc_lite,aba3831a00b29f3a,False,False,False,decode_failed,0.28125,0.028125,0.28125,462.0,5.4425999987870455,ok,"{""bitplane_rate_mode"": ""uniform"", ""bp_method"": ""minimum_sum"", ""column_weight"": 3, ""ldpc_seed"": 20260428, ""llr_mode"": ""empirical_bitplane"", ""mapping"": ""gray"", ""max_iter"": 50, ""osd_order"": 0, ""parity_fraction"": 0.67}",3.187000000034459
confirmation,real_typeii_20db_d1024_bw180_blk0:151,real_typeii_20db_d1024_bw180_blk0,151,layered_ldpc_lite,aba3831a00b29f3a,False,False,False,decode_failed,0.21875,0.021875,0.21875,462.0,5.352399894036353,ok,"{""bitplane_rate_mode"": ""uniform"", ""bp_method"": ""minimum_sum"", ""column_weight"": 3, ""ldpc_seed"": 20260428, ""llr_mode"": ""empirical_bitplane"", ""mapping"": ""gray"", ""max_iter"": 50, ""osd_order"": 0, ""parity_fraction"": 0.67}",3.187000000034459
confirmation,real_typeii_20db_d1024_bw180_blk0:157,real_typeii_20db_d1024_bw180_blk0,157,layered_ldpc_lite,aba3831a00b29f3a,True,True,True,verified_success,0.203125,0.0203125,0.0,462.0,5.759599967859685,ok,"{""bitplane_rate_mode"": ""uniform"", ""bp_method"": ""minimum_sum"", ""column_weight"": 3, ""ldpc_seed"": 20260428, ""llr_mode"": ""empirical_bitplane"", ""mapping"": ""gray"", ""max_iter"": 50, ""osd_order"": 0, ""parity_fraction"": 0.67}",3.187000000034459
confirmation,real_typeii_20db_d1024_bw180_blk0:162,real_typeii_20db_d1024_bw180_blk0,162,layered_ldpc_lite,aba3831a00b29f3a,True,True,True,verified_success,0.25,0.025,0.0,462.0,7.593399961479008,ok,"{""bitplane_rate_mode"": ""uniform"", ""bp_method"": ""minimum_sum"", ""column_weight"": 3, ""ldpc_seed"": 20260428, ""llr_mode"": ""empirical_bitplane"", ""mapping"": ""gray"", ""max_iter"": 50, ""osd_order"": 0, ""parity_fraction"": 0.67}",3.187000000034459
confirmation,real_typeii_20db_d1024_bw180_blk0:168,real_typeii_20db_d1024_bw180_blk0,168,layered_ldpc_lite,aba3831a00b29f3a,False,False,False,decode_failed,0.296875,0.0296875,0.296875,462.0,9.324499987997115,ok,"{""bitplane_rate_mode"": ""uniform"", ""bp_method"": ""minimum_sum"", ""column_weight"": 3, ""ldpc_seed"": 20260428, ""llr_mode"": ""empirical_bitplane"", ""mapping"": ""gray"", ""max_iter"": 50, ""osd_order"": 0, ""parity_fraction"": 0.67}",3.187000000034459
confirmation,real_typeii_20db_d1024_bw180_blk0:170,real_typeii_20db_d1024_bw180_blk0,170,layered_ldpc_lite,aba3831a00b29f3a,False,False,False,decode_failed,0.234375,0.0234375,0.234375,462.0,8.612900041043758,ok,"{""bitplane_rate_mode"": ""uniform"", ""bp_method"": ""minimum_sum"", ""column_weight"": 3, ""ldpc_seed"": 20260428, ""llr_mode"": ""empirical_bitplane"", ""mapping"": ""gray"", ""max_iter"": 50, ""osd_order"": 0, ""parity_fraction"": 0.67}",3.187000000034459
confirmation,real_typeii_20db_d1024_bw180_blk0:197,real_typeii_20db_d1024_bw180_blk0,197,layered_ldpc_lite,aba3831a00b29f3a,False,False,False,decode_failed,0.203125,0.0203125,0.203125,462.0,8.219100069254637,ok,"{""bitplane_rate_mode"": ""uniform"", ""bp_method"": ""minimum_sum"", ""column_weight"": 3, ""ldpc_seed"": 20260428, ""llr_mode"": ""empirical_bitplane"", ""mapping"": ""gray"", ""max_iter"": 50, ""osd_order"": 0, ""parity_fraction"": 0.67}",3.187000000034459
confirmation,real_typeii_20db_d1024_bw180_blk0:200,real_typeii_20db_d1024_bw180_blk0,200,layered_ldpc_lite,aba3831a00b29f3a,False,False,False,decode_failed,0.203125,0.0203125,0.203125,462.0,8.518700022250414,ok,"{""bitplane_rate_mode"": ""uniform"", ""bp_method"": ""minimum_sum"", ""column_weight"": 3, ""ldpc_seed"": 20260428, ""llr_mode"": ""empirical_bitplane"", ""mapping"": ""gray"", ""max_iter"": 50, ""osd_order"": 0, ""parity_fraction"": 0.67}",3.187000000034459
confirmation,real_typeii_20db_d1024_bw180_blk0:204,real_typeii_20db_d1024_bw180_blk0,204,layered_ldpc_lite,aba3831a00b29f3a,False,False,False,decode_failed,0.28125,0.028125,0.28125,462.0,8.745400002226233,ok,"{""bitplane_rate_mode"": ""uniform"", ""bp_method"": ""minimum_sum"", ""column_weight"": 3, ""ldpc_seed"": 20260428, ""llr_mode"": ""empirical_bitplane"", ""mapping"": ""gray"", ""max_iter"": 50, ""osd_order"": 0, ""parity_fraction"": 0.67}",3.187000000034459
confirmation,real_typeii_20db_d1024_bw180_blk0:207,real_typeii_20db_d1024_bw180_blk0,207,layered_ldpc_lite,aba3831a00b29f3a,False,False,False,decode_failed,0.171875,0.0171875,0.171875,462.0,8.913800003938377,ok,"{""bitplane_rate_mode"": ""uniform"", ""bp_method"": ""minimum_sum"", ""column_weight"": 3, ""ldpc_seed"": 20260428, ""llr_mode"": ""empirical_bitplane"", ""mapping"": ""gray"", ""max_iter"": 50, ""osd_order"": 0, ""parity_fraction"": 0.67}",3.187000000034459
confirmation,real_typeii_20db_d1024_bw180_blk0:210,real_typeii_20db_d1024_bw180_blk0,210,layered_ldpc_lite,aba3831a00b29f3a,True,True,True,verified_success,0.15625,0.015625,0.0,462.0,7.830500020645559,ok,"{""bitplane_rate_mode"": ""uniform"", ""bp_method"": ""minimum_sum"", ""column_weight"": 3, ""ldpc_seed"": 20260428, ""llr_mode"": ""empirical_bitplane"", ""mapping"": ""gray"", ""max_iter"": 50, ""osd_order"": 0, ""parity_fraction"": 0.67}",3.187000000034459
confirmation,real_typeii_20db_d1024_bw180_blk0:212,real_typeii_20db_d1024_bw180_blk0,212,layered_ldpc_lite,aba3831a00b29f3a,True,True,True,verified_success,0.15625,0.015625,0.0,462.0,8.114499971270561,ok,"{""bitplane_rate_mode"": ""uniform"", ""bp_method"": ""minimum_sum"", ""column_weight"": 3, ""ldpc_seed"": 20260428, ""llr_mode"": ""empirical_bitplane"", ""mapping"": ""gray"", ""max_iter"": 50, ""osd_order"": 0, ""parity_fraction"": 0.67}",3.187000000034459
confirmation,real_typeii_20db_d1024_bw180_blk0:215,real_typeii_20db_d1024_bw180_blk0,215,layered_ldpc_lite,aba3831a00b29f3a,False,False,False,decode_failed,0.21875,0.021875,0.21875,462.0,8.75919999089092,ok,"{""bitplane_rate_mode"": ""uniform"", ""bp_method"": ""minimum_sum"", ""column_weight"": 3, ""ldpc_seed"": 20260428, ""llr_mode"": ""empirical_bitplane"", ""mapping"": ""gray"", ""max_iter"": 50, ""osd_order"": 0, ""parity_fraction"": 0.67}",3.187000000034459
confirmation,real_typeii_20db_d1024_bw180_blk0:216,real_typeii_20db_d1024_bw180_blk0,216,layered_ldpc_lite,aba3831a00b29f3a,False,False,False,decode_failed,0.3125,0.03125,0.3125,462.0,8.62900004722178,ok,"{""bitplane_rate_mode"": ""uniform"", ""bp_method"": ""minimum_sum"", ""column_weight"": 3, ""ldpc_seed"": 20260428, ""llr_mode"": ""empirical_bitplane"", ""mapping"": ""gray"", ""max_iter"": 50, ""osd_order"": 0, ""parity_fraction"": 0.67}",3.187000000034459
confirmation,real_typeii_20db_d1024_bw180_blk0:224,real_typeii_20db_d1024_bw180_blk0,224,layered_ldpc_lite,aba3831a00b29f3a,False,False,False,decode_failed,0.234375,0.0234375,0.234375,462.0,8.357299957424402,ok,"{""bitplane_rate_mode"": ""uniform"", ""bp_method"": ""minimum_sum"", ""column_weight"": 3, ""ldpc_seed"": 20260428, ""llr_mode"": ""empirical_bitplane"", ""mapping"": ""gray"", ""max_iter"": 50, ""osd_order"": 0, ""parity_fraction"": 0.67}",3.187000000034459
confirmation,real_typeii_20db_d1024_bw180_blk0:230,real_typeii_20db_d1024_bw180_blk0,230,layered_ldpc_lite,aba3831a00b29f3a,False,False,False,decode_failed,0.15625,0.015625,0.15625,462.0,8.191399974748492,ok,"{""bitplane_rate_mode"": ""uniform"", ""bp_method"": ""minimum_sum"", ""column_weight"": 3, ""ldpc_seed"": 20260428, ""llr_mode"": ""empirical_bitplane"", ""mapping"": ""gray"", ""max_iter"": 50, ""osd_order"": 0, ""parity_fraction"": 0.67}",3.187000000034459
confirmation,real_typeii_20db_d1024_bw180_blk0:261,real_typeii_20db_d1024_bw180_blk0,261,layered_ldpc_lite,aba3831a00b29f3a,False,False,False,decode_failed,0.25,0.025,0.25,462.0,7.8362999483942986,ok,"{""bitplane_rate_mode"": ""uniform"", ""bp_method"": ""minimum_sum"", ""column_weight"": 3, ""ldpc_seed"": 20260428, ""llr_mode"": ""empirical_bitplane"", ""mapping"": ""gray"", ""max_iter"": 50, ""osd_order"": 0, ""parity_fraction"": 0.67}",3.187000000034459
confirmation,real_typeii_20db_d1024_bw180_blk0:273,real_typeii_20db_d1024_bw180_blk0,273,layered_ldpc_lite,aba3831a00b29f3a,False,False,False,decode_failed,0.296875,0.0296875,0.296875,462.0,6.186799961142242,ok,"{""bitplane_rate_mode"": ""uniform"", ""bp_method"": ""minimum_sum"", ""column_weight"": 3, ""ldpc_seed"": 20260428, ""llr_mode"": ""empirical_bitplane"", ""mapping"": ""gray"", ""max_iter"": 50, ""osd_order"": 0, ""parity_fraction"": 0.67}",3.187000000034459
confirmation,real_typeii_20db_d1024_bw180_blk0:274,real_typeii_20db_d1024_bw180_blk0,274,layered_ldpc_lite,aba3831a00b29f3a,False,False,False,decode_failed,0.25,0.025,0.25,462.0,8.705199928954244,ok,"{""bitplane_rate_mode"": ""uniform"", ""bp_method"": ""minimum_sum"", ""column_weight"": 3, ""ldpc_seed"": 20260428, ""llr_mode"": ""empirical_bitplane"", ""mapping"": ""gray"", ""max_iter"": 50, ""osd_order"": 0, ""parity_fraction"": 0.67}",3.187000000034459
confirmation,real_typeii_20db_d1024_bw180_blk0:283,real_typeii_20db_d1024_bw180_blk0,283,layered_ldpc_lite,aba3831a00b29f3a,False,False,False,decode_failed,0.171875,0.0171875,0.171875,462.0,8.335300022736192,ok,"{""bitplane_rate_mode"": ""uniform"", ""bp_method"": ""minimum_sum"", ""column_weight"": 3, ""ldpc_seed"": 20260428, ""llr_mode"": ""empirical_bitplane"", ""mapping"": ""gray"", ""max_iter"": 50, ""osd_order"": 0, ""parity_fraction"": 0.67}",3.187000000034459
confirmation,real_typeii_20db_d1024_bw180_blk0:291,real_typeii_20db_d1024_bw180_blk0,291,layered_ldpc_lite,aba3831a00b29f3a,False,False,False,decode_failed,0.265625,0.0265625,0.265625,462.0,8.275700034573674,ok,"{""bitplane_rate_mode"": ""uniform"", ""bp_method"": ""minimum_sum"", ""column_weight"": 3, ""ldpc_seed"": 20260428, ""llr_mode"": ""empirical_bitplane"", ""mapping"": ""gray"", ""max_iter"": 50, ""osd_order"": 0, ""parity_fraction"": 0.67}",3.187000000034459
confirmation,real_typeii_20db_d1024_bw180_blk0:296,real_typeii_20db_d1024_bw180_blk0,296,layered_ldpc_lite,aba3831a00b29f3a,False,False,False,decode_failed,0.234375,0.0234375,0.234375,462.0,8.11179995071143,ok,"{""bitplane_rate_mode"": ""uniform"", ""bp_method"": ""minimum_sum"", ""column_weight"": 3, ""ldpc_seed"": 20260428, ""llr_mode"": ""empirical_bitplane"", ""mapping"": ""gray"", ""max_iter"": 50, ""osd_order"": 0, ""parity_fraction"": 0.67}",3.187000000034459
confirmation,real_typeii_20db_d1024_bw180_blk0:300,real_typeii_20db_d1024_bw180_blk0,300,layered_ldpc_lite,aba3831a00b29f3a,False,False,False,decode_failed,0.296875,0.0296875,0.296875,462.0,8.886500028893352,ok,"{""bitplane_rate_mode"": ""uniform"", ""bp_method"": ""minimum_sum"", ""column_weight"": 3, ""ldpc_seed"": 20260428, ""llr_mode"": ""empirical_bitplane"", ""mapping"": ""gray"", ""max_iter"": 50, ""osd_order"": 0, ""parity_fraction"": 0.67}",3.187000000034459
confirmation,real_typeii_20db_d1024_bw180_blk0:302,real_typeii_20db_d1024_bw180_blk0,302,layered_ldpc_lite,aba3831a00b29f3a,False,False,False,decode_failed,0.28125,0.028125,0.28125,462.0,9.056100039742887,ok,"{""bitplane_rate_mode"": ""uniform"", ""bp_method"": ""minimum_sum"", ""column_weight"": 3, ""ldpc_seed"": 20260428, ""llr_mode"": ""empirical_bitplane"", ""mapping"": ""gray"", ""max_iter"": 50, ""osd_order"": 0, ""parity_fraction"": 0.67}",3.187000000034459
confirmation,real_typeii_20db_d1024_bw180_blk0:312,real_typeii_20db_d1024_bw180_blk0,312,layered_ldpc_lite,aba3831a00b29f3a,True,True,True,verified_success,0.21875,0.021875,0.0,462.0,8.055699989199638,ok,"{""bitplane_rate_mode"": ""uniform"", ""bp_method"": ""minimum_sum"", ""column_weight"": 3, ""ldpc_seed"": 20260428, ""llr_mode"": ""empirical_bitplane"", ""mapping"": ""gray"", ""max_iter"": 50, ""osd_order"": 0, ""parity_fraction"": 0.67}",3.187000000034459
confirmation,real_typeii_20db_d1024_bw180_blk0:324,real_typeii_20db_d1024_bw180_blk0,324,layered_ldpc_lite,aba3831a00b29f3a,True,True,True,verified_success,0.234375,0.0234375,0.0,462.0,8.56980006210506,ok,"{""bitplane_rate_mode"": ""uniform"", ""bp_method"": ""minimum_sum"", ""column_weight"": 3, ""ldpc_seed"": 20260428, ""llr_mode"": ""empirical_bitplane"", ""mapping"": ""gray"", ""max_iter"": 50, ""osd_order"": 0, ""parity_fraction"": 0.67}",3.187000000034459
confirmation,real_typeii_20db_d1024_bw180_blk0:325,real_typeii_20db_d1024_bw180_blk0,325,layered_ldpc_lite,aba3831a00b29f3a,True,True,True,verified_success,0.265625,0.0265625,0.0,462.0,8.464499958790839,ok,"{""bitplane_rate_mode"": ""uniform"", ""bp_method"": ""minimum_sum"", ""column_weight"": 3, ""ldpc_seed"": 20260428, ""llr_mode"": ""empirical_bitplane"", ""mapping"": ""gray"", ""max_iter"": 50, ""osd_order"": 0, ""parity_fraction"": 0.67}",3.187000000034459
confirmation,real_typeii_20db_d1024_bw180_blk0:341,real_typeii_20db_d1024_bw180_blk0,341,layered_ldpc_lite,aba3831a00b29f3a,True,True,True,verified_success,0.109375,0.0109375,0.0,462.0,8.398499921895564,ok,"{""bitplane_rate_mode"": ""uniform"", ""bp_method"": ""minimum_sum"", ""column_weight"": 3, ""ldpc_seed"": 20260428, ""llr_mode"": ""empirical_bitplane"", ""mapping"": ""gray"", ""max_iter"": 50, ""osd_order"": 0, ""parity_fraction"": 0.67}",3.187000000034459
confirmation,real_typeii_20db_d1024_bw180_blk0:354,real_typeii_20db_d1024_bw180_blk0,354,layered_ldpc_lite,aba3831a00b29f3a,False,False,False,decode_failed,0.234375,0.0234375,0.234375,462.0,8.779500029049814,ok,"{""bitplane_rate_mode"": ""uniform"", ""bp_method"": ""minimum_sum"", ""column_weight"": 3, ""ldpc_seed"": 20260428, ""llr_mode"": ""empirical_bitplane"", ""mapping"": ""gray"", ""max_iter"": 50, ""osd_order"": 0, ""parity_fraction"": 0.67}",3.187000000034459
confirmation,real_typeii_20db_d1024_bw180_blk0:357,real_typeii_20db_d1024_bw180_blk0,357,layered_ldpc_lite,aba3831a00b29f3a,False,False,False,decode_failed,0.234375,0.0234375,0.234375,462.0,9.237300022505224,ok,"{""bitplane_rate_mode"": ""uniform"", ""bp_method"": ""minimum_sum"", ""column_weight"": 3, ""ldpc_seed"": 20260428, ""llr_mode"": ""empirical_bitplane"", ""mapping"": ""gray"", ""max_iter"": 50, ""osd_order"": 0, ""parity_fraction"": 0.67}",3.187000000034459
confirmation,real_typeii_20db_d1024_bw180_blk0:360,real_typeii_20db_d1024_bw180_blk0,360,layered_ldpc_lite,aba3831a00b29f3a,False,False,False,decode_failed,0.28125,0.028125,0.28125,462.0,8.88370000757277,ok,"{""bitplane_rate_mode"": ""uniform"", ""bp_method"": ""minimum_sum"", ""column_weight"": 3, ""ldpc_seed"": 20260428, ""llr_mode"": ""empirical_bitplane"", ""mapping"": ""gray"", ""max_iter"": 50, ""osd_order"": 0, ""parity_fraction"": 0.67}",3.187000000034459
confirmation,real_typeii_20db_d1024_bw180_blk0:366,real_typeii_20db_d1024_bw180_blk0,366,layered_ldpc_lite,aba3831a00b29f3a,False,False,False,decode_failed,0.25,0.025,0.25,462.0,8.23190005030483,ok,"{""bitplane_rate_mode"": ""uniform"", ""bp_method"": ""minimum_sum"", ""column_weight"": 3, ""ldpc_seed"": 20260428, ""llr_mode"": ""empirical_bitplane"", ""mapping"": ""gray"", ""max_iter"": 50, ""osd_order"": 0, ""parity_fraction"": 0.67}",3.187000000034459
confirmation,real_typeii_20db_d1024_bw180_blk0:396,real_typeii_20db_d1024_bw180_blk0,396,layered_ldpc_lite,aba3831a00b29f3a,False,False,False,decode_failed,0.28125,0.028125,0.28125,462.0,8.442099904641509,ok,"{""bitplane_rate_mode"": ""uniform"", ""bp_method"": ""minimum_sum"", ""column_weight"": 3, ""ldpc_seed"": 20260428, ""llr_mode"": ""empirical_bitplane"", ""mapping"": ""gray"", ""max_iter"": 50, ""osd_order"": 0, ""parity_fraction"": 0.67}",3.187000000034459
confirmation,real_typeii_20db_d1024_bw180_blk0:399,real_typeii_20db_d1024_bw180_blk0,399,layered_ldpc_lite,aba3831a00b29f3a,True,True,True,verified_success,0.171875,0.0171875,0.0,462.0,8.013800019398332,ok,"{""bitplane_rate_mode"": ""uniform"", ""bp_method"": ""minimum_sum"", ""column_weight"": 3, ""ldpc_seed"": 20260428, ""llr_mode"": ""empirical_bitplane"", ""mapping"": ""gray"", ""max_iter"": 50, ""osd_order"": 0, ""parity_fraction"": 0.67}",3.187000000034459
confirmation,real_typeii_20db_d1024_bw180_blk0:401,real_typeii_20db_d1024_bw180_blk0,401,layered_ldpc_lite,aba3831a00b29f3a,False,False,False,decode_failed,0.234375,0.0234375,0.234375,462.0,9.234400000423193,ok,"{""bitplane_rate_mode"": ""uniform"", ""bp_method"": ""minimum_sum"", ""column_weight"": 3, ""ldpc_seed"": 20260428, ""llr_mode"": ""empirical_bitplane"", ""mapping"": ""gray"", ""max_iter"": 50, ""osd_order"": 0, ""parity_fraction"": 0.67}",3.187000000034459
confirmation,real_typeii_20db_d1024_bw180_blk0:403,real_typeii_20db_d1024_bw180_blk0,403,layered_ldpc_lite,aba3831a00b29f3a,False,False,False,decode_failed,0.3125,0.03125,0.3125,462.0,8.44080001115799,ok,"{""bitplane_rate_mode"": ""uniform"", ""bp_method"": ""minimum_sum"", ""column_weight"": 3, ""ldpc_seed"": 20260428, ""llr_mode"": ""empirical_bitplane"", ""mapping"": ""gray"", ""max_iter"": 50, ""osd_order"": 0, ""parity_fraction"": 0.67}",3.187000000034459
confirmation,real_typeii_20db_d1024_bw180_blk0:409,real_typeii_20db_d1024_bw180_blk0,409,layered_ldpc_lite,aba3831a00b29f3a,False,False,False,decode_failed,0.3125,0.03125,0.3125,462.0,8.524499949999154,ok,"{""bitplane_rate_mode"": ""uniform"", ""bp_method"": ""minimum_sum"", ""column_weight"": 3, ""ldpc_seed"": 20260428, ""llr_mode"": ""empirical_bitplane"", ""mapping"": ""gray"", ""max_iter"": 50, ""osd_order"": 0, ""parity_fraction"": 0.67}",3.187000000034459
confirmation,real_typeii_20db_d1024_bw180_blk0:413,real_typeii_20db_d1024_bw180_blk0,413,layered_ldpc_lite,aba3831a00b29f3a,True,True,True,verified_success,0.234375,0.0234375,0.0,462.0,8.093199925497174,ok,"{""bitplane_rate_mode"": ""uniform"", ""bp_method"": ""minimum_sum"", ""column_weight"": 3, ""ldpc_seed"": 20260428, ""llr_mode"": ""empirical_bitplane"", ""mapping"": ""gray"", ""max_iter"": 50, ""osd_order"": 0, ""parity_fraction"": 0.67}",3.187000000034459
confirmation,real_typeii_20db_d1024_bw180_blk0:423,real_typeii_20db_d1024_bw180_blk0,423,layered_ldpc_lite,aba3831a00b29f3a,True,True,True,verified_success,0.140625,0.0140625,0.0,462.0,8.460800047032535,ok,"{""bitplane_rate_mode"": ""uniform"", ""bp_method"": ""minimum_sum"", ""column_weight"": 3, ""ldpc_seed"": 20260428, ""llr_mode"": ""empirical_bitplane"", ""mapping"": ""gray"", ""max_iter"": 50, ""osd_order"": 0, ""parity_fraction"": 0.67}",3.187000000034459
confirmation,real_typeii_20db_d1024_bw180_blk0:427,real_typeii_20db_d1024_bw180_blk0,427,layered_ldpc_lite,aba3831a00b29f3a,True,True,True,verified_success,0.265625,0.0265625,0.0,462.0,8.41870007570833,ok,"{""bitplane_rate_mode"": ""uniform"", ""bp_method"": ""minimum_sum"", ""column_weight"": 3, ""ldpc_seed"": 20260428, ""llr_mode"": ""empirical_bitplane"", ""mapping"": ""gray"", ""max_iter"": 50, ""osd_order"": 0, ""parity_fraction"": 0.67}",3.187000000034459
confirmation,real_typeii_20db_d1024_bw180_blk0:429,real_typeii_20db_d1024_bw180_blk0,429,layered_ldpc_lite,aba3831a00b29f3a,False,False,False,decode_failed,0.25,0.025,0.25,462.0,8.150500012561679,ok,"{""bitplane_rate_mode"": ""uniform"", ""bp_method"": ""minimum_sum"", ""column_weight"": 3, ""ldpc_seed"": 20260428, ""llr_mode"": ""empirical_bitplane"", ""mapping"": ""gray"", ""max_iter"": 50, ""osd_order"": 0, ""parity_fraction"": 0.67}",3.187000000034459
confirmation,real_typeii_20db_d1024_bw180_blk0:435,real_typeii_20db_d1024_bw180_blk0,435,layered_ldpc_lite,aba3831a00b29f3a,False,False,False,decode_failed,0.203125,0.0203125,0.203125,462.0,7.822899962775409,ok,"{""bitplane_rate_mode"": ""uniform"", ""bp_method"": ""minimum_sum"", ""column_weight"": 3, ""ldpc_seed"": 20260428, ""llr_mode"": ""empirical_bitplane"", ""mapping"": ""gray"", ""max_iter"": 50, ""osd_order"": 0, ""parity_fraction"": 0.67}",3.187000000034459
confirmation,real_typeii_20db_d1024_bw180_blk0:439,real_typeii_20db_d1024_bw180_blk0,439,layered_ldpc_lite,aba3831a00b29f3a,False,False,False,decode_failed,0.28125,0.028125,0.28125,462.0,6.151000037789345,ok,"{""bitplane_rate_mode"": ""uniform"", ""bp_method"": ""minimum_sum"", ""column_weight"": 3, ""ldpc_seed"": 20260428, ""llr_mode"": ""empirical_bitplane"", ""mapping"": ""gray"", ""max_iter"": 50, ""osd_order"": 0, ""parity_fraction"": 0.67}",3.187000000034459
confirmation,real_typeii_20db_d1024_bw180_blk0:444,real_typeii_20db_d1024_bw180_blk0,444,layered_ldpc_lite,aba3831a00b29f3a,False,False,False,decode_failed,0.234375,0.0234375,0.234375,462.0,5.6192000629380345,ok,"{""bitplane_rate_mode"": ""uniform"", ""bp_method"": ""minimum_sum"", ""column_weight"": 3, ""ldpc_seed"": 20260428, ""llr_mode"": ""empirical_bitplane"", ""mapping"": ""gray"", ""max_iter"": 50, ""osd_order"": 0, ""parity_fraction"": 0.67}",3.187000000034459
