dataset_id,method,frame_idx,decode_success,verify_success,raw_frame_ser,raw_frame_ber,post_frame_ser,post_frame_ber,leak_bits_frame,iterations_used,runtime_ms,syndrome_bits_frame,verification_bits_frame,other_disclosures_bits,parity_fraction,h_rows,h_cols,h_density,mapping,llr_mode,bitplane_rate_mode,bitplane_raw_ber_list,bitplane_success_list,estimated_error_rate,osd_order,bp_method,max_iter,fallback_to_raw_bob,failure_reason,dimension,bin_width_ps,data_mode,frame_cap,param_hash
real_typeii_20db_d1024_bw180_blk0,layered_ldpc_lite,0,False,False,0.234375,0.0234375,0.234375,0.0234375,892.0,106,673.6590000218712,860,32,0,0.67,86,128,0.035065406976744186,gray,bsc_estimated,uniform,"[0.0, 0.0, 0.0, 0.0078125, 0.0, 0.0, 0.0078125, 0.0234375, 0.0625, 0.1328125]","[True, True, True, True, True, True, True, True, True, True]",0.0234375,0,minimum_sum,50,True,candidate_failed_verification,1024,180,real_data,4,f3f67ce02bdd88ce
real_typeii_20db_d1024_bw180_blk0,layered_ldpc_lite,1,False,False,0.21875,0.021875,0.21875,0.021875,892.0,63,348.43429998727515,860,32,0,0.67,86,128,0.035065406976744186,gray,bsc_estimated,uniform,"[0.0, 0.0, 0.0, 0.015625, 0.015625, 0.0078125, 0.015625, 0.015625, 0.0390625, 0.109375]","[True, True, True, True, True, True, True, True, True, True]",0.021875,0,minimum_sum,50,True,candidate_failed_verification,1024,180,real_data,4,f3f67ce02bdd88ce
real_typeii_20db_d1024_bw180_blk0,layered_ldpc_lite,2,False,False,0.296875,0.0296875,0.296875,0.0296875,892.0,156,346.4938999968581,860,32,0,0.67,86,128,0.035065406976744186,gray,bsc_estimated,uniform,"[0.0, 0.0078125, 0.0, 0.0078125, 0.0078125, 0.0, 0.0234375, 0.0703125, 0.078125, 0.1015625]","[True, True, True, True, True, True, True, True, True, True]",0.0296875,0,minimum_sum,50,True,candidate_failed_verification,1024,180,real_data,4,f3f67ce02bdd88ce
real_typeii_20db_d1024_bw180_blk0,layered_ldpc_lite,3,False,False,0.28125,0.028125,0.28125,0.028125,892.0,106,376.6730000206735,860,32,0,0.67,86,128,0.035065406976744186,gray,bsc_estimated,uniform,"[0.0, 0.0, 0.0078125, 0.0, 0.0, 0.0, 0.0078125, 0.0390625, 0.0625, 0.1640625]","[True, True, True, True, True, True, True, True, True, True]",0.028125,0,minimum_sum,50,True,candidate_failed_verification,1024,180,real_data,4,f3f67ce02bdd88ce
real_typeii_20db_d1024_bw100_blk0,layered_ldpc_lite,0,False,False,0.2578125,0.02578125,0.2578125,0.02578125,1192.0,57,724.5955999824218,1160,32,0,0.9,116,128,0.02646821120689655,gray,hard,uniform,"[0.0, 0.0, 0.0, 0.0, 0.0078125, 0.0078125, 0.015625, 0.0234375, 0.03125, 0.171875]","[True, True, True, True, True, True, True, True, True, True]",0.02578125,0,minimum_sum,50,True,candidate_failed_verification,1024,100,real_data,4,9670a15685aa444a
real_typeii_20db_d1024_bw100_blk0,layered_ldpc_lite,0,False,False,0.2578125,0.02578125,0.2578125,0.02578125,892.0,59,709.5650999981444,860,32,0,0.67,86,128,0.035065406976744186,gray,hard,uniform,"[0.0, 0.0, 0.0, 0.0, 0.0078125, 0.0078125, 0.015625, 0.0234375, 0.03125, 0.171875]","[True, True, True, True, True, True, True, True, True, True]",0.02578125,0,minimum_sum,50,True,candidate_failed_verification,1024,100,real_data,4,ec874e3fd7633e78
real_typeii_20db_d1024_bw100_blk0,layered_ldpc_lite,1,False,False,0.2265625,0.02265625,0.2265625,0.02265625,892.0,67,366.2301999866031,860,32,0,0.67,86,128,0.035065406976744186,gray,hard,uniform,"[0.0, 0.0, 0.0, 0.0, 0.0, 0.0078125, 0.03125, 0.0234375, 0.0546875, 0.109375]","[True, True, True, True, True, True, True, True, True, True]",0.02265625,0,minimum_sum,50,True,candidate_failed_verification,1024,100,real_data,4,ec874e3fd7633e78
real_typeii_20db_d1024_bw100_blk0,layered_ldpc_lite,2,False,False,0.203125,0.0203125,0.203125,0.0203125,892.0,107,341.39909999794327,860,32,0,0.67,86,128,0.035065406976744186,gray,hard,uniform,"[0.0, 0.0078125, 0.0, 0.0, 0.0078125, 0.0, 0.015625, 0.0234375, 0.0703125, 0.078125]","[True, True, True, True, True, True, True, True, True, True]",0.0203125,0,minimum_sum,50,True,candidate_failed_verification,1024,100,real_data,4,ec874e3fd7633e78
real_typeii_20db_d1024_bw100_blk0,layered_ldpc_lite,3,False,False,0.2109375,0.02109375,0.2109375,0.02109375,892.0,104,369.15670000598766,860,32,0,0.67,86,128,0.035065406976744186,gray,hard,uniform,"[0.0, 0.0, 0.0, 0.0, 0.0, 0.0078125, 0.0, 0.0390625, 0.0625, 0.1015625]","[True, True, True, True, True, True, True, True, True, True]",0.02109375,0,minimum_sum,50,True,candidate_failed_verification,1024,100,real_data,4,ec874e3fd7633e78
real_typeii_20db_d1024_bw180_blk0,layered_ldpc_lite,0,False,False,0.234375,0.0234375,0.234375,0.0234375,672.0,105,687.3404000070877,640,32,0,0.5,64,128,0.046875,gray,bsc_estimated,uniform,"[0.0, 0.0, 0.0, 0.0078125, 0.0, 0.0, 0.0078125, 0.0234375, 0.0625, 0.1328125]","[True, True, True, True, True, True, True, True, True, True]",0.0234375,0,minimum_sum,50,True,candidate_failed_verification,1024,180,real_data,4,1b68567774e87e2e
real_typeii_20db_d1024_bw180_blk0,layered_ldpc_lite,1,False,False,0.21875,0.021875,0.21875,0.021875,672.0,66,356.9675000035204,640,32,0,0.5,64,128,0.046875,gray,bsc_estimated,uniform,"[0.0, 0.0, 0.0, 0.015625, 0.015625, 0.0078125, 0.015625, 0.015625, 0.0390625, 0.109375]","[True, True, True, True, True, True, True, True, True, True]",0.021875,0,minimum_sum,50,True,candidate_failed_verification,1024,180,real_data,4,1b68567774e87e2e
real_typeii_20db_d1024_bw180_blk0,layered_ldpc_lite,2,False,False,0.296875,0.0296875,0.296875,0.0296875,672.0,157,357.09499998483807,640,32,0,0.5,64,128,0.046875,gray,bsc_estimated,uniform,"[0.0, 0.0078125, 0.0, 0.0078125, 0.0078125, 0.0, 0.0234375, 0.0703125, 0.078125, 0.1015625]","[True, True, True, True, True, True, True, True, True, True]",0.0296875,0,minimum_sum,50,True,candidate_failed_verification,1024,180,real_data,4,1b68567774e87e2e
real_typeii_20db_d1024_bw180_blk0,layered_ldpc_lite,3,False,False,0.28125,0.028125,0.28125,0.028125,672.0,153,383.2869000034407,640,32,0,0.5,64,128,0.046875,gray,bsc_estimated,uniform,"[0.0, 0.0, 0.0078125, 0.0, 0.0, 0.0, 0.0078125, 0.0390625, 0.0625, 0.1640625]","[True, True, True, True, True, True, True, True, True, True]",0.028125,0,minimum_sum,50,True,candidate_failed_verification,1024,180,real_data,4,1b68567774e87e2e
real_typeii_20db_d1024_bw180_blk0,layered_ldpc_lite,0,False,False,0.234375,0.0234375,0.234375,0.0234375,892.0,106,683.0954999895766,860,32,0,0.67,86,128,0.035065406976744186,gray,hard,uniform,"[0.0, 0.0, 0.0, 0.0078125, 0.0, 0.0, 0.0078125, 0.0234375, 0.0625, 0.1328125]","[True, True, True, True, True, True, True, True, True, True]",0.0234375,0,minimum_sum,50,True,candidate_failed_verification,1024,180,real_data,4,ec874e3fd7633e78
real_typeii_20db_d1024_bw180_blk0,layered_ldpc_lite,1,False,False,0.21875,0.021875,0.21875,0.021875,892.0,64,360.05789999035187,860,32,0,0.67,86,128,0.035065406976744186,gray,hard,uniform,"[0.0, 0.0, 0.0, 0.015625, 0.015625, 0.0078125, 0.015625, 0.015625, 0.0390625, 0.109375]","[True, True, True, True, True, True, True, True, True, True]",0.021875,0,minimum_sum,50,True,candidate_failed_verification,1024,180,real_data,4,ec874e3fd7633e78
real_typeii_20db_d1024_bw180_blk0,layered_ldpc_lite,2,False,False,0.296875,0.0296875,0.296875,0.0296875,892.0,156,335.43229999486357,860,32,0,0.67,86,128,0.035065406976744186,gray,hard,uniform,"[0.0, 0.0078125, 0.0, 0.0078125, 0.0078125, 0.0, 0.0234375, 0.0703125, 0.078125, 0.1015625]","[True, True, True, True, True, True, True, True, True, True]",0.0296875,0,minimum_sum,50,True,candidate_failed_verification,1024,180,real_data,4,ec874e3fd7633e78
real_typeii_20db_d1024_bw180_blk0,layered_ldpc_lite,3,False,False,0.28125,0.028125,0.28125,0.028125,892.0,106,411.09840001445264,860,32,0,0.67,86,128,0.035065406976744186,gray,hard,uniform,"[0.0, 0.0, 0.0078125, 0.0, 0.0, 0.0, 0.0078125, 0.0390625, 0.0625, 0.1640625]","[True, True, True, True, True, True, True, True, True, True]",0.028125,0,minimum_sum,50,True,candidate_failed_verification,1024,180,real_data,4,ec874e3fd7633e78
real_typeii_20db_d1024_bw100_blk0,layered_ldpc_lite,0,False,False,0.2578125,0.02578125,0.2578125,0.02578125,672.0,109,695.4558000143152,640,32,0,0.5,64,128,0.046875,gray,bsc_estimated,uniform,"[0.0, 0.0, 0.0, 0.0, 0.0078125, 0.0078125, 0.015625, 0.0234375, 0.03125, 0.171875]","[True, True, True, True, True, True, True, True, True, True]",0.02578125,0,minimum_sum,50,True,candidate_failed_verification,1024,100,real_data,4,1b68567774e87e2e
real_typeii_20db_d1024_bw100_blk0,layered_ldpc_lite,1,False,False,0.2265625,0.02265625,0.2265625,0.02265625,672.0,155,381.3683000043966,640,32,0,0.5,64,128,0.046875,gray,bsc_estimated,uniform,"[0.0, 0.0, 0.0, 0.0, 0.0, 0.0078125, 0.03125, 0.0234375, 0.0546875, 0.109375]","[True, True, True, True, True, True, True, True, True, True]",0.02265625,0,minimum_sum,50,True,candidate_failed_verification,1024,100,real_data,4,1b68567774e87e2e
real_typeii_20db_d1024_bw100_blk0,layered_ldpc_lite,2,False,False,0.203125,0.0203125,0.203125,0.0203125,672.0,113,335.90999999432825,640,32,0,0.5,64,128,0.046875,gray,bsc_estimated,uniform,"[0.0, 0.0078125, 0.0, 0.0, 0.0078125, 0.0, 0.015625, 0.0234375, 0.0703125, 0.078125]","[True, True, True, True, True, True, True, True, True, True]",0.0203125,0,minimum_sum,50,True,candidate_failed_verification,1024,100,real_data,4,1b68567774e87e2e
real_typeii_20db_d1024_bw100_blk0,layered_ldpc_lite,3,False,False,0.2109375,0.02109375,0.2109375,0.02109375,672.0,108,402.34920001239516,640,32,0,0.5,64,128,0.046875,gray,bsc_estimated,uniform,"[0.0, 0.0, 0.0, 0.0, 0.0, 0.0078125, 0.0, 0.0390625, 0.0625, 0.1015625]","[True, True, True, True, True, True, True, True, True, True]",0.02109375,0,minimum_sum,50,True,candidate_failed_verification,1024,100,real_data,4,1b68567774e87e2e
real_typeii_20db_d1024_bw100_blk0,layered_ldpc_lite,0,False,False,0.2578125,0.02578125,0.2578125,0.02578125,672.0,109,722.2388999944087,640,32,0,0.5,64,128,0.046875,gray,hard,uniform,"[0.0, 0.0, 0.0, 0.0, 0.0078125, 0.0078125, 0.015625, 0.0234375, 0.03125, 0.171875]","[True, True, True, True, True, True, True, True, True, True]",0.02578125,0,minimum_sum,50,True,candidate_failed_verification,1024,100,real_data,4,dc1d252b3b27a80e
real_typeii_20db_d1024_bw100_blk0,layered_ldpc_lite,1,False,False,0.2265625,0.02265625,0.2265625,0.02265625,672.0,155,326.8851999891922,640,32,0,0.5,64,128,0.046875,gray,hard,uniform,"[0.0, 0.0, 0.0, 0.0, 0.0, 0.0078125, 0.03125, 0.0234375, 0.0546875, 0.109375]","[True, True, True, True, True, True, True, True, True, True]",0.02265625,0,minimum_sum,50,True,candidate_failed_verification,1024,100,real_data,4,dc1d252b3b27a80e
real_typeii_20db_d1024_bw100_blk0,layered_ldpc_lite,2,False,False,0.203125,0.0203125,0.203125,0.0203125,672.0,114,384.54540001112036,640,32,0,0.5,64,128,0.046875,gray,hard,uniform,"[0.0, 0.0078125, 0.0, 0.0, 0.0078125, 0.0, 0.015625, 0.0234375, 0.0703125, 0.078125]","[True, True, True, True, True, True, True, True, True, True]",0.0203125,0,minimum_sum,50,True,candidate_failed_verification,1024,100,real_data,4,dc1d252b3b27a80e
real_typeii_20db_d1024_bw100_blk0,layered_ldpc_lite,3,False,False,0.2109375,0.02109375,0.2109375,0.02109375,672.0,108,387.99550000112504,640,32,0,0.5,64,128,0.046875,gray,hard,uniform,"[0.0, 0.0, 0.0, 0.0, 0.0, 0.0078125, 0.0, 0.0390625, 0.0625, 0.1015625]","[True, True, True, True, True, True, True, True, True, True]",0.02109375,0,minimum_sum,50,True,candidate_failed_verification,1024,100,real_data,4,dc1d252b3b27a80e
real_typeii_20db_d1024_bw100_blk0,layered_ldpc_lite,0,False,False,0.2578125,0.02578125,0.2578125,0.02578125,892.0,59,731.0971000115387,860,32,0,0.67,86,128,0.035065406976744186,gray,bsc_estimated,uniform,"[0.0, 0.0, 0.0, 0.0, 0.0078125, 0.0078125, 0.015625, 0.0234375, 0.03125, 0.171875]","[True, True, True, True, True, True, True, True, True, True]",0.02578125,0,minimum_sum,50,True,candidate_failed_verification,1024,100,real_data,4,f3f67ce02bdd88ce
real_typeii_20db_d1024_bw100_blk0,layered_ldpc_lite,1,False,False,0.2265625,0.02265625,0.2265625,0.02265625,892.0,67,359.9048999894876,860,32,0,0.67,86,128,0.035065406976744186,gray,bsc_estimated,uniform,"[0.0, 0.0, 0.0, 0.0, 0.0, 0.0078125, 0.03125, 0.0234375, 0.0546875, 0.109375]","[True, True, True, True, True, True, True, True, True, True]",0.02265625,0,minimum_sum,50,True,candidate_failed_verification,1024,100,real_data,4,f3f67ce02bdd88ce
real_typeii_20db_d1024_bw100_blk0,layered_ldpc_lite,2,False,False,0.203125,0.0203125,0.203125,0.0203125,892.0,107,368.3493999997154,860,32,0,0.67,86,128,0.035065406976744186,gray,bsc_estimated,uniform,"[0.0, 0.0078125, 0.0, 0.0, 0.0078125, 0.0, 0.015625, 0.0234375, 0.0703125, 0.078125]","[True, True, True, True, True, True, True, True, True, True]",0.0203125,0,minimum_sum,50,True,candidate_failed_verification,1024,100,real_data,4,f3f67ce02bdd88ce
real_typeii_20db_d1024_bw100_blk0,layered_ldpc_lite,3,False,False,0.2109375,0.02109375,0.2109375,0.02109375,892.0,104,378.21640001493506,860,32,0,0.67,86,128,0.035065406976744186,gray,bsc_estimated,uniform,"[0.0, 0.0, 0.0, 0.0, 0.0, 0.0078125, 0.0, 0.0390625, 0.0625, 0.1015625]","[True, True, True, True, True, True, True, True, True, True]",0.02109375,0,minimum_sum,50,True,candidate_failed_verification,1024,100,real_data,4,f3f67ce02bdd88ce
real_typeii_20db_d1024_bw180_blk0,layered_ldpc_lite,0,False,False,0.234375,0.0234375,0.234375,0.0234375,672.0,105,710.4689999832772,640,32,0,0.5,64,128,0.046875,gray,hard,uniform,"[0.0, 0.0, 0.0, 0.0078125, 0.0, 0.0, 0.0078125, 0.0234375, 0.0625, 0.1328125]","[True, True, True, True, True, True, True, True, True, True]",0.0234375,0,minimum_sum,50,True,candidate_failed_verification,1024,180,real_data,4,dc1d252b3b27a80e
real_typeii_20db_d1024_bw180_blk0,layered_ldpc_lite,1,False,False,0.21875,0.021875,0.21875,0.021875,672.0,68,346.95609999471344,640,32,0,0.5,64,128,0.046875,gray,hard,uniform,"[0.0, 0.0, 0.0, 0.015625, 0.015625, 0.0078125, 0.015625, 0.015625, 0.0390625, 0.109375]","[True, True, True, True, True, True, True, True, True, True]",0.021875,0,minimum_sum,50,True,candidate_failed_verification,1024,180,real_data,4,dc1d252b3b27a80e
real_typeii_20db_d1024_bw180_blk0,layered_ldpc_lite,2,False,False,0.296875,0.0296875,0.296875,0.0296875,672.0,157,371.3567999948282,640,32,0,0.5,64,128,0.046875,gray,hard,uniform,"[0.0, 0.0078125, 0.0, 0.0078125, 0.0078125, 0.0, 0.0234375, 0.0703125, 0.078125, 0.1015625]","[True, True, True, True, True, True, True, True, True, True]",0.0296875,0,minimum_sum,50,True,candidate_failed_verification,1024,180,real_data,4,dc1d252b3b27a80e
real_typeii_20db_d1024_bw180_blk0,layered_ldpc_lite,3,False,False,0.28125,0.028125,0.28125,0.028125,672.0,153,410.94049997627735,640,32,0,0.5,64,128,0.046875,gray,hard,uniform,"[0.0, 0.0, 0.0078125, 0.0, 0.0, 0.0, 0.0078125, 0.0390625, 0.0625, 0.1640625]","[True, True, True, True, True, True, True, True, True, True]",0.028125,0,minimum_sum,50,True,candidate_failed_verification,1024,180,real_data,4,dc1d252b3b27a80e
real_typeii_20db_d1024_bw180_blk0,layered_ldpc_lite,0,False,False,0.234375,0.0234375,0.234375,0.0234375,1062.0,61,719.8143000132404,1030,32,0,0.8,103,128,0.029657160194174758,gray,bsc_estimated,uniform,"[0.0, 0.0, 0.0, 0.0078125, 0.0, 0.0, 0.0078125, 0.0234375, 0.0625, 0.1328125]","[True, True, True, True, True, True, True, True, True, True]",0.0234375,0,minimum_sum,50,True,candidate_failed_verification,1024,180,real_data,4,221e5a91339f6e44
real_typeii_20db_d1024_bw180_blk0,layered_ldpc_lite,3,False,False,0.28125,0.028125,0.28125,0.028125,1062.0,62,449.1507000057027,1030,32,0,0.8,103,128,0.029657160194174758,gray,bsc_estimated,uniform,"[0.0, 0.0, 0.0078125, 0.0, 0.0, 0.0, 0.0078125, 0.0390625, 0.0625, 0.1640625]","[True, True, True, True, True, True, True, True, True, True]",0.028125,0,minimum_sum,50,True,candidate_failed_verification,1024,180,real_data,4,221e5a91339f6e44
real_typeii_20db_d1024_bw180_blk0,layered_ldpc_lite,0,False,False,0.234375,0.0234375,0.234375,0.0234375,1062.0,60,725.9047999978065,1030,32,0,0.8,103,128,0.029657160194174758,gray,hard,uniform,"[0.0, 0.0, 0.0, 0.0078125, 0.0, 0.0, 0.0078125, 0.0234375, 0.0625, 0.1328125]","[True, True, True, True, True, True, True, True, True, True]",0.0234375,0,minimum_sum,50,True,candidate_failed_verification,1024,180,real_data,4,b07a3943cf9048dc
real_typeii_20db_d1024_bw180_blk0,layered_ldpc_lite,3,False,False,0.28125,0.028125,0.28125,0.028125,1062.0,62,411.7739000066649,1030,32,0,0.8,103,128,0.029657160194174758,gray,hard,uniform,"[0.0, 0.0, 0.0078125, 0.0, 0.0, 0.0, 0.0078125, 0.0390625, 0.0625, 0.1640625]","[True, True, True, True, True, True, True, True, True, True]",0.028125,0,minimum_sum,50,True,candidate_failed_verification,1024,180,real_data,4,b07a3943cf9048dc
real_typeii_20db_d1024_bw100_blk0,layered_ldpc_lite,0,False,False,0.2578125,0.02578125,0.2578125,0.02578125,1192.0,57,702.4463999841828,1160,32,0,0.9,116,128,0.02646821120689655,gray,bsc_estimated,uniform,"[0.0, 0.0, 0.0, 0.0, 0.0078125, 0.0078125, 0.015625, 0.0234375, 0.03125, 0.171875]","[True, True, True, True, True, True, True, True, True, True]",0.02578125,0,minimum_sum,50,True,candidate_failed_verification,1024,100,real_data,4,e8db1e33326bc16a
real_typeii_20db_d16_bw100_blk0,layered_ldpc_lite,0,False,False,0.203125,0.076171875,0.203125,0.076171875,288.0,200,195.2605999831576,256,32,0,0.5,64,128,0.046875,gray,bsc_estimated,uniform,"[0.0546875, 0.0546875, 0.0859375, 0.109375]","[True, True, True, True]",0.076171875,0,minimum_sum,50,True,candidate_failed_verification,16,100,real_data,4,1b68567774e87e2e
real_typeii_20db_d16_bw100_blk0,layered_ldpc_lite,1,False,False,0.1953125,0.052734375,0.1953125,0.052734375,288.0,108,150.37399998982437,256,32,0,0.5,64,128,0.046875,gray,bsc_estimated,uniform,"[0.046875, 0.0234375, 0.0390625, 0.1015625]","[True, True, True, True]",0.052734375,0,minimum_sum,50,True,candidate_failed_verification,16,100,real_data,4,1b68567774e87e2e
real_typeii_20db_d16_bw100_blk0,layered_ldpc_lite,0,False,False,0.203125,0.076171875,0.203125,0.076171875,288.0,200,200.62340001459233,256,32,0,0.5,64,128,0.046875,gray,hard,uniform,"[0.0546875, 0.0546875, 0.0859375, 0.109375]","[True, True, True, True]",0.076171875,0,minimum_sum,50,True,candidate_failed_verification,16,100,real_data,4,dc1d252b3b27a80e
real_typeii_20db_d16_bw100_blk0,layered_ldpc_lite,1,False,False,0.1953125,0.052734375,0.1953125,0.052734375,288.0,108,190.68759999936447,256,32,0,0.5,64,128,0.046875,gray,hard,uniform,"[0.046875, 0.0234375, 0.0390625, 0.1015625]","[True, True, True, True]",0.052734375,0,minimum_sum,50,True,candidate_failed_verification,16,100,real_data,4,dc1d252b3b27a80e
real_typeii_20db_d16_bw100_blk0,layered_ldpc_lite,0,False,False,0.203125,0.076171875,0.203125,0.076171875,376.0,109,163.31309999804944,344,32,0,0.67,86,128,0.03488372093023256,gray,hard,uniform,"[0.0546875, 0.0546875, 0.0859375, 0.109375]","[True, True, True, True]",0.076171875,0,minimum_sum,50,True,candidate_failed_verification,16,100,real_data,4,ec874e3fd7633e78
real_typeii_20db_d16_bw100_blk0,layered_ldpc_lite,1,False,False,0.1953125,0.052734375,0.1953125,0.052734375,376.0,61,138.0500000086613,344,32,0,0.67,86,128,0.03488372093023256,gray,hard,uniform,"[0.046875, 0.0234375, 0.0390625, 0.1015625]","[True, True, True, True]",0.052734375,0,minimum_sum,50,True,candidate_failed_verification,16,100,real_data,4,ec874e3fd7633e78
real_typeii_20db_d16_bw100_blk0,layered_ldpc_lite,0,False,False,0.203125,0.076171875,0.203125,0.076171875,376.0,109,172.03909999807365,344,32,0,0.67,86,128,0.03488372093023256,gray,bsc_estimated,uniform,"[0.0546875, 0.0546875, 0.0859375, 0.109375]","[True, True, True, True]",0.076171875,0,minimum_sum,50,True,candidate_failed_verification,16,100,real_data,4,f3f67ce02bdd88ce
real_typeii_20db_d16_bw100_blk0,layered_ldpc_lite,1,False,False,0.1953125,0.052734375,0.1953125,0.052734375,376.0,61,176.70200002612546,344,32,0,0.67,86,128,0.03488372093023256,gray,bsc_estimated,uniform,"[0.046875, 0.0234375, 0.0390625, 0.1015625]","[True, True, True, True]",0.052734375,0,minimum_sum,50,True,candidate_failed_verification,16,100,real_data,4,f3f67ce02bdd88ce
real_typeii_20db_d16_bw100_blk0,layered_ldpc_lite,0,False,False,0.203125,0.076171875,0.203125,0.076171875,444.0,62,162.00229999958538,412,32,0,0.8,103,128,0.02912621359223301,gray,hard,uniform,"[0.0546875, 0.0546875, 0.0859375, 0.109375]","[True, True, True, True]",0.076171875,0,minimum_sum,50,True,candidate_failed_verification,16,100,real_data,4,b07a3943cf9048dc
real_typeii_20db_d16_bw100_blk0,layered_ldpc_lite,1,False,False,0.1953125,0.052734375,0.1953125,0.052734375,444.0,58,164.8214000160806,412,32,0,0.8,103,128,0.02912621359223301,gray,hard,uniform,"[0.046875, 0.0234375, 0.0390625, 0.1015625]","[True, True, True, True]",0.052734375,0,minimum_sum,50,True,candidate_failed_verification,16,100,real_data,4,b07a3943cf9048dc
real_typeii_20db_d16_bw100_blk0,layered_ldpc_lite,0,False,False,0.203125,0.076171875,0.203125,0.076171875,444.0,62,165.00179999275133,412,32,0,0.8,103,128,0.02912621359223301,gray,bsc_estimated,uniform,"[0.0546875, 0.0546875, 0.0859375, 0.109375]","[True, True, True, True]",0.076171875,0,minimum_sum,50,True,candidate_failed_verification,16,100,real_data,4,221e5a91339f6e44
real_typeii_20db_d16_bw100_blk0,layered_ldpc_lite,1,False,False,0.1953125,0.052734375,0.1953125,0.052734375,444.0,58,169.41569998743944,412,32,0,0.8,103,128,0.02912621359223301,gray,bsc_estimated,uniform,"[0.046875, 0.0234375, 0.0390625, 0.1015625]","[True, True, True, True]",0.052734375,0,minimum_sum,50,True,candidate_failed_verification,16,100,real_data,4,221e5a91339f6e44
real_typeii_20db_d1024_bw200_blk0,layered_ldpc_lite,0,False,False,0.234375,0.0234375,0.234375,0.0234375,672.0,157,462.822999979835,640,32,0,0.5,64,128,0.046875,gray,bsc_estimated,uniform,"[0.0, 0.0, 0.0, 0.0, 0.0078125, 0.015625, 0.015625, 0.0390625, 0.046875, 0.109375]","[True, True, True, True, True, True, True, True, True, True]",0.0234375,0,minimum_sum,50,True,candidate_failed_verification,1024,200,real_data,4,1b68567774e87e2e
real_typeii_20db_d1024_bw200_blk0,layered_ldpc_lite,1,False,False,0.265625,0.0265625,0.265625,0.0265625,672.0,158,365.7070999906864,640,32,0,0.5,64,128,0.046875,gray,bsc_estimated,uniform,"[0.0, 0.0, 0.0078125, 0.0, 0.0078125, 0.015625, 0.015625, 0.0546875, 0.046875, 0.1171875]","[True, True, True, True, True, True, True, True, True, True]",0.0265625,0,minimum_sum,50,True,candidate_failed_verification,1024,200,real_data,4,1b68567774e87e2e
real_typeii_20db_d1024_bw200_blk0,layered_ldpc_lite,2,False,False,0.2578125,0.02578125,0.2578125,0.02578125,672.0,70,389.1973000136204,640,32,0,0.5,64,128,0.046875,gray,bsc_estimated,uniform,"[0.0, 0.0, 0.0078125, 0.0078125, 0.0, 0.0078125, 0.015625, 0.03125, 0.046875, 0.140625]","[True, True, True, True, True, True, True, True, True, True]",0.02578125,0,minimum_sum,50,True,candidate_failed_verification,1024,200,real_data,4,1b68567774e87e2e
real_typeii_20db_d1024_bw200_blk0,layered_ldpc_lite,3,False,False,0.1953125,0.01953125,0.1953125,0.01953125,672.0,105,407.2554000013042,640,32,0,0.5,64,128,0.046875,gray,bsc_estimated,uniform,"[0.0, 0.0, 0.0, 0.0078125, 0.0078125, 0.0, 0.0078125, 0.0, 0.078125, 0.09375]","[True, True, True, True, True, True, True, True, True, True]",0.01953125,0,minimum_sum,50,True,candidate_failed_verification,1024,200,real_data,4,1b68567774e87e2e
real_typeii_20db_d1024_bw200_blk0,layered_ldpc_lite,0,False,False,0.234375,0.0234375,0.234375,0.0234375,672.0,157,463.67490000557154,640,32,0,0.5,64,128,0.046875,gray,hard,uniform,"[0.0, 0.0, 0.0, 0.0, 0.0078125, 0.015625, 0.015625, 0.0390625, 0.046875, 0.109375]","[True, True, True, True, True, True, True, True, True, True]",0.0234375,0,minimum_sum,50,True,candidate_failed_verification,1024,200,real_data,4,dc1d252b3b27a80e
real_typeii_20db_d1024_bw200_blk0,layered_ldpc_lite,1,False,False,0.265625,0.0265625,0.265625,0.0265625,672.0,158,374.7604000091087,640,32,0,0.5,64,128,0.046875,gray,hard,uniform,"[0.0, 0.0, 0.0078125, 0.0, 0.0078125, 0.015625, 0.015625, 0.0546875, 0.046875, 0.1171875]","[True, True, True, True, True, True, True, True, True, True]",0.0265625,0,minimum_sum,50,True,candidate_failed_verification,1024,200,real_data,4,dc1d252b3b27a80e
real_typeii_20db_d1024_bw200_blk0,layered_ldpc_lite,2,False,False,0.2578125,0.02578125,0.2578125,0.02578125,672.0,70,421.52449997956865,640,32,0,0.5,64,128,0.046875,gray,hard,uniform,"[0.0, 0.0, 0.0078125, 0.0078125, 0.0, 0.0078125, 0.015625, 0.03125, 0.046875, 0.140625]","[True, True, True, True, True, True, True, True, True, True]",0.02578125,0,minimum_sum,50,True,candidate_failed_verification,1024,200,real_data,4,dc1d252b3b27a80e
real_typeii_20db_d1024_bw200_blk0,layered_ldpc_lite,3,False,False,0.1953125,0.01953125,0.1953125,0.01953125,672.0,105,402.383499982534,640,32,0,0.5,64,128,0.046875,gray,hard,uniform,"[0.0, 0.0, 0.0, 0.0078125, 0.0078125, 0.0, 0.0078125, 0.0, 0.078125, 0.09375]","[True, True, True, True, True, True, True, True, True, True]",0.01953125,0,minimum_sum,50,True,candidate_failed_verification,1024,200,real_data,4,dc1d252b3b27a80e
real_typeii_20db_d1024_bw200_blk0,layered_ldpc_lite,0,False,False,0.234375,0.0234375,0.234375,0.0234375,892.0,64,487.5453000131529,860,32,0,0.67,86,128,0.035065406976744186,gray,hard,uniform,"[0.0, 0.0, 0.0, 0.0, 0.0078125, 0.015625, 0.015625, 0.0390625, 0.046875, 0.109375]","[True, True, True, True, True, True, True, True, True, True]",0.0234375,0,minimum_sum,50,True,candidate_failed_verification,1024,200,real_data,4,ec874e3fd7633e78
real_typeii_20db_d1024_bw200_blk0,layered_ldpc_lite,1,False,False,0.265625,0.0265625,0.265625,0.0265625,892.0,62,377.98379999003373,860,32,0,0.67,86,128,0.035065406976744186,gray,hard,uniform,"[0.0, 0.0, 0.0078125, 0.0, 0.0078125, 0.015625, 0.015625, 0.0546875, 0.046875, 0.1171875]","[True, True, True, True, True, True, True, True, True, True]",0.0265625,0,minimum_sum,50,True,candidate_failed_verification,1024,200,real_data,4,ec874e3fd7633e78
real_typeii_20db_d1024_bw200_blk0,layered_ldpc_lite,2,False,False,0.2578125,0.02578125,0.2578125,0.02578125,892.0,64,411.78659998695366,860,32,0,0.67,86,128,0.035065406976744186,gray,hard,uniform,"[0.0, 0.0, 0.0078125, 0.0078125, 0.0, 0.0078125, 0.015625, 0.03125, 0.046875, 0.140625]","[True, True, True, True, True, True, True, True, True, True]",0.02578125,0,minimum_sum,50,True,candidate_failed_verification,1024,200,real_data,4,ec874e3fd7633e78
real_typeii_20db_d1024_bw200_blk0,layered_ldpc_lite,3,False,False,0.1953125,0.01953125,0.1953125,0.01953125,892.0,104,398.51900000940077,860,32,0,0.67,86,128,0.035065406976744186,gray,hard,uniform,"[0.0, 0.0, 0.0, 0.0078125, 0.0078125, 0.0, 0.0078125, 0.0, 0.078125, 0.09375]","[True, True, True, True, True, True, True, True, True, True]",0.01953125,0,minimum_sum,50,True,candidate_failed_verification,1024,200,real_data,4,ec874e3fd7633e78
real_typeii_20db_d1024_bw200_blk0,layered_ldpc_lite,0,False,False,0.234375,0.0234375,0.234375,0.0234375,1062.0,63,480.25500000221655,1030,32,0,0.8,103,128,0.029657160194174758,gray,hard,uniform,"[0.0, 0.0, 0.0, 0.0, 0.0078125, 0.015625, 0.015625, 0.0390625, 0.046875, 0.109375]","[True, True, True, True, True, True, True, True, True, True]",0.0234375,0,minimum_sum,50,True,candidate_failed_verification,1024,200,real_data,4,b07a3943cf9048dc
real_typeii_20db_d1024_bw200_blk0,layered_ldpc_lite,1,False,False,0.265625,0.0265625,0.265625,0.0265625,1062.0,64,377.66510000801645,1030,32,0,0.8,103,128,0.029657160194174758,gray,hard,uniform,"[0.0, 0.0, 0.0078125, 0.0, 0.0078125, 0.015625, 0.015625, 0.0546875, 0.046875, 0.1171875]","[True, True, True, True, True, True, True, True, True, True]",0.0265625,0,minimum_sum,50,True,candidate_failed_verification,1024,200,real_data,4,b07a3943cf9048dc
real_typeii_20db_d1024_bw200_blk0,layered_ldpc_lite,2,False,False,0.2578125,0.02578125,0.2578125,0.02578125,1192.0,61,408.19639997789636,1160,32,0,0.9,116,128,0.02646821120689655,gray,bsc_estimated,uniform,"[0.0, 0.0, 0.0078125, 0.0078125, 0.0, 0.0078125, 0.015625, 0.03125, 0.046875, 0.140625]","[True, True, True, True, True, True, True, True, True, True]",0.02578125,0,minimum_sum,50,True,candidate_failed_verification,1024,200,real_data,4,e8db1e33326bc16a
real_typeii_20db_d1024_bw200_blk0,layered_ldpc_lite,0,False,False,0.234375,0.0234375,0.234375,0.0234375,892.0,64,480.8774999983143,860,32,0,0.67,86,128,0.035065406976744186,gray,bsc_estimated,uniform,"[0.0, 0.0, 0.0, 0.0, 0.0078125, 0.015625, 0.015625, 0.0390625, 0.046875, 0.109375]","[True, True, True, True, True, True, True, True, True, True]",0.0234375,0,minimum_sum,50,True,candidate_failed_verification,1024,200,real_data,4,f3f67ce02bdd88ce
real_typeii_20db_d1024_bw200_blk0,layered_ldpc_lite,1,False,False,0.265625,0.0265625,0.265625,0.0265625,892.0,62,419.9893999902997,860,32,0,0.67,86,128,0.035065406976744186,gray,bsc_estimated,uniform,"[0.0, 0.0, 0.0078125, 0.0, 0.0078125, 0.015625, 0.015625, 0.0546875, 0.046875, 0.1171875]","[True, True, True, True, True, True, True, True, True, True]",0.0265625,0,minimum_sum,50,True,candidate_failed_verification,1024,200,real_data,4,f3f67ce02bdd88ce
real_typeii_20db_d1024_bw200_blk0,layered_ldpc_lite,2,False,False,0.2578125,0.02578125,0.2578125,0.02578125,892.0,64,432.81769999885,860,32,0,0.67,86,128,0.035065406976744186,gray,bsc_estimated,uniform,"[0.0, 0.0, 0.0078125, 0.0078125, 0.0, 0.0078125, 0.015625, 0.03125, 0.046875, 0.140625]","[True, True, True, True, True, True, True, True, True, True]",0.02578125,0,minimum_sum,50,True,candidate_failed_verification,1024,200,real_data,4,f3f67ce02bdd88ce
real_typeii_20db_d1024_bw200_blk0,layered_ldpc_lite,3,False,False,0.1953125,0.01953125,0.1953125,0.01953125,892.0,104,443.47209998522885,860,32,0,0.67,86,128,0.035065406976744186,gray,bsc_estimated,uniform,"[0.0, 0.0, 0.0, 0.0078125, 0.0078125, 0.0, 0.0078125, 0.0, 0.078125, 0.09375]","[True, True, True, True, True, True, True, True, True, True]",0.01953125,0,minimum_sum,50,True,candidate_failed_verification,1024,200,real_data,4,f3f67ce02bdd88ce
real_typeii_20db_d1024_bw200_blk0,layered_ldpc_lite,1,False,False,0.265625,0.0265625,0.265625,0.0265625,1062.0,64,397.1965000091586,1030,32,0,0.8,103,128,0.029657160194174758,gray,bsc_estimated,uniform,"[0.0, 0.0, 0.0078125, 0.0, 0.0078125, 0.015625, 0.015625, 0.0546875, 0.046875, 0.1171875]","[True, True, True, True, True, True, True, True, True, True]",0.0265625,0,minimum_sum,50,True,candidate_failed_verification,1024,200,real_data,4,221e5a91339f6e44
real_typeii_20db_d1024_bw200_blk0,layered_ldpc_lite,2,False,False,0.2578125,0.02578125,0.2578125,0.02578125,1192.0,61,423.86149999219924,1160,32,0,0.9,116,128,0.02646821120689655,gray,hard,uniform,"[0.0, 0.0, 0.0078125, 0.0078125, 0.0, 0.0078125, 0.015625, 0.03125, 0.046875, 0.140625]","[True, True, True, True, True, True, True, True, True, True]",0.02578125,0,minimum_sum,50,True,candidate_failed_verification,1024,200,real_data,4,9670a15685aa444a
real_typeii_20db_d16_bw180_blk0,layered_ldpc_lite,0,False,False,0.125,0.052734375,0.125,0.052734375,288.0,153,198.20329998037778,256,32,0,0.5,64,128,0.046875,gray,bsc_estimated,uniform,"[0.03125, 0.0703125, 0.0390625, 0.0703125]","[True, True, True, True]",0.052734375,0,minimum_sum,50,True,candidate_failed_verification,16,180,real_data,4,1b68567774e87e2e
real_typeii_20db_d16_bw180_blk0,layered_ldpc_lite,1,False,False,0.109375,0.0390625,0.109375,0.0390625,288.0,64,212.99719999660738,256,32,0,0.5,64,128,0.046875,gray,bsc_estimated,uniform,"[0.03125, 0.0546875, 0.03125, 0.0390625]","[True, True, True, True]",0.0390625,0,minimum_sum,50,True,candidate_failed_verification,16,180,real_data,4,1b68567774e87e2e
real_typeii_20db_d16_bw180_blk0,layered_ldpc_lite,0,False,False,0.125,0.052734375,0.125,0.052734375,376.0,108,186.1124999995809,344,32,0,0.67,86,128,0.03488372093023256,gray,hard,uniform,"[0.03125, 0.0703125, 0.0390625, 0.0703125]","[True, True, True, True]",0.052734375,0,minimum_sum,50,True,candidate_failed_verification,16,180,real_data,4,ec874e3fd7633e78
real_typeii_20db_d16_bw180_blk0,layered_ldpc_lite,0,False,False,0.125,0.052734375,0.125,0.052734375,288.0,153,217.1733999857679,256,32,0,0.5,64,128,0.046875,gray,hard,uniform,"[0.03125, 0.0703125, 0.0390625, 0.0703125]","[True, True, True, True]",0.052734375,0,minimum_sum,50,True,candidate_failed_verification,16,180,real_data,4,dc1d252b3b27a80e
real_typeii_20db_d16_bw180_blk0,layered_ldpc_lite,1,False,False,0.109375,0.0390625,0.109375,0.0390625,288.0,64,220.90700000990182,256,32,0,0.5,64,128,0.046875,gray,hard,uniform,"[0.03125, 0.0546875, 0.03125, 0.0390625]","[True, True, True, True]",0.0390625,0,minimum_sum,50,True,candidate_failed_verification,16,180,real_data,4,dc1d252b3b27a80e
real_typeii_20db_d16_bw180_blk0,layered_ldpc_lite,0,False,False,0.125,0.052734375,0.125,0.052734375,376.0,108,194.97159999446012,344,32,0,0.67,86,128,0.03488372093023256,gray,bsc_estimated,uniform,"[0.03125, 0.0703125, 0.0390625, 0.0703125]","[True, True, True, True]",0.052734375,0,minimum_sum,50,True,candidate_failed_verification,16,180,real_data,4,f3f67ce02bdd88ce
real_typeii_20db_d16_bw60_blk0,layered_ldpc_lite,0,False,False,0.234375,0.0703125,0.234375,0.0703125,288.0,200,190.1073000044562,256,32,0,0.5,64,128,0.046875,gray,bsc_estimated,uniform,"[0.046875, 0.0546875, 0.0703125, 0.109375]","[True, True, True, True]",0.0703125,0,minimum_sum,50,True,candidate_failed_verification,16,60,real_data,4,1b68567774e87e2e
real_typeii_20db_d16_bw60_blk0,layered_ldpc_lite,1,False,False,0.2421875,0.0625,0.2421875,0.0625,288.0,154,220.0787999900058,256,32,0,0.5,64,128,0.046875,gray,bsc_estimated,uniform,"[0.0234375, 0.03125, 0.0703125, 0.125]","[True, True, True, True]",0.0625,0,minimum_sum,50,True,candidate_failed_verification,16,60,real_data,4,1b68567774e87e2e
real_typeii_20db_d16_bw60_blk0,layered_ldpc_lite,0,False,False,0.234375,0.0703125,0.234375,0.0703125,288.0,200,225.67799998796545,256,32,0,0.5,64,128,0.046875,gray,hard,uniform,"[0.046875, 0.0546875, 0.0703125, 0.109375]","[True, True, True, True]",0.0703125,0,minimum_sum,50,True,candidate_failed_verification,16,60,real_data,4,dc1d252b3b27a80e
real_typeii_20db_d16_bw60_blk0,layered_ldpc_lite,1,False,False,0.2421875,0.0625,0.2421875,0.0625,288.0,154,217.65350000350736,256,32,0,0.5,64,128,0.046875,gray,hard,uniform,"[0.0234375, 0.03125, 0.0703125, 0.125]","[True, True, True, True]",0.0625,0,minimum_sum,50,True,candidate_failed_verification,16,60,real_data,4,dc1d252b3b27a80e
real_typeii_20db_d16_bw60_blk0,layered_ldpc_lite,0,False,False,0.234375,0.0703125,0.234375,0.0703125,376.0,108,195.00330000300892,344,32,0,0.67,86,128,0.03488372093023256,gray,hard,uniform,"[0.046875, 0.0546875, 0.0703125, 0.109375]","[True, True, True, True]",0.0703125,0,minimum_sum,50,True,candidate_failed_verification,16,60,real_data,4,ec874e3fd7633e78
real_typeii_20db_d16_bw60_blk0,layered_ldpc_lite,1,False,False,0.2421875,0.0625,0.2421875,0.0625,376.0,61,223.22459999122657,344,32,0,0.67,86,128,0.03488372093023256,gray,hard,uniform,"[0.0234375, 0.03125, 0.0703125, 0.125]","[True, True, True, True]",0.0625,0,minimum_sum,50,True,candidate_failed_verification,16,60,real_data,4,ec874e3fd7633e78
real_typeii_20db_d16_bw60_blk0,layered_ldpc_lite,0,False,False,0.234375,0.0703125,0.234375,0.0703125,376.0,108,224.17579998727888,344,32,0,0.67,86,128,0.03488372093023256,gray,bsc_estimated,uniform,"[0.046875, 0.0546875, 0.0703125, 0.109375]","[True, True, True, True]",0.0703125,0,minimum_sum,50,True,candidate_failed_verification,16,60,real_data,4,f3f67ce02bdd88ce
real_typeii_20db_d16_bw60_blk0,layered_ldpc_lite,1,False,False,0.2421875,0.0625,0.2421875,0.0625,376.0,61,208.25929997954518,344,32,0,0.67,86,128,0.03488372093023256,gray,bsc_estimated,uniform,"[0.0234375, 0.03125, 0.0703125, 0.125]","[True, True, True, True]",0.0625,0,minimum_sum,50,True,candidate_failed_verification,16,60,real_data,4,f3f67ce02bdd88ce
real_typeii_20db_d16_bw60_blk0,layered_ldpc_lite,1,False,False,0.2421875,0.0625,0.2421875,0.0625,444.0,60,222.27440000278875,412,32,0,0.8,103,128,0.02912621359223301,gray,bsc_estimated,uniform,"[0.0234375, 0.03125, 0.0703125, 0.125]","[True, True, True, True]",0.0625,0,minimum_sum,50,True,candidate_failed_verification,16,60,real_data,4,221e5a91339f6e44
real_typeii_20db_d16_bw60_blk0,layered_ldpc_lite,1,False,False,0.2421875,0.0625,0.2421875,0.0625,444.0,60,230.59709998779,412,32,0,0.8,103,128,0.02912621359223301,gray,hard,uniform,"[0.0234375, 0.03125, 0.0703125, 0.125]","[True, True, True, True]",0.0625,0,minimum_sum,50,True,candidate_failed_verification,16,60,real_data,4,b07a3943cf9048dc
real_typeii_20db_d32_bw100_blk0,layered_ldpc_lite,0,False,False,0.25,0.084375,0.25,0.084375,352.0,250,252.43439999758266,320,32,0,0.5,64,128,0.046875,gray,hard,uniform,"[0.0546875, 0.0859375, 0.0625, 0.1015625, 0.1171875]","[True, True, True, True, True]",0.084375,0,minimum_sum,50,True,candidate_failed_verification,32,100,real_data,4,dc1d252b3b27a80e
real_typeii_20db_d32_bw100_blk0,layered_ldpc_lite,1,False,False,0.2109375,0.05625,0.2109375,0.05625,352.0,205,238.21109998971224,320,32,0,0.5,64,128,0.046875,gray,hard,uniform,"[0.0234375, 0.0390625, 0.0390625, 0.0546875, 0.125]","[True, True, True, True, True]",0.05625,0,minimum_sum,50,True,candidate_failed_verification,32,100,real_data,4,dc1d252b3b27a80e
real_typeii_20db_d32_bw100_blk0,layered_ldpc_lite,0,False,False,0.25,0.084375,0.25,0.084375,462.0,206,240.55990000488237,430,32,0,0.67,86,128,0.035065406976744186,gray,hard,uniform,"[0.0546875, 0.0859375, 0.0625, 0.1015625, 0.1171875]","[True, True, True, True, True]",0.084375,0,minimum_sum,50,True,candidate_failed_verification,32,100,real_data,4,ec874e3fd7633e78
real_typeii_20db_d32_bw100_blk0,layered_ldpc_lite,1,False,False,0.2109375,0.05625,0.2109375,0.05625,462.0,70,243.35450000944547,430,32,0,0.67,86,128,0.035065406976744186,gray,hard,uniform,"[0.0234375, 0.0390625, 0.0390625, 0.0546875, 0.125]","[True, True, True, True, True]",0.05625,0,minimum_sum,50,True,candidate_failed_verification,32,100,real_data,4,ec874e3fd7633e78
real_typeii_20db_d32_bw100_blk0,layered_ldpc_lite,0,False,False,0.25,0.084375,0.25,0.084375,352.0,250,268.41309998417273,320,32,0,0.5,64,128,0.046875,gray,bsc_estimated,uniform,"[0.0546875, 0.0859375, 0.0625, 0.1015625, 0.1171875]","[True, True, True, True, True]",0.084375,0,minimum_sum,50,True,candidate_failed_verification,32,100,real_data,4,1b68567774e87e2e
real_typeii_20db_d32_bw100_blk0,layered_ldpc_lite,1,False,False,0.2109375,0.05625,0.2109375,0.05625,352.0,205,262.4415000027511,320,32,0,0.5,64,128,0.046875,gray,bsc_estimated,uniform,"[0.0234375, 0.0390625, 0.0390625, 0.0546875, 0.125]","[True, True, True, True, True]",0.05625,0,minimum_sum,50,True,candidate_failed_verification,32,100,real_data,4,1b68567774e87e2e
real_typeii_20db_d32_bw100_blk0,layered_ldpc_lite,1,False,False,0.2109375,0.05625,0.2109375,0.05625,547.0,64,245.03960000583902,515,32,0,0.8,103,128,0.02935376213592233,gray,hard,uniform,"[0.0234375, 0.0390625, 0.0390625, 0.0546875, 0.125]","[True, True, True, True, True]",0.05625,0,minimum_sum,50,True,candidate_failed_verification,32,100,real_data,4,b07a3943cf9048dc
real_typeii_20db_d32_bw100_blk0,layered_ldpc_lite,0,False,False,0.25,0.084375,0.25,0.084375,462.0,206,230.81089998595417,430,32,0,0.67,86,128,0.035065406976744186,gray,bsc_estimated,uniform,"[0.0546875, 0.0859375, 0.0625, 0.1015625, 0.1171875]","[True, True, True, True, True]",0.084375,0,minimum_sum,50,True,candidate_failed_verification,32,100,real_data,4,f3f67ce02bdd88ce
real_typeii_20db_d32_bw100_blk0,layered_ldpc_lite,1,False,False,0.2109375,0.05625,0.2109375,0.05625,462.0,70,282.59829999296926,430,32,0,0.67,86,128,0.035065406976744186,gray,bsc_estimated,uniform,"[0.0234375, 0.0390625, 0.0390625, 0.0546875, 0.125]","[True, True, True, True, True]",0.05625,0,minimum_sum,50,True,candidate_failed_verification,32,100,real_data,4,f3f67ce02bdd88ce
real_typeii_20db_d32_bw100_blk0,layered_ldpc_lite,1,False,False,0.2109375,0.05625,0.2109375,0.05625,547.0,64,250.64620000193827,515,32,0,0.8,103,128,0.02935376213592233,gray,bsc_estimated,uniform,"[0.0234375, 0.0390625, 0.0390625, 0.0546875, 0.125]","[True, True, True, True, True]",0.05625,0,minimum_sum,50,True,candidate_failed_verification,32,100,real_data,4,221e5a91339f6e44
real_typeii_20db_d32_bw180_blk0,layered_ldpc_lite,0,False,False,0.171875,0.0765625,0.171875,0.0765625,352.0,250,239.7728000069037,320,32,0,0.5,64,128,0.046875,gray,hard,uniform,"[0.0546875, 0.0625, 0.1015625, 0.0703125, 0.09375]","[True, True, True, True, True]",0.0765625,0,minimum_sum,50,True,candidate_failed_verification,32,180,real_data,4,dc1d252b3b27a80e
real_typeii_20db_d32_bw180_blk0,layered_ldpc_lite,1,False,False,0.1640625,0.0734375,0.1640625,0.0734375,352.0,250,254.1672999795992,320,32,0,0.5,64,128,0.046875,gray,hard,uniform,"[0.0703125, 0.0546875, 0.078125, 0.078125, 0.0859375]","[True, True, True, True, True]",0.0734375,0,minimum_sum,50,True,candidate_failed_verification,32,180,real_data,4,dc1d252b3b27a80e
real_typeii_20db_d32_bw180_blk0,layered_ldpc_lite,0,False,False,0.171875,0.0765625,0.171875,0.0765625,352.0,250,256.65379999554716,320,32,0,0.5,64,128,0.046875,gray,bsc_estimated,uniform,"[0.0546875, 0.0625, 0.1015625, 0.0703125, 0.09375]","[True, True, True, True, True]",0.0765625,0,minimum_sum,50,True,candidate_failed_verification,32,180,real_data,4,1b68567774e87e2e
real_typeii_20db_d32_bw180_blk0,layered_ldpc_lite,1,False,False,0.1640625,0.0734375,0.1640625,0.0734375,352.0,250,272.7610000001732,320,32,0,0.5,64,128,0.046875,gray,bsc_estimated,uniform,"[0.0703125, 0.0546875, 0.078125, 0.078125, 0.0859375]","[True, True, True, True, True]",0.0734375,0,minimum_sum,50,True,candidate_failed_verification,32,180,real_data,4,1b68567774e87e2e
real_typeii_20db_d32_bw180_blk0,layered_ldpc_lite,0,False,False,0.171875,0.0765625,0.171875,0.0765625,462.0,209,264.82140002190135,430,32,0,0.67,86,128,0.035065406976744186,gray,hard,uniform,"[0.0546875, 0.0625, 0.1015625, 0.0703125, 0.09375]","[True, True, True, True, True]",0.0765625,0,minimum_sum,50,True,candidate_failed_verification,32,180,real_data,4,ec874e3fd7633e78
real_typeii_20db_d32_bw180_blk0,layered_ldpc_lite,1,False,False,0.1640625,0.0734375,0.1640625,0.0734375,462.0,205,248.19020001450554,430,32,0,0.67,86,128,0.035065406976744186,gray,hard,uniform,"[0.0703125, 0.0546875, 0.078125, 0.078125, 0.0859375]","[True, True, True, True, True]",0.0734375,0,minimum_sum,50,True,candidate_failed_verification,32,180,real_data,4,ec874e3fd7633e78
real_typeii_20db_d32_bw180_blk0,layered_ldpc_lite,0,False,False,0.171875,0.0765625,0.171875,0.0765625,547.0,71,231.52319999644533,515,32,0,0.8,103,128,0.02935376213592233,gray,hard,uniform,"[0.0546875, 0.0625, 0.1015625, 0.0703125, 0.09375]","[True, True, True, True, True]",0.0765625,0,minimum_sum,50,True,candidate_failed_verification,32,180,real_data,4,b07a3943cf9048dc
real_typeii_20db_d32_bw180_blk0,layered_ldpc_lite,0,False,False,0.171875,0.0765625,0.171875,0.0765625,462.0,209,253.86799999978393,430,32,0,0.67,86,128,0.035065406976744186,gray,bsc_estimated,uniform,"[0.0546875, 0.0625, 0.1015625, 0.0703125, 0.09375]","[True, True, True, True, True]",0.0765625,0,minimum_sum,50,True,candidate_failed_verification,32,180,real_data,4,f3f67ce02bdd88ce
real_typeii_20db_d32_bw180_blk0,layered_ldpc_lite,1,False,False,0.1640625,0.0734375,0.1640625,0.0734375,462.0,205,241.396800003713,430,32,0,0.67,86,128,0.035065406976744186,gray,bsc_estimated,uniform,"[0.0703125, 0.0546875, 0.078125, 0.078125, 0.0859375]","[True, True, True, True, True]",0.0734375,0,minimum_sum,50,True,candidate_failed_verification,32,180,real_data,4,f3f67ce02bdd88ce
real_typeii_20db_d32_bw180_blk0,layered_ldpc_lite,0,False,False,0.171875,0.0765625,0.171875,0.0765625,547.0,71,243.37639997247607,515,32,0,0.8,103,128,0.02935376213592233,gray,bsc_estimated,uniform,"[0.0546875, 0.0625, 0.1015625, 0.0703125, 0.09375]","[True, True, True, True, True]",0.0765625,0,minimum_sum,50,True,candidate_failed_verification,32,180,real_data,4,221e5a91339f6e44
real_typeii_20db_d32_bw40_blk0,layered_ldpc_lite,0,False,False,0.3046875,0.06875,0.3046875,0.06875,352.0,156,245.50669998279773,320,32,0,0.5,64,128,0.046875,gray,hard,uniform,"[0.0234375, 0.03125, 0.0546875, 0.09375, 0.140625]","[True, True, True, True, True]",0.06875,0,minimum_sum,50,True,candidate_failed_verification,32,40,real_data,4,dc1d252b3b27a80e
real_typeii_20db_d32_bw40_blk0,layered_ldpc_lite,1,False,False,0.328125,0.0796875,0.328125,0.0796875,352.0,202,245.77219999628142,320,32,0,0.5,64,128,0.046875,gray,hard,uniform,"[0.0234375, 0.0546875, 0.0703125, 0.0703125, 0.1796875]","[True, True, True, True, True]",0.0796875,0,minimum_sum,50,True,candidate_failed_verification,32,40,real_data,4,dc1d252b3b27a80e
real_typeii_20db_d32_bw40_blk0,layered_ldpc_lite,0,False,False,0.3046875,0.06875,0.3046875,0.06875,462.0,114,234.55610001110472,430,32,0,0.67,86,128,0.035065406976744186,gray,hard,uniform,"[0.0234375, 0.03125, 0.0546875, 0.09375, 0.140625]","[True, True, True, True, True]",0.06875,0,minimum_sum,50,True,candidate_failed_verification,32,40,real_data,4,ec874e3fd7633e78
real_typeii_20db_d32_bw40_blk0,layered_ldpc_lite,1,False,False,0.328125,0.0796875,0.328125,0.0796875,462.0,113,242.50900000333786,430,32,0,0.67,86,128,0.035065406976744186,gray,hard,uniform,"[0.0234375, 0.0546875, 0.0703125, 0.0703125, 0.1796875]","[True, True, True, True, True]",0.0796875,0,minimum_sum,50,True,candidate_failed_verification,32,40,real_data,4,ec874e3fd7633e78
real_typeii_20db_d32_bw40_blk0,layered_ldpc_lite,0,False,False,0.3046875,0.06875,0.3046875,0.06875,352.0,156,245.2476000180468,320,32,0,0.5,64,128,0.046875,gray,bsc_estimated,uniform,"[0.0234375, 0.03125, 0.0546875, 0.09375, 0.140625]","[True, True, True, True, True]",0.06875,0,minimum_sum,50,True,candidate_failed_verification,32,40,real_data,4,1b68567774e87e2e
real_typeii_20db_d32_bw40_blk0,layered_ldpc_lite,1,False,False,0.328125,0.0796875,0.328125,0.0796875,352.0,202,269.51850001933053,320,32,0,0.5,64,128,0.046875,gray,bsc_estimated,uniform,"[0.0234375, 0.0546875, 0.0703125, 0.0703125, 0.1796875]","[True, True, True, True, True]",0.0796875,0,minimum_sum,50,True,candidate_failed_verification,32,40,real_data,4,1b68567774e87e2e
real_typeii_20db_d32_bw40_blk0,layered_ldpc_lite,0,False,False,0.3046875,0.06875,0.3046875,0.06875,462.0,114,252.73780000861734,430,32,0,0.67,86,128,0.035065406976744186,gray,bsc_estimated,uniform,"[0.0234375, 0.03125, 0.0546875, 0.09375, 0.140625]","[True, True, True, True, True]",0.06875,0,minimum_sum,50,True,candidate_failed_verification,32,40,real_data,4,f3f67ce02bdd88ce
real_typeii_20db_d32_bw40_blk0,layered_ldpc_lite,1,False,False,0.328125,0.0796875,0.328125,0.0796875,462.0,113,263.3825000084471,430,32,0,0.67,86,128,0.035065406976744186,gray,bsc_estimated,uniform,"[0.0234375, 0.0546875, 0.0703125, 0.0703125, 0.1796875]","[True, True, True, True, True]",0.0796875,0,minimum_sum,50,True,candidate_failed_verification,32,40,real_data,4,f3f67ce02bdd88ce
real_typeii_20db_d32_bw40_blk0,layered_ldpc_lite,0,False,False,0.3046875,0.06875,0.3046875,0.06875,547.0,110,235.302099987166,515,32,0,0.8,103,128,0.02935376213592233,gray,hard,uniform,"[0.0234375, 0.03125, 0.0546875, 0.09375, 0.140625]","[True, True, True, True, True]",0.06875,0,minimum_sum,50,True,candidate_failed_verification,32,40,real_data,4,b07a3943cf9048dc
real_typeii_20db_d32_bw40_blk0,layered_ldpc_lite,1,False,False,0.328125,0.0796875,0.328125,0.0796875,547.0,67,259.3856999883428,515,32,0,0.8,103,128,0.02935376213592233,gray,hard,uniform,"[0.0234375, 0.0546875, 0.0703125, 0.0703125, 0.1796875]","[True, True, True, True, True]",0.0796875,0,minimum_sum,50,True,candidate_failed_verification,32,40,real_data,4,b07a3943cf9048dc
real_typeii_20db_d32_bw40_blk0,layered_ldpc_lite,1,False,False,0.328125,0.0796875,0.328125,0.0796875,612.0,69,262.2524999896996,580,32,0,0.9,116,128,0.026400862068965518,gray,hard,uniform,"[0.0234375, 0.0546875, 0.0703125, 0.0703125, 0.1796875]","[True, True, True, True, True]",0.0796875,0,minimum_sum,50,True,candidate_failed_verification,32,40,real_data,4,9670a15685aa444a
real_typeii_20db_d32_bw40_blk0,layered_ldpc_lite,0,False,False,0.3046875,0.06875,0.3046875,0.06875,547.0,110,258.3742999995593,515,32,0,0.8,103,128,0.02935376213592233,gray,bsc_estimated,uniform,"[0.0234375, 0.03125, 0.0546875, 0.09375, 0.140625]","[True, True, True, True, True]",0.06875,0,minimum_sum,50,True,candidate_failed_verification,32,40,real_data,4,221e5a91339f6e44
real_typeii_20db_d32_bw40_blk0,layered_ldpc_lite,1,False,False,0.328125,0.0796875,0.328125,0.0796875,547.0,67,281.1664000037126,515,32,0,0.8,103,128,0.02935376213592233,gray,bsc_estimated,uniform,"[0.0234375, 0.0546875, 0.0703125, 0.0703125, 0.1796875]","[True, True, True, True, True]",0.0796875,0,minimum_sum,50,True,candidate_failed_verification,32,40,real_data,4,221e5a91339f6e44
real_typeii_20db_d32_bw40_blk0,layered_ldpc_lite,1,False,False,0.328125,0.0796875,0.328125,0.0796875,612.0,69,276.30019999924116,580,32,0,0.9,116,128,0.026400862068965518,gray,bsc_estimated,uniform,"[0.0234375, 0.0546875, 0.0703125, 0.0703125, 0.1796875]","[True, True, True, True, True]",0.0796875,0,minimum_sum,50,True,candidate_failed_verification,32,40,real_data,4,e8db1e33326bc16a
real_typeii_20db_d32_bw60_blk0,layered_ldpc_lite,0,False,False,0.265625,0.0703125,0.265625,0.0703125,352.0,250,247.29430000297725,320,32,0,0.5,64,128,0.046875,gray,hard,uniform,"[0.03125, 0.0546875, 0.0703125, 0.0859375, 0.109375]","[True, True, True, True, True]",0.0703125,0,minimum_sum,50,True,candidate_failed_verification,32,60,real_data,4,dc1d252b3b27a80e
real_typeii_20db_d32_bw60_blk0,layered_ldpc_lite,1,False,False,0.2734375,0.06875,0.2734375,0.06875,352.0,202,244.51310001313686,320,32,0,0.5,64,128,0.046875,gray,hard,uniform,"[0.03125, 0.0390625, 0.0546875, 0.0859375, 0.1328125]","[True, True, True, True, True]",0.06875,0,minimum_sum,50,True,candidate_failed_verification,32,60,real_data,4,dc1d252b3b27a80e
real_typeii_20db_d32_bw60_blk0,layered_ldpc_lite,0,False,False,0.265625,0.0703125,0.265625,0.0703125,352.0,250,232.3978999920655,320,32,0,0.5,64,128,0.046875,gray,bsc_estimated,uniform,"[0.03125, 0.0546875, 0.0703125, 0.0859375, 0.109375]","[True, True, True, True, True]",0.0703125,0,minimum_sum,50,True,candidate_failed_verification,32,60,real_data,4,1b68567774e87e2e
real_typeii_20db_d32_bw60_blk0,layered_ldpc_lite,1,False,False,0.2734375,0.06875,0.2734375,0.06875,352.0,202,253.80549998953938,320,32,0,0.5,64,128,0.046875,gray,bsc_estimated,uniform,"[0.03125, 0.0390625, 0.0546875, 0.0859375, 0.1328125]","[True, True, True, True, True]",0.06875,0,minimum_sum,50,True,candidate_failed_verification,32,60,real_data,4,1b68567774e87e2e
real_typeii_20db_d8_bw120_blk0,layered_ldpc_lite,0,False,False,0.1328125,0.057291666666666664,0.1328125,0.057291666666666664,224.0,150,138.84159998269752,192,32,0,0.5,64,128,0.046875,gray,hard,uniform,"[0.046875, 0.0546875, 0.0703125]","[True, True, True]",0.057291666666666664,0,minimum_sum,50,True,candidate_failed_verification,8,120,real_data,4,dc1d252b3b27a80e
real_typeii_20db_d8_bw120_blk0,layered_ldpc_lite,1,False,False,0.1171875,0.041666666666666664,0.1171875,0.041666666666666664,224.0,104,122.53419999615289,192,32,0,0.5,64,128,0.046875,gray,hard,uniform,"[0.0234375, 0.03125, 0.0703125]","[True, True, True]",0.041666666666666664,0,minimum_sum,50,True,candidate_failed_verification,8,120,real_data,4,dc1d252b3b27a80e
real_typeii_20db_d32_bw60_blk0,layered_ldpc_lite,0,False,False,0.265625,0.0703125,0.265625,0.0703125,462.0,202,297.82529998919927,430,32,0,0.67,86,128,0.035065406976744186,gray,hard,uniform,"[0.03125, 0.0546875, 0.0703125, 0.0859375, 0.109375]","[True, True, True, True, True]",0.0703125,0,minimum_sum,50,True,candidate_failed_verification,32,60,real_data,4,ec874e3fd7633e78
real_typeii_20db_d32_bw60_blk0,layered_ldpc_lite,1,False,False,0.2734375,0.06875,0.2734375,0.06875,462.0,155,246.19160001748241,430,32,0,0.67,86,128,0.035065406976744186,gray,hard,uniform,"[0.03125, 0.0390625, 0.0546875, 0.0859375, 0.1328125]","[True, True, True, True, True]",0.06875,0,minimum_sum,50,True,candidate_failed_verification,32,60,real_data,4,ec874e3fd7633e78
real_typeii_20db_d32_bw60_blk0,layered_ldpc_lite,0,False,False,0.265625,0.0703125,0.265625,0.0703125,462.0,202,251.26960000488907,430,32,0,0.67,86,128,0.035065406976744186,gray,bsc_estimated,uniform,"[0.03125, 0.0546875, 0.0703125, 0.0859375, 0.109375]","[True, True, True, True, True]",0.0703125,0,minimum_sum,50,True,candidate_failed_verification,32,60,real_data,4,f3f67ce02bdd88ce
real_typeii_20db_d32_bw60_blk0,layered_ldpc_lite,1,False,False,0.2734375,0.06875,0.2734375,0.06875,462.0,155,241.54920000000857,430,32,0,0.67,86,128,0.035065406976744186,gray,bsc_estimated,uniform,"[0.03125, 0.0390625, 0.0546875, 0.0859375, 0.1328125]","[True, True, True, True, True]",0.06875,0,minimum_sum,50,True,candidate_failed_verification,32,60,real_data,4,f3f67ce02bdd88ce
real_typeii_20db_d8_bw120_blk0,layered_ldpc_lite,0,False,False,0.1328125,0.057291666666666664,0.1328125,0.057291666666666664,290.0,58,160.77419999055564,258,32,0,0.67,86,128,0.03488372093023256,gray,hard,uniform,"[0.046875, 0.0546875, 0.0703125]","[True, True, True]",0.057291666666666664,0,minimum_sum,50,True,candidate_failed_verification,8,120,real_data,4,ec874e3fd7633e78
real_typeii_20db_d32_bw60_blk0,layered_ldpc_lite,0,False,False,0.265625,0.0703125,0.265625,0.0703125,547.0,69,236.32260001613759,515,32,0,0.8,103,128,0.02935376213592233,gray,hard,uniform,"[0.03125, 0.0546875, 0.0703125, 0.0859375, 0.109375]","[True, True, True, True, True]",0.0703125,0,minimum_sum,50,True,candidate_failed_verification,32,60,real_data,4,b07a3943cf9048dc
real_typeii_20db_d32_bw60_blk0,layered_ldpc_lite,1,False,False,0.2734375,0.06875,0.2734375,0.06875,547.0,66,270.15310002025217,515,32,0,0.8,103,128,0.02935376213592233,gray,hard,uniform,"[0.03125, 0.0390625, 0.0546875, 0.0859375, 0.1328125]","[True, True, True, True, True]",0.06875,0,minimum_sum,50,True,candidate_failed_verification,32,60,real_data,4,b07a3943cf9048dc
real_typeii_20db_d8_bw120_blk0,layered_ldpc_lite,0,False,False,0.1328125,0.057291666666666664,0.1328125,0.057291666666666664,224.0,150,152.30220000375994,192,32,0,0.5,64,128,0.046875,gray,bsc_estimated,uniform,"[0.046875, 0.0546875, 0.0703125]","[True, True, True]",0.057291666666666664,0,minimum_sum,50,True,candidate_failed_verification,8,120,real_data,4,1b68567774e87e2e
real_typeii_20db_d8_bw120_blk0,layered_ldpc_lite,1,False,False,0.1171875,0.041666666666666664,0.1171875,0.041666666666666664,224.0,104,160.07270000409335,192,32,0,0.5,64,128,0.046875,gray,bsc_estimated,uniform,"[0.0234375, 0.03125, 0.0703125]","[True, True, True]",0.041666666666666664,0,minimum_sum,50,True,candidate_failed_verification,8,120,real_data,4,1b68567774e87e2e
real_typeii_20db_d8_bw120_blk0,layered_ldpc_lite,0,False,False,0.1328125,0.057291666666666664,0.1328125,0.057291666666666664,290.0,58,147.28410000680014,258,32,0,0.67,86,128,0.03488372093023256,gray,bsc_estimated,uniform,"[0.046875, 0.0546875, 0.0703125]","[True, True, True]",0.057291666666666664,0,minimum_sum,50,True,candidate_failed_verification,8,120,real_data,4,f3f67ce02bdd88ce
real_typeii_20db_d32_bw60_blk0,layered_ldpc_lite,1,False,False,0.2734375,0.06875,0.2734375,0.06875,612.0,63,213.65230000810698,580,32,0,0.9,116,128,0.026400862068965518,gray,bsc_estimated,uniform,"[0.03125, 0.0390625, 0.0546875, 0.0859375, 0.1328125]","[True, True, True, True, True]",0.06875,0,minimum_sum,50,True,candidate_failed_verification,32,60,real_data,4,e8db1e33326bc16a
real_typeii_20db_d32_bw60_blk0,layered_ldpc_lite,1,False,False,0.2734375,0.06875,0.2734375,0.06875,612.0,63,232.22619999432936,580,32,0,0.9,116,128,0.026400862068965518,gray,hard,uniform,"[0.03125, 0.0390625, 0.0546875, 0.0859375, 0.1328125]","[True, True, True, True, True]",0.06875,0,minimum_sum,50,True,candidate_failed_verification,32,60,real_data,4,9670a15685aa444a
real_typeii_20db_d32_bw60_blk0,layered_ldpc_lite,0,False,False,0.265625,0.0703125,0.265625,0.0703125,547.0,69,271.76849998068064,515,32,0,0.8,103,128,0.02935376213592233,gray,bsc_estimated,uniform,"[0.03125, 0.0546875, 0.0703125, 0.0859375, 0.109375]","[True, True, True, True, True]",0.0703125,0,minimum_sum,50,True,candidate_failed_verification,32,60,real_data,4,221e5a91339f6e44
real_typeii_20db_d32_bw60_blk0,layered_ldpc_lite,1,False,False,0.2734375,0.06875,0.2734375,0.06875,547.0,66,291.4605000114534,515,32,0,0.8,103,128,0.02935376213592233,gray,bsc_estimated,uniform,"[0.03125, 0.0390625, 0.0546875, 0.0859375, 0.1328125]","[True, True, True, True, True]",0.06875,0,minimum_sum,50,True,candidate_failed_verification,32,60,real_data,4,221e5a91339f6e44
real_typeii_20db_d8_bw180_blk0,layered_ldpc_lite,0,False,False,0.09375,0.044270833333333336,0.09375,0.044270833333333336,224.0,58,129.01119998423383,192,32,0,0.5,64,128,0.046875,gray,hard,uniform,"[0.0390625, 0.03125, 0.0625]","[True, True, True]",0.044270833333333336,0,minimum_sum,50,True,candidate_failed_verification,8,180,real_data,4,dc1d252b3b27a80e
real_typeii_20db_d8_bw180_blk0,layered_ldpc_lite,1,False,False,0.078125,0.03125,0.078125,0.03125,224.0,103,161.92720000981353,192,32,0,0.5,64,128,0.046875,gray,hard,uniform,"[0.046875, 0.0234375, 0.0234375]","[True, True, True]",0.03125,0,minimum_sum,50,True,candidate_failed_verification,8,180,real_data,4,dc1d252b3b27a80e
real_typeii_20db_d8_bw180_blk0,layered_ldpc_lite,0,False,False,0.09375,0.044270833333333336,0.09375,0.044270833333333336,224.0,58,168.42890001134947,192,32,0,0.5,64,128,0.046875,gray,bsc_estimated,uniform,"[0.0390625, 0.03125, 0.0625]","[True, True, True]",0.044270833333333336,0,minimum_sum,50,True,candidate_failed_verification,8,180,real_data,4,1b68567774e87e2e
real_typeii_20db_d8_bw180_blk0,layered_ldpc_lite,1,False,False,0.078125,0.03125,0.078125,0.03125,224.0,103,152.76229998562485,192,32,0,0.5,64,128,0.046875,gray,bsc_estimated,uniform,"[0.046875, 0.0234375, 0.0234375]","[True, True, True]",0.03125,0,minimum_sum,50,True,candidate_failed_verification,8,180,real_data,4,1b68567774e87e2e
real_typeii_20db_d8_bw200_blk0,layered_ldpc_lite,0,False,False,0.140625,0.06510416666666667,0.140625,0.06510416666666667,224.0,150,164.59639999084175,192,32,0,0.5,64,128,0.046875,gray,bsc_estimated,uniform,"[0.0546875, 0.0546875, 0.0859375]","[True, True, True]",0.06510416666666667,0,minimum_sum,50,True,candidate_failed_verification,8,200,real_data,4,1b68567774e87e2e
real_typeii_20db_d8_bw200_blk0,layered_ldpc_lite,1,False,False,0.09375,0.036458333333333336,0.09375,0.036458333333333336,224.0,58,154.5025999948848,192,32,0,0.5,64,128,0.046875,gray,bsc_estimated,uniform,"[0.046875, 0.0234375, 0.0390625]","[True, True, True]",0.036458333333333336,0,minimum_sum,50,True,candidate_failed_verification,8,200,real_data,4,1b68567774e87e2e
real_typeii_20db_d8_bw200_blk0,layered_ldpc_lite,0,False,False,0.140625,0.06510416666666667,0.140625,0.06510416666666667,290.0,59,160.05619999486953,258,32,0,0.67,86,128,0.03488372093023256,gray,bsc_estimated,uniform,"[0.0546875, 0.0546875, 0.0859375]","[True, True, True]",0.06510416666666667,0,minimum_sum,50,True,candidate_failed_verification,8,200,real_data,4,f3f67ce02bdd88ce
real_typeii_20db_d8_bw200_blk0,layered_ldpc_lite,0,False,False,0.140625,0.06510416666666667,0.140625,0.06510416666666667,290.0,59,148.05889999843203,258,32,0,0.67,86,128,0.03488372093023256,gray,hard,uniform,"[0.0546875, 0.0546875, 0.0859375]","[True, True, True]",0.06510416666666667,0,minimum_sum,50,True,candidate_failed_verification,8,200,real_data,4,ec874e3fd7633e78
real_typeii_20db_d8_bw200_blk0,layered_ldpc_lite,0,False,False,0.140625,0.06510416666666667,0.140625,0.06510416666666667,224.0,150,179.53420002595522,192,32,0,0.5,64,128,0.046875,gray,hard,uniform,"[0.0546875, 0.0546875, 0.0859375]","[True, True, True]",0.06510416666666667,0,minimum_sum,50,True,candidate_failed_verification,8,200,real_data,4,dc1d252b3b27a80e
real_typeii_20db_d8_bw200_blk0,layered_ldpc_lite,1,False,False,0.09375,0.036458333333333336,0.09375,0.036458333333333336,224.0,58,185.2024999971036,192,32,0,0.5,64,128,0.046875,gray,hard,uniform,"[0.046875, 0.0234375, 0.0390625]","[True, True, True]",0.036458333333333336,0,minimum_sum,50,True,candidate_failed_verification,8,200,real_data,4,dc1d252b3b27a80e
real_typeii_20db_d8_bw50_blk0,layered_ldpc_lite,0,False,False,0.21875,0.08333333333333333,0.21875,0.08333333333333333,224.0,150,159.41819999716245,192,32,0,0.5,64,128,0.046875,gray,bsc_estimated,uniform,"[0.0546875, 0.0703125, 0.125]","[True, True, True]",0.08333333333333333,0,minimum_sum,50,True,candidate_failed_verification,8,50,real_data,4,1b68567774e87e2e
real_typeii_20db_d8_bw50_blk0,layered_ldpc_lite,1,False,False,0.2578125,0.08854166666666667,0.2578125,0.08854166666666667,224.0,150,163.5748999833595,192,32,0,0.5,64,128,0.046875,gray,bsc_estimated,uniform,"[0.0390625, 0.1171875, 0.109375]","[True, True, True]",0.08854166666666667,0,minimum_sum,50,True,candidate_failed_verification,8,50,real_data,4,1b68567774e87e2e
real_typeii_20db_d8_bw50_blk0,layered_ldpc_lite,0,False,False,0.21875,0.08333333333333333,0.21875,0.08333333333333333,224.0,150,178.4421999764163,192,32,0,0.5,64,128,0.046875,gray,hard,uniform,"[0.0546875, 0.0703125, 0.125]","[True, True, True]",0.08333333333333333,0,minimum_sum,50,True,candidate_failed_verification,8,50,real_data,4,dc1d252b3b27a80e
real_typeii_20db_d8_bw50_blk0,layered_ldpc_lite,1,False,False,0.2578125,0.08854166666666667,0.2578125,0.08854166666666667,224.0,150,153.47469999687746,192,32,0,0.5,64,128,0.046875,gray,hard,uniform,"[0.0390625, 0.1171875, 0.109375]","[True, True, True]",0.08854166666666667,0,minimum_sum,50,True,candidate_failed_verification,8,50,real_data,4,dc1d252b3b27a80e
real_typeii_20db_d8_bw50_blk0,layered_ldpc_lite,0,False,False,0.21875,0.08333333333333333,0.21875,0.08333333333333333,290.0,61,134.67259999015369,258,32,0,0.67,86,128,0.03488372093023256,gray,bsc_estimated,uniform,"[0.0546875, 0.0703125, 0.125]","[True, True, True]",0.08333333333333333,0,minimum_sum,50,True,candidate_failed_verification,8,50,real_data,4,f3f67ce02bdd88ce
real_typeii_20db_d8_bw50_blk0,layered_ldpc_lite,1,False,False,0.2578125,0.08854166666666667,0.2578125,0.08854166666666667,290.0,104,155.90630000224337,258,32,0,0.67,86,128,0.03488372093023256,gray,bsc_estimated,uniform,"[0.0390625, 0.1171875, 0.109375]","[True, True, True]",0.08854166666666667,0,minimum_sum,50,True,candidate_failed_verification,8,50,real_data,4,f3f67ce02bdd88ce
real_typeii_20db_d8_bw50_blk0,layered_ldpc_lite,0,False,False,0.21875,0.08333333333333333,0.21875,0.08333333333333333,290.0,61,160.4910000169184,258,32,0,0.67,86,128,0.03488372093023256,gray,hard,uniform,"[0.0546875, 0.0703125, 0.125]","[True, True, True]",0.08333333333333333,0,minimum_sum,50,True,candidate_failed_verification,8,50,real_data,4,ec874e3fd7633e78
real_typeii_20db_d8_bw50_blk0,layered_ldpc_lite,1,False,False,0.2578125,0.08854166666666667,0.2578125,0.08854166666666667,290.0,104,139.55429999623448,258,32,0,0.67,86,128,0.03488372093023256,gray,hard,uniform,"[0.0390625, 0.1171875, 0.109375]","[True, True, True]",0.08854166666666667,0,minimum_sum,50,True,candidate_failed_verification,8,50,real_data,4,ec874e3fd7633e78
real_typeii_20db_d8_bw50_blk0,layered_ldpc_lite,0,False,False,0.21875,0.08333333333333333,0.21875,0.08333333333333333,341.0,57,173.6522999999579,309,32,0,0.8,103,128,0.029277912621359224,gray,bsc_estimated,uniform,"[0.0546875, 0.0703125, 0.125]","[True, True, True]",0.08333333333333333,0,minimum_sum,50,True,candidate_failed_verification,8,50,real_data,4,221e5a91339f6e44
real_typeii_20db_d8_bw50_blk0,layered_ldpc_lite,1,False,False,0.2578125,0.08854166666666667,0.2578125,0.08854166666666667,341.0,85,143.5570000030566,309,32,0,0.8,103,128,0.029277912621359224,gray,hard,uniform,"[0.0390625, 0.1171875, 0.109375]","[True, True, True]",0.08854166666666667,0,minimum_sum,50,True,candidate_failed_verification,8,50,real_data,4,b07a3943cf9048dc
