source_tag,frame_id,raw_ser,bitplane_mismatch,max_bitplane_mismatch,min_bitplane_mismatch,lsb_mismatch,msb_mismatch,final_entropy,stagnation_iterations,oscillation_detected
type2_1M_20260121_184040,15,0.23046875,"[0.0, 0.0, 0.0, 0.0, 0.0078125, 0.00390625, 0.015625, 0.03515625, 0.05078125, 0.1171875]",0.1171875,0.0,0.1171875,0.0,0.09072790542923453,57,False
type2_1M_20260121_184040,20,0.25,"[0.0, 0.0, 0.0, 0.0, 0.00390625, 0.0078125, 0.01953125, 0.03125, 0.078125, 0.109375]",0.109375,0.0,0.109375,0.0,0.11274935801559291,59,True
type2_1M_20260121_184040,92,0.2421875,"[0.0, 0.0, 0.0, 0.0, 0.00390625, 0.0, 0.03125, 0.03125, 0.0546875, 0.12109375]",0.12109375,0.0,0.12109375,0.0,0.07637309795964875,60,False
type2_1M_20260121_184040,202,0.234375,"[0.0, 0.0, 0.0, 0.0, 0.00390625, 0.0078125, 0.01171875, 0.04296875, 0.0546875, 0.11328125]",0.11328125,0.0,0.11328125,0.0,0.07265405631287634,47,True
type2_1M_20260121_184040,219,0.2265625,"[0.0, 0.0, 0.0, 0.0, 0.00390625, 0.01953125, 0.015625, 0.03125, 0.0546875, 0.1015625]",0.1015625,0.0,0.1015625,0.0,0.03916347876622422,54,False
type2_1M_20260121_184040,220,0.26171875,"[0.0, 0.00390625, 0.0, 0.00390625, 0.00390625, 0.0078125, 0.01171875, 0.0234375, 0.0546875, 0.15234375]",0.15234375,0.0,0.15234375,0.0,0.11084456255344323,51,True
type2_1M_20260121_184040,248,0.26171875,"[0.00390625, 0.00390625, 0.0, 0.00390625, 0.00390625, 0.00390625, 0.01171875, 0.02734375, 0.0625, 0.140625]",0.140625,0.0,0.140625,0.00390625,0.045676673560897,43,False
type2_1M_20260121_184040,312,0.25,"[0.0, 0.00390625, 0.0, 0.00390625, 0.00390625, 0.01171875, 0.01953125, 0.015625, 0.0625, 0.12890625]",0.12890625,0.0,0.12890625,0.0,0.06801986460038466,49,False
type2_1M_20260121_184040,421,0.2890625,"[0.0, 0.0, 0.0, 0.0, 0.0, 0.02734375, 0.01171875, 0.0390625, 0.08984375, 0.12109375]",0.12109375,0.0,0.12109375,0.0,0.05434388204342224,43,True
type2_1M_20260121_184040,472,0.23046875,"[0.0, 0.0, 0.0, 0.0, 0.00390625, 0.01171875, 0.015625, 0.01953125, 0.08984375, 0.08984375]",0.08984375,0.0,0.08984375,0.0,0.09883957051856225,84,False
type2_1M_20260121_184040,491,0.2265625,"[0.0, 0.0, 0.0, 0.00390625, 0.00390625, 0.0078125, 0.0078125, 0.0234375, 0.0546875, 0.125]",0.125,0.0,0.125,0.0,0.07849423611700432,68,True
type2_1M_20260121_184040,627,0.26953125,"[0.0, 0.00390625, 0.0, 0.0, 0.0, 0.0, 0.0078125, 0.02734375, 0.08203125, 0.1484375]",0.1484375,0.0,0.1484375,0.0,0.07469466070956911,47,False
type2_1M_20260121_184040,837,0.2421875,"[0.0, 0.0, 0.0, 0.0, 0.0, 0.015625, 0.0078125, 0.046875, 0.0703125, 0.1015625]",0.1015625,0.0,0.1015625,0.0,0.06242994784214198,48,True
type2_1M_20260121_184040,865,0.25390625,"[0.00390625, 0.0, 0.0, 0.01171875, 0.0078125, 0.00390625, 0.00390625, 0.02734375, 0.07421875, 0.12109375]",0.12109375,0.0,0.12109375,0.00390625,0.11469912976200014,57,False
type2_1M_20260121_184040,879,0.2890625,"[0.0, 0.0, 0.0, 0.00390625, 0.00390625, 0.01171875, 0.0234375, 0.03125, 0.0625, 0.15234375]",0.15234375,0.0,0.15234375,0.0,0.043143805121744976,56,False
type2_1M_20260121_184040,979,0.20703125,"[0.0, 0.0, 0.0, 0.0, 0.00390625, 0.0078125, 0.0078125, 0.0390625, 0.046875, 0.1015625]",0.1015625,0.0,0.1015625,0.0,0.07365542039193668,82,True
type2_1M_20260121_184040,1066,0.25,"[0.0, 0.0, 0.0, 0.0, 0.0, 0.00390625, 0.015625, 0.0234375, 0.0703125, 0.13671875]",0.13671875,0.0,0.13671875,0.0,0.07182578207399878,50,True
type2_1M_20260121_184040,1131,0.25,"[0.0, 0.0, 0.0, 0.00390625, 0.00390625, 0.0, 0.0234375, 0.02734375, 0.0703125, 0.12109375]",0.12109375,0.0,0.12109375,0.0,0.08339188572566086,49,False
type2_1M_20260121_184040,1175,0.265625,"[0.0, 0.0, 0.0, 0.00390625, 0.0, 0.01171875, 0.01171875, 0.02734375, 0.07421875, 0.13671875]",0.13671875,0.0,0.13671875,0.0,0.06349690923574275,50,False
type2_1M_20260121_184040,1343,0.23046875,"[0.0, 0.00390625, 0.0, 0.0, 0.0, 0.0078125, 0.01171875, 0.04296875, 0.05859375, 0.10546875]",0.10546875,0.0,0.10546875,0.0,0.054417201741111865,54,False
type2_1M_20260121_184040,1487,0.2265625,"[0.0, 0.0, 0.00390625, 0.00390625, 0.0, 0.01171875, 0.0078125, 0.01953125, 0.05859375, 0.12109375]",0.12109375,0.0,0.12109375,0.0,0.08510190275908432,76,False
type2_1M_20260121_184040,1556,0.2109375,"[0.0, 0.0, 0.0, 0.00390625, 0.0, 0.0078125, 0.01953125, 0.02734375, 0.015625, 0.13671875]",0.13671875,0.0,0.13671875,0.0,0.0619505019974848,55,False
type2_1M_20260121_184040,1557,0.2265625,"[0.00390625, 0.0, 0.0, 0.0, 0.0078125, 0.00390625, 0.015625, 0.0234375, 0.07421875, 0.09765625]",0.09765625,0.0,0.09765625,0.00390625,0.11983473442598275,93,False
type2_1M_20260121_184040,1622,0.25,"[0.0, 0.00390625, 0.0, 0.0, 0.0, 0.015625, 0.015625, 0.0546875, 0.046875, 0.11328125]",0.11328125,0.0,0.11328125,0.0,0.011565393042380853,49,False
type2_1M_20260121_184040,1639,0.2578125,"[0.0, 0.0, 0.00390625, 0.01171875, 0.0078125, 0.00390625, 0.01171875, 0.0390625, 0.0625, 0.1171875]",0.1171875,0.0,0.1171875,0.0,0.10421661599603349,53,True
type2_1M_20260121_184040,1787,0.24609375,"[0.0, 0.0, 0.0, 0.0078125, 0.0, 0.00390625, 0.01171875, 0.03125, 0.0390625, 0.15234375]",0.15234375,0.0,0.15234375,0.0,0.050378688132195176,58,True
type2_1M_20260121_184040,1821,0.27734375,"[0.0, 0.0, 0.0, 0.0, 0.00390625, 0.0, 0.01171875, 0.03125, 0.0703125, 0.16015625]",0.16015625,0.0,0.16015625,0.0,0.06469761413094831,66,True
type2_1M_20260121_184040,1915,0.23828125,"[0.0, 0.0, 0.0, 0.00390625, 0.0, 0.0, 0.02734375, 0.046875, 0.05078125, 0.109375]",0.109375,0.0,0.109375,0.0,0.09383684897049305,82,True
type2_1M_20260121_184040,1934,0.25,"[0.0, 0.0, 0.0, 0.0, 0.0078125, 0.0078125, 0.00390625, 0.0234375, 0.078125, 0.12890625]",0.12890625,0.0,0.12890625,0.0,0.1081649154737689,64,True
type2_1M_20260121_184040,1991,0.25390625,"[0.00390625, 0.0, 0.0, 0.0, 0.00390625, 0.015625, 0.015625, 0.015625, 0.0546875, 0.14453125]",0.14453125,0.0,0.14453125,0.00390625,0.12125863630830436,58,False
type2_1p5M_20260121_183806,94,0.27734375,"[0.0, 0.0, 0.0, 0.00390625, 0.01171875, 0.00390625, 0.0078125, 0.046875, 0.09375, 0.109375]",0.109375,0.0,0.109375,0.0,0.07805023719397283,53,False
type2_1p5M_20260121_183806,116,0.296875,"[0.0, 0.0, 0.00390625, 0.0, 0.00390625, 0.0078125, 0.03125, 0.01953125, 0.11328125, 0.1171875]",0.1171875,0.0,0.1171875,0.0,0.04360205301587259,59,True
type2_1p5M_20260121_183806,155,0.296875,"[0.0, 0.0, 0.0, 0.00390625, 0.0078125, 0.01171875, 0.01953125, 0.03515625, 0.078125, 0.140625]",0.140625,0.0,0.140625,0.0,0.18596074502240978,51,False
type2_1p5M_20260121_183806,314,0.25,"[0.0, 0.0, 0.0, 0.0, 0.01171875, 0.00390625, 0.02734375, 0.015625, 0.05859375, 0.1328125]",0.1328125,0.0,0.1328125,0.0,0.0879422505797153,66,False
type2_1p5M_20260121_183806,326,0.28125,"[0.0, 0.0, 0.00390625, 0.0, 0.0, 0.01171875, 0.01953125, 0.03125, 0.0625, 0.15234375]",0.15234375,0.0,0.15234375,0.0,0.07982618789667609,54,True
type2_1p5M_20260121_183806,423,0.26171875,"[0.0, 0.0, 0.0, 0.00390625, 0.0, 0.01171875, 0.0234375, 0.05078125, 0.0546875, 0.1171875]",0.1171875,0.0,0.1171875,0.0,0.045958043997214384,46,False
type2_1p5M_20260121_183806,457,0.25,"[0.0, 0.0, 0.0, 0.0, 0.0, 0.015625, 0.01171875, 0.015625, 0.08203125, 0.125]",0.125,0.0,0.125,0.0,0.08340037752729645,93,False
type2_1p5M_20260121_183806,527,0.28515625,"[0.0, 0.0, 0.00390625, 0.0, 0.00390625, 0.00390625, 0.0234375, 0.0390625, 0.09375, 0.1171875]",0.1171875,0.0,0.1171875,0.0,0.13784449716017355,53,True
type2_1p5M_20260121_183806,539,0.25,"[0.0, 0.0, 0.00390625, 0.0, 0.00390625, 0.0, 0.01171875, 0.015625, 0.06640625, 0.1484375]",0.1484375,0.0,0.1484375,0.0,0.05020182493721252,53,False
type2_1p5M_20260121_183806,546,0.26953125,"[0.0, 0.0, 0.0, 0.0078125, 0.0, 0.015625, 0.0234375, 0.046875, 0.07421875, 0.1015625]",0.1015625,0.0,0.1015625,0.0,0.13163169972435895,50,True
type2_1p5M_20260121_183806,572,0.30078125,"[0.0, 0.0, 0.0, 0.0, 0.0078125, 0.0, 0.01171875, 0.0390625, 0.0859375, 0.15625]",0.15625,0.0,0.15625,0.0,0.2830908030985608,48,False
type2_1p5M_20260121_183806,696,0.26953125,"[0.0, 0.0, 0.00390625, 0.0, 0.0, 0.00390625, 0.015625, 0.01953125, 0.0703125, 0.15625]",0.15625,0.0,0.15625,0.0,0.02554744617763669,47,True
type2_1p5M_20260121_183806,698,0.3359375,"[0.0, 0.00390625, 0.0, 0.0078125, 0.00390625, 0.015625, 0.015625, 0.0390625, 0.10546875, 0.14453125]",0.14453125,0.0,0.14453125,0.0,0.04740300371482984,40,True
type2_1p5M_20260121_183806,708,0.2265625,"[0.0, 0.0, 0.0, 0.00390625, 0.00390625, 0.0, 0.0078125, 0.01953125, 0.0546875, 0.13671875]",0.13671875,0.0,0.13671875,0.0,0.04817734045832042,50,False
type2_1p5M_20260121_183806,728,0.25,"[0.0, 0.00390625, 0.0, 0.00390625, 0.0078125, 0.015625, 0.01171875, 0.03125, 0.0703125, 0.10546875]",0.10546875,0.0,0.10546875,0.0,0.036607553700355566,80,True
type2_1p5M_20260121_183806,961,0.296875,"[0.0, 0.0, 0.0, 0.0, 0.0, 0.0078125, 0.015625, 0.046875, 0.0859375, 0.140625]",0.140625,0.0,0.140625,0.0,0.10560271931967825,50,False
type2_1p5M_20260121_183806,1038,0.25390625,"[0.0, 0.0, 0.0, 0.0, 0.0, 0.00390625, 0.015625, 0.0390625, 0.08203125, 0.11328125]",0.11328125,0.0,0.11328125,0.0,0.038738140692951215,64,False
type2_1p5M_20260121_183806,1077,0.2421875,"[0.0, 0.0, 0.00390625, 0.0, 0.00390625, 0.01171875, 0.01171875, 0.03515625, 0.05859375, 0.1171875]",0.1171875,0.0,0.1171875,0.0,0.040703983992661674,46,False
type2_1p5M_20260121_183806,1138,0.2265625,"[0.0, 0.00390625, 0.0, 0.00390625, 0.0078125, 0.00390625, 0.02734375, 0.04296875, 0.04296875, 0.09375]",0.09375,0.0,0.09375,0.0,0.06406108371919408,92,False
type2_1p5M_20260121_183806,1162,0.28125,"[0.0, 0.0, 0.0, 0.00390625, 0.00390625, 0.00390625, 0.01171875, 0.0546875, 0.07421875, 0.12890625]",0.12890625,0.0,0.12890625,0.0,0.060711320062830906,55,True
type2_1p5M_20260121_183806,1171,0.25,"[0.0, 0.0, 0.0, 0.0, 0.0, 0.0078125, 0.015625, 0.04296875, 0.07421875, 0.109375]",0.109375,0.0,0.109375,0.0,0.06497372537944161,51,True
type2_1p5M_20260121_183806,1403,0.25390625,"[0.0, 0.0, 0.0, 0.0, 0.00390625, 0.00390625, 0.01953125, 0.03125, 0.0703125, 0.125]",0.125,0.0,0.125,0.0,0.06898807323357639,51,True
type2_1p5M_20260121_183806,1533,0.26171875,"[0.0, 0.0, 0.00390625, 0.0, 0.00390625, 0.0078125, 0.0, 0.03125, 0.05078125, 0.1640625]",0.1640625,0.0,0.1640625,0.0,0.06010219325259772,56,False
type2_1p5M_20260121_183806,1555,0.3203125,"[0.0, 0.0, 0.0, 0.0, 0.0, 0.0078125, 0.02734375, 0.03515625, 0.078125, 0.171875]",0.171875,0.0,0.171875,0.0,0.016055196189653065,51,True
type2_1p5M_20260121_183806,1610,0.24609375,"[0.0, 0.00390625, 0.0, 0.0078125, 0.0078125, 0.00390625, 0.01953125, 0.03515625, 0.046875, 0.12109375]",0.12109375,0.0,0.12109375,0.0,0.09583041024684419,47,False
type2_1p5M_20260121_183806,1635,0.234375,"[0.0, 0.0, 0.00390625, 0.0, 0.0, 0.0078125, 0.00390625, 0.015625, 0.07421875, 0.12890625]",0.12890625,0.0,0.12890625,0.0,0.05819938959813932,49,True
type2_1p5M_20260121_183806,1699,0.2578125,"[0.0, 0.0, 0.0, 0.0, 0.0, 0.0078125, 0.015625, 0.03515625, 0.0625, 0.13671875]",0.13671875,0.0,0.13671875,0.0,0.056162647292996117,49,False
type2_1p5M_20260121_183806,1840,0.265625,"[0.0, 0.0, 0.0, 0.00390625, 0.0078125, 0.0078125, 0.02734375, 0.046875, 0.0703125, 0.1015625]",0.1015625,0.0,0.1015625,0.0,0.05399464272374685,47,False
type2_1p5M_20260121_183806,1890,0.23046875,"[0.0, 0.00390625, 0.0, 0.00390625, 0.0, 0.015625, 0.01171875, 0.03515625, 0.078125, 0.08203125]",0.08203125,0.0,0.08203125,0.0,0.054551629732300475,55,False
type2_1p5M_20260121_183806,2286,0.25390625,"[0.0, 0.0, 0.0, 0.0, 0.00390625, 0.015625, 0.01953125, 0.0234375, 0.06640625, 0.125]",0.125,0.0,0.125,0.0,0.04715657317384363,65,True
type2_1p5M_20260121_183806,2363,0.234375,"[0.0, 0.0, 0.0, 0.00390625, 0.0, 0.01171875, 0.00390625, 0.01953125, 0.06640625, 0.12890625]",0.12890625,0.0,0.12890625,0.0,0.17946326304565985,59,False
type2_1p5M_20260121_183806,2388,0.2421875,"[0.0, 0.0, 0.00390625, 0.0, 0.00390625, 0.00390625, 0.00390625, 0.03125, 0.0703125, 0.125]",0.125,0.0,0.125,0.0,0.0876142400636177,76,True
type2_1p5M_20260121_183806,2434,0.24609375,"[0.0, 0.0, 0.0, 0.0, 0.0078125, 0.0078125, 0.01953125, 0.03515625, 0.05859375, 0.1171875]",0.1171875,0.0,0.1171875,0.0,0.04059193389241618,51,False
type2_1p5M_20260121_183806,2516,0.30078125,"[0.0, 0.0, 0.0, 0.0, 0.00390625, 0.01953125, 0.0234375, 0.046875, 0.05859375, 0.1484375]",0.1484375,0.0,0.1484375,0.0,0.0833255712438103,44,False
type2_1p5M_20260121_183806,2521,0.25,"[0.0, 0.0, 0.0, 0.0078125, 0.01171875, 0.0, 0.02734375, 0.0390625, 0.0390625, 0.125]",0.125,0.0,0.125,0.0,0.07368350094240726,50,True
type2_1p5M_20260121_183806,2559,0.2578125,"[0.0, 0.0, 0.00390625, 0.0, 0.00390625, 0.00390625, 0.02734375, 0.03515625, 0.05859375, 0.125]",0.125,0.0,0.125,0.0,0.06627371471682778,49,False
type2_1p5M_20260121_183806,2726,0.234375,"[0.0, 0.0, 0.00390625, 0.00390625, 0.0, 0.01171875, 0.00390625, 0.04296875, 0.0546875, 0.11328125]",0.11328125,0.0,0.11328125,0.0,0.044024204383413826,50,False
type2_1p5M_20260121_183806,2758,0.3125,"[0.0, 0.0, 0.0, 0.00390625, 0.00390625, 0.01953125, 0.01171875, 0.0625, 0.1015625, 0.109375]",0.109375,0.0,0.109375,0.0,0.09944858031437931,50,False
type2_2M_20260121_183657,52,0.23046875,"[0.00390625, 0.0, 0.0, 0.00390625, 0.0, 0.0078125, 0.015625, 0.03125, 0.06640625, 0.1015625]",0.1015625,0.0,0.1015625,0.00390625,0.09424400931881055,51,False
type2_2M_20260121_183657,56,0.296875,"[0.0, 0.0078125, 0.00390625, 0.0, 0.0078125, 0.01171875, 0.0078125, 0.05078125, 0.0546875, 0.15234375]",0.15234375,0.0,0.15234375,0.0,0.07539248562979876,54,False
type2_2M_20260121_183657,201,0.30078125,"[0.0, 0.0, 0.0, 0.0, 0.0, 0.00390625, 0.015625, 0.046875, 0.10546875, 0.12890625]",0.12890625,0.0,0.12890625,0.0,0.09671673128668591,48,False
type2_2M_20260121_183657,255,0.2265625,"[0.0, 0.0, 0.0, 0.0, 0.00390625, 0.0078125, 0.01171875, 0.04296875, 0.05859375, 0.1015625]",0.1015625,0.0,0.1015625,0.0,0.08366092898401192,90,False
type2_2M_20260121_183657,415,0.25,"[0.0, 0.0, 0.0, 0.0078125, 0.0078125, 0.0078125, 0.01171875, 0.03515625, 0.05859375, 0.12109375]",0.12109375,0.0,0.12109375,0.0,0.025814315700675505,56,True
type2_2M_20260121_183657,471,0.2890625,"[0.0, 0.0, 0.0, 0.00390625, 0.0078125, 0.0, 0.0234375, 0.0234375, 0.07421875, 0.15625]",0.15625,0.0,0.15625,0.0,0.06883905839648342,45,False
type2_2M_20260121_183657,582,0.24609375,"[0.0, 0.0, 0.00390625, 0.00390625, 0.0078125, 0.00390625, 0.0234375, 0.02734375, 0.078125, 0.09765625]",0.09765625,0.0,0.09765625,0.0,0.0727373264485686,53,False
type2_2M_20260121_183657,655,0.2421875,"[0.0, 0.0, 0.0, 0.00390625, 0.0, 0.0078125, 0.00390625, 0.03125, 0.10546875, 0.08984375]",0.10546875,0.0,0.08984375,0.0,0.10067416620259691,56,False
type2_2M_20260121_183657,702,0.23828125,"[0.0, 0.0, 0.0, 0.0, 0.00390625, 0.0, 0.01171875, 0.02734375, 0.07421875, 0.12109375]",0.12109375,0.0,0.12109375,0.0,0.07023446867921965,57,False
type2_2M_20260121_183657,723,0.25,"[0.0, 0.0, 0.0, 0.0078125, 0.00390625, 0.0078125, 0.01953125, 0.03515625, 0.06640625, 0.109375]",0.109375,0.0,0.109375,0.0,0.02808319111528767,48,True
type2_2M_20260121_183657,761,0.25,"[0.0, 0.0, 0.0, 0.0, 0.00390625, 0.00390625, 0.015625, 0.03515625, 0.0859375, 0.10546875]",0.10546875,0.0,0.10546875,0.0,0.09400740306616495,49,False
type2_2M_20260121_183657,768,0.25,"[0.0, 0.00390625, 0.0, 0.0, 0.0, 0.0, 0.015625, 0.04296875, 0.06640625, 0.12109375]",0.12109375,0.0,0.12109375,0.0,0.11085143196111819,53,True
type2_2M_20260121_183657,982,0.21484375,"[0.0, 0.00390625, 0.0, 0.0, 0.00390625, 0.01171875, 0.01953125, 0.01953125, 0.03515625, 0.12109375]",0.12109375,0.0,0.12109375,0.0,0.07788990177619591,66,False
type2_2M_20260121_183657,1002,0.296875,"[0.0, 0.0, 0.0, 0.0, 0.0078125, 0.0078125, 0.01953125, 0.04296875, 0.0625, 0.15625]",0.15625,0.0,0.15625,0.0,0.0373544703562155,45,False
type2_2M_20260121_183657,1038,0.28515625,"[0.0, 0.0, 0.0, 0.00390625, 0.0, 0.00390625, 0.015625, 0.06640625, 0.0546875, 0.140625]",0.140625,0.0,0.140625,0.0,0.05092935274122519,56,False
type2_2M_20260121_183657,1185,0.25,"[0.0, 0.0, 0.0, 0.0, 0.0, 0.0, 0.0234375, 0.02734375, 0.06640625, 0.1328125]",0.1328125,0.0,0.1328125,0.0,0.09615201651641637,53,True
type2_2M_20260121_183657,1254,0.30859375,"[0.0, 0.0, 0.0, 0.0, 0.0078125, 0.00390625, 0.03515625, 0.03125, 0.0625, 0.16796875]",0.16796875,0.0,0.16796875,0.0,0.06089638794918582,45,False
type2_2M_20260121_183657,1260,0.265625,"[0.0, 0.0, 0.0, 0.00390625, 0.0, 0.0078125, 0.01953125, 0.03125, 0.08203125, 0.12109375]",0.12109375,0.0,0.12109375,0.0,0.09345786121113009,66,False
type2_2M_20260121_183657,1282,0.24609375,"[0.0, 0.00390625, 0.0, 0.00390625, 0.0, 0.0234375, 0.015625, 0.05078125, 0.0625, 0.0859375]",0.0859375,0.0,0.0859375,0.0,0.051981087104497704,41,False
type2_2M_20260121_183657,1387,0.2734375,"[0.0, 0.0, 0.00390625, 0.00390625, 0.00390625, 0.00390625, 0.015625, 0.01953125, 0.0859375, 0.13671875]",0.13671875,0.0,0.13671875,0.0,0.06291734979199201,46,False
type2_2M_20260121_183657,1400,0.27734375,"[0.0, 0.0, 0.0, 0.00390625, 0.0078125, 0.0078125, 0.02734375, 0.03515625, 0.0625, 0.1328125]",0.1328125,0.0,0.1328125,0.0,0.07250232589913058,49,True
type2_2M_20260121_183657,1474,0.28515625,"[0.0, 0.0, 0.0, 0.0, 0.00390625, 0.0, 0.015625, 0.04296875, 0.09765625, 0.125]",0.125,0.0,0.125,0.0,0.023872656420977127,46,False
type2_2M_20260121_183657,1511,0.2265625,"[0.0, 0.0, 0.0, 0.0, 0.0, 0.00390625, 0.0234375, 0.03125, 0.05859375, 0.109375]",0.109375,0.0,0.109375,0.0,0.04122061951230307,61,False
type2_2M_20260121_183657,1526,0.203125,"[0.0, 0.0, 0.00390625, 0.0, 0.00390625, 0.01171875, 0.00390625, 0.01953125, 0.05859375, 0.1015625]",0.1015625,0.0,0.1015625,0.0,0.1198560210021982,75,False
type2_2M_20260121_183657,1690,0.2578125,"[0.0, 0.0, 0.00390625, 0.0, 0.00390625, 0.00390625, 0.02734375, 0.03515625, 0.046875, 0.13671875]",0.13671875,0.0,0.13671875,0.0,0.08125298769621339,62,False
type2_2M_20260121_183657,1722,0.27734375,"[0.0, 0.0, 0.0, 0.0078125, 0.00390625, 0.00390625, 0.01171875, 0.0625, 0.0546875, 0.1328125]",0.1328125,0.0,0.1328125,0.0,0.06707921949060212,47,False
type2_2M_20260121_183657,1835,0.29296875,"[0.0, 0.0, 0.0, 0.0, 0.00390625, 0.0078125, 0.01953125, 0.0078125, 0.078125, 0.17578125]",0.17578125,0.0,0.17578125,0.0,0.027420804758304662,38,False
type2_2M_20260121_183657,1966,0.2421875,"[0.0, 0.00390625, 0.00390625, 0.0, 0.00390625, 0.00390625, 0.015625, 0.01953125, 0.1015625, 0.08984375]",0.1015625,0.0,0.08984375,0.0,0.14295890318791707,45,False
type2_2M_20260121_183657,2032,0.27734375,"[0.0, 0.0, 0.0, 0.0, 0.0078125, 0.01953125, 0.0234375, 0.02734375, 0.0859375, 0.11328125]",0.11328125,0.0,0.11328125,0.0,0.23697674430851995,52,True
type2_2M_20260121_183657,2063,0.30859375,"[0.0, 0.0, 0.00390625, 0.0, 0.0, 0.01171875, 0.02734375, 0.05078125, 0.07421875, 0.140625]",0.140625,0.0,0.140625,0.0,0.11970346819559831,87,False
type2_2M_20260121_183657,2141,0.28125,"[0.0, 0.0, 0.0078125, 0.00390625, 0.0078125, 0.0078125, 0.0078125, 0.04296875, 0.05078125, 0.15234375]",0.15234375,0.0,0.15234375,0.0,0.045270831902505596,45,False
type2_2M_20260121_183657,2161,0.25390625,"[0.0, 0.0, 0.0, 0.00390625, 0.0, 0.00390625, 0.015625, 0.0390625, 0.0546875, 0.13671875]",0.13671875,0.0,0.13671875,0.0,0.06048305407317436,72,True
type2_2M_20260121_183657,2266,0.27734375,"[0.0, 0.0, 0.0, 0.0, 0.0, 0.01171875, 0.01953125, 0.0234375, 0.0859375, 0.13671875]",0.13671875,0.0,0.13671875,0.0,0.07959740200513044,47,False
type2_2M_20260121_183657,2278,0.296875,"[0.0, 0.0, 0.0, 0.0, 0.0, 0.015625, 0.01953125, 0.03515625, 0.078125, 0.1484375]",0.1484375,0.0,0.1484375,0.0,0.07789898272761851,53,False
type2_2M_20260121_183657,2303,0.1875,"[0.00390625, 0.0, 0.0, 0.00390625, 0.00390625, 0.0078125, 0.0078125, 0.02734375, 0.04296875, 0.08984375]",0.08984375,0.0,0.08984375,0.00390625,0.035678571393191756,79,False
type2_2M_20260121_183657,2305,0.26953125,"[0.0, 0.0, 0.0, 0.01171875, 0.0, 0.01171875, 0.0234375, 0.046875, 0.0546875, 0.12109375]",0.12109375,0.0,0.12109375,0.0,0.06417681190273092,39,False
type2_2M_20260121_183657,2314,0.2578125,"[0.0, 0.0, 0.0, 0.0, 0.01171875, 0.01171875, 0.01171875, 0.03125, 0.07421875, 0.1171875]",0.1171875,0.0,0.1171875,0.0,0.09703272890430215,77,False
type2_2M_20260121_183657,2348,0.25,"[0.0, 0.0, 0.0, 0.0, 0.0, 0.0078125, 0.01953125, 0.02734375, 0.0703125, 0.125]",0.125,0.0,0.125,0.0,0.02950292802936432,49,True
type2_2M_20260121_183657,2377,0.23828125,"[0.0, 0.0, 0.0, 0.00390625, 0.0, 0.015625, 0.01171875, 0.03125, 0.06640625, 0.109375]",0.109375,0.0,0.109375,0.0,0.033656977843273296,46,True
type2_2M_20260121_183657,2421,0.29296875,"[0.0, 0.00390625, 0.0, 0.0, 0.0078125, 0.01171875, 0.0234375, 0.03125, 0.07421875, 0.140625]",0.140625,0.0,0.140625,0.0,0.053587936115821654,55,False
type2_2M_20260121_183657,2447,0.26953125,"[0.0, 0.0, 0.00390625, 0.00390625, 0.00390625, 0.0, 0.0078125, 0.05078125, 0.05859375, 0.140625]",0.140625,0.0,0.140625,0.0,0.05117724778811956,46,False
type2_2M_20260121_183657,2474,0.22265625,"[0.0, 0.00390625, 0.0, 0.0, 0.0, 0.0, 0.015625, 0.03125, 0.0625, 0.109375]",0.109375,0.0,0.109375,0.0,0.0408632382459267,63,True
type2_2M_20260121_183657,2584,0.3046875,"[0.0, 0.0, 0.0, 0.0078125, 0.00390625, 0.015625, 0.00390625, 0.05078125, 0.078125, 0.14453125]",0.14453125,0.0,0.14453125,0.0,0.11986211730405863,93,False
type2_2M_20260121_183657,2601,0.26953125,"[0.0, 0.0, 0.0, 0.0, 0.00390625, 0.00390625, 0.02734375, 0.0234375, 0.078125, 0.1328125]",0.1328125,0.0,0.1328125,0.0,0.08015253168977786,47,False
type2_2M_20260121_183657,2699,0.22265625,"[0.0, 0.0, 0.00390625, 0.00390625, 0.01171875, 0.00390625, 0.01953125, 0.0234375, 0.0625, 0.09375]",0.09375,0.0,0.09375,0.0,0.03291961165311474,51,True
type2_2M_20260121_183657,2746,0.2734375,"[0.0, 0.0, 0.0, 0.0, 0.00390625, 0.00390625, 0.01171875, 0.05078125, 0.0703125, 0.1328125]",0.1328125,0.0,0.1328125,0.0,0.08305178501522514,51,False
type2_2M_20260121_183657,2770,0.26953125,"[0.00390625, 0.0, 0.00390625, 0.0078125, 0.00390625, 0.01171875, 0.01953125, 0.04296875, 0.0703125, 0.10546875]",0.10546875,0.0,0.10546875,0.00390625,0.07206351693537855,63,True
type2_2M_20260121_183657,2880,0.2734375,"[0.0, 0.00390625, 0.0, 0.00390625, 0.00390625, 0.01953125, 0.0078125, 0.046875, 0.05078125, 0.13671875]",0.13671875,0.0,0.13671875,0.0,0.11137322787962403,49,False
type2_2M_20260121_183657,2924,0.2890625,"[0.0, 0.0, 0.0, 0.0078125, 0.0078125, 0.015625, 0.0234375, 0.03125, 0.078125, 0.125]",0.125,0.0,0.125,0.0,0.06399116159223858,60,True
type2_2M_20260121_183657,3018,0.25,"[0.0, 0.0, 0.0, 0.0, 0.0, 0.01171875, 0.0234375, 0.03515625, 0.06640625, 0.11328125]",0.11328125,0.0,0.11328125,0.0,0.08994449424373077,51,False
type2_2M_20260121_183657,3126,0.28515625,"[0.0, 0.0078125, 0.0, 0.0, 0.0, 0.015625, 0.01171875, 0.0390625, 0.05078125, 0.16015625]",0.16015625,0.0,0.16015625,0.0,0.11443415117665706,50,True
type2_2M_20260121_183657,3156,0.25390625,"[0.0, 0.0, 0.0, 0.00390625, 0.00390625, 0.015625, 0.01953125, 0.0234375, 0.0859375, 0.1015625]",0.1015625,0.0,0.1015625,0.0,0.038830998144541634,50,True
type2_2M_20260121_183657,3198,0.24609375,"[0.0, 0.0, 0.0, 0.0, 0.00390625, 0.0, 0.00390625, 0.01953125, 0.0703125, 0.1484375]",0.1484375,0.0,0.1484375,0.0,0.06012456727035259,71,True
type2_2M_20260121_183657,3292,0.26953125,"[0.0, 0.0, 0.0078125, 0.0078125, 0.01171875, 0.0078125, 0.03515625, 0.01953125, 0.0546875, 0.125]",0.125,0.0,0.125,0.0,0.07245958567029318,47,True
type2_2M_20260121_183657,3405,0.2890625,"[0.0, 0.0, 0.0, 0.01171875, 0.00390625, 0.00390625, 0.0234375, 0.015625, 0.0625, 0.16796875]",0.16796875,0.0,0.16796875,0.0,0.07904931277531325,48,False
type2_2M_20260121_183657,3417,0.24609375,"[0.0, 0.0, 0.0, 0.00390625, 0.0, 0.00390625, 0.0078125, 0.04296875, 0.05078125, 0.13671875]",0.13671875,0.0,0.13671875,0.0,0.045399388298764345,61,True
type2_2M_20260121_183657,3543,0.2734375,"[0.0, 0.0, 0.0, 0.00390625, 0.0, 0.0078125, 0.03125, 0.04296875, 0.0703125, 0.1171875]",0.1171875,0.0,0.1171875,0.0,0.02739299041222072,62,True
type2_2M_20260121_183657,3580,0.28125,"[0.00390625, 0.0, 0.0, 0.0, 0.01171875, 0.0078125, 0.01171875, 0.04296875, 0.0625, 0.140625]",0.140625,0.0,0.140625,0.00390625,0.007147181014922329,48,False
type2_2M_20260121_183657,3605,0.23828125,"[0.0, 0.0, 0.0, 0.0, 0.0, 0.01953125, 0.01171875, 0.0234375, 0.06640625, 0.1171875]",0.1171875,0.0,0.1171875,0.0,0.049429957235438554,75,True
type2_2M_20260121_183657,3606,0.28125,"[0.0, 0.0, 0.0, 0.0, 0.00390625, 0.01171875, 0.015625, 0.0546875, 0.07421875, 0.12109375]",0.12109375,0.0,0.12109375,0.0,0.056776146010659716,45,True
