s1,ce_l1,ce_l2,ce_joint,ce_l1_std,ce_l2_std,ce_joint_std,chain_max_abs_err,m1,m2,eligible,wall_s
0-1-2-3-4,3.9106005236986436,3.251746906260141,7.162347429958785,0.0076104889026154445,0.010714192896699337,0.01830165163340225,8.881784197001252e-16,61,50,True,0.15594189998228103
0-1-2-3-5,3.9099813475884813,3.2523660823703033,7.162347429958785,0.008284376658112262,0.010043641670342355,0.01830165163340225,8.881784197001252e-16,61,50,True,0.15881850000005215
0-1-2-3-6,3.910479645773897,3.251867784184887,7.162347429958785,0.007894071269112056,0.010460326151965061,0.01830165163340225,8.881784197001252e-16,61,50,True,0.16002730000764132
0-1-2-3-7,3.909675231675594,3.2526721982831908,7.162347429958785,0.00827415358068744,0.01007094151485383,0.01830165163340225,8.881784197001252e-16,61,50,True,0.15915620001032948
0-1-2-3-8,3.909472638377234,3.2528747915815512,7.162347429958785,0.0074291765007296305,0.010932176920124182,0.01830165163340225,8.881784197001252e-16,61,50,True,0.15748910000547767
0-1-2-3-9,3.906533370616039,3.255814059342746,7.162347429958785,0.007500179062009492,0.011034560714089035,0.01830165163340225,8.881784197001252e-16,61,51,True,0.1598042999394238
0-1-2-4-5,3.909873164285835,3.2524742656729497,7.162347429958785,0.006769969311906882,0.011994072818535914,0.01830165163340225,8.881784197001252e-16,61,50,True,0.1589452000334859
0-1-2-4-6,3.9105150005490605,3.251832429409724,7.162347429958785,0.007024271574874393,0.011604720671440529,0.01830165163340225,8.881784197001252e-16,61,50,True,0.16026420006528497
0-1-2-4-7,3.9109160116711603,3.2514314182876243,7.162347429958785,0.007665591728500165,0.01070356385915556,0.01830165163340225,8.881784197001252e-16,61,50,True,0.16022949991747737
0-1-2-4-8,3.909272713858707,3.2530747161000777,7.162347429958785,0.0065461976505831136,0.012172648167585573,0.01830165163340225,8.881784197001252e-16,61,50,True,0.16211549995932728
0-1-2-4-9,3.9064132602365502,3.255934169722235,7.162347429958785,0.005948879383753143,0.012364787918153852,0.01830165163340225,8.881784197001252e-16,61,51,True,0.16258789994753897
0-1-2-5-6,3.9100632875977106,3.2522841423610744,7.162347429958785,0.008421137662298447,0.010352668711259668,0.01830165163340225,8.881784197001252e-16,61,50,True,0.16653380007483065
0-1-2-5-7,3.9101382173359482,3.2522092126228364,7.162347429958785,0.007607877832842357,0.010925012282579664,0.01830165163340225,8.881784197001252e-16,61,50,True,0.16502810001838952
0-1-2-5-8,3.910558300500581,3.2517891294582038,7.162347429958785,0.006987606922809374,0.012107375096184689,0.01830165163340225,8.881784197001252e-16,61,50,True,0.15982099995017052
0-1-2-5-9,3.9062875471618153,3.25605988279697,7.162347429958785,0.006293093830513133,0.012019031576237389,0.01830165163340225,8.881784197001252e-16,61,51,True,0.16097299999091774
0-1-2-6-7,3.909756399665758,3.2525910302930265,7.162347429958785,0.008446145634576355,0.010120953852514413,0.01830165163340225,8.881784197001252e-16,61,50,True,0.16215600003488362
0-1-2-6-8,3.907829176021651,3.254518253937134,7.162347429958785,0.007769562963923191,0.010955058157017321,0.01830165163340225,8.881784197001252e-16,61,50,True,0.15975589992012829
0-1-2-6-9,3.9076196907018357,3.254727739256949,7.162347429958785,0.007920514116004465,0.010518563432507887,0.01830165163340225,8.881784197001252e-16,61,50,True,0.16029549995437264
0-1-2-7-8,3.9091063045057237,3.2532411254530604,7.162347429958785,0.006729478500395226,0.011903201503625822,0.01830165163340225,8.881784197001252e-16,61,50,True,0.16075849998742342
0-1-2-7-9,3.905510279769422,3.256837150189363,7.162347429958785,0.007190162975056069,0.011155689176953318,0.01830165163340225,8.881784197001252e-16,60,51,True,0.15829829999711365
0-1-2-8-9,3.907243316429481,3.2551041135293035,7.162347429958785,0.0076431965763781,0.011523405185138754,0.01830165163340225,8.881784197001252e-16,61,50,True,0.1610755999572575
0-1-3-4-5,3.911520532150197,3.250826897808588,7.162347429958785,0.007276750245599601,0.01120855413177629,0.01830165163340225,8.881784197001252e-16,61,50,True,0.16097279998939484
0-1-3-4-6,3.9121141317768444,3.2502332981819406,7.162347429958785,0.009300950169423325,0.009201319365423346,0.01830165163340225,8.881784197001252e-16,61,50,True,0.15828779991716146
0-1-3-4-7,3.9110557692850882,3.251291660673697,7.162347429958785,0.007997713669797521,0.010783968543436783,0.01830165163340225,8.881784197001252e-16,61,50,True,0.1581055000424385
0-1-3-4-8,3.9111211986520567,3.251226231306728,7.162347429958785,0.007359926104890255,0.01110164052792241,0.01830165163340225,8.881784197001252e-16,61,50,True,0.16009189991746098
0-1-3-4-9,3.907157670535217,3.255189759423568,7.162347429958785,0.007645733046571028,0.011184648189747515,0.01830165163340225,8.881784197001252e-16,61,50,True,0.1612520000198856
0-1-3-5-6,3.911406957226317,3.250940472732468,7.162347429958785,0.009635225361273975,0.008819603403633148,0.01830165163340225,8.881784197001252e-16,61,50,True,0.16009859996847808
0-1-3-5-7,3.9109758280572438,3.251371601901541,7.162347429958785,0.009433194451203131,0.009172969653549272,0.01830165163340225,8.881784197001252e-16,61,50,True,0.16297209996264428
0-1-3-5-8,3.9103943552347933,3.251953074723991,7.162347429958785,0.008357085383773055,0.01023309266979568,0.01830165163340225,8.881784197001252e-16,61,50,True,0.15993950003758073
0-1-3-5-9,3.9065259657321496,3.255821464226635,7.162347429958785,0.007769465371773545,0.010892395992616394,0.01830165163340225,8.881784197001252e-16,61,51,True,0.1606029000831768
0-1-3-6-7,3.9092638018880415,3.253083628070743,7.162347429958785,0.008727273165947515,0.00962402301826513,0.01830165163340225,8.881784197001252e-16,61,50,True,0.16078719997312874
0-1-3-6-8,3.9095399861782463,3.2528074437805383,7.162347429958785,0.007968977336228254,0.010337134314212347,0.01830165163340225,8.881784197001252e-16,61,50,True,0.15704469999764115
0-1-3-6-9,3.908310631580842,3.254036798377943,7.162347429958785,0.009276589800774901,0.009483650256705584,0.01830165163340225,8.881784197001252e-16,61,50,True,0.1629877999657765
0-1-3-7-8,3.9081666311347987,3.254180798823986,7.162347429958785,0.008262233814881366,0.010265779939501667,0.01830165163340225,8.881784197001252e-16,61,50,True,0.16056710004340857
0-1-3-7-9,3.9067503165667365,3.2555971133920485,7.162347429958785,0.008257827930455089,0.010620776241776077,0.01830165163340225,8.881784197001252e-16,61,51,True,0.16223149991128594
0-1-3-8-9,3.9070996602987202,3.2552477696600643,7.162347429958785,0.008915144832093052,0.010675240422529788,0.01830165163340225,8.881784197001252e-16,61,51,True,0.16323409997858107
0-1-4-5-6,3.911437449065234,3.2509099808935504,7.162347429958785,0.007570052112621323,0.010910984496592786,0.01830165163340225,8.881784197001252e-16,61,50,True,0.1614607999799773
0-1-4-5-7,3.9109324749554446,3.25141495500334,7.162347429958785,0.0072679514868589125,0.01122905941203939,0.01830165163340225,8.881784197001252e-16,61,50,True,0.1647416000487283
0-1-4-5-8,3.9097445093976515,3.2526029205611335,7.162347429958785,0.005665053866435232,0.012867263098059792,0.01830165163340225,8.881784197001252e-16,61,50,True,0.168754699989222
0-1-4-5-9,3.9060176792504104,3.2563297507083746,7.162347429958785,0.00601315593921913,0.012497549713133669,0.01830165163340225,8.881784197001252e-16,60,51,True,0.16476230008993298
0-1-4-6-7,3.9088154304684593,3.2535319994903253,7.162347429958785,0.007993608032333243,0.010688186933952607,0.01830165163340225,8.881784197001252e-16,61,50,True,0.1585262999869883
0-1-4-6-8,3.9091987995580304,3.253148630400754,7.162347429958785,0.007514797080271604,0.010889948037045672,0.01830165163340225,8.881784197001252e-16,61,50,True,0.1583729999838397
0-1-4-6-9,3.9074341279844225,3.254913301974362,7.162347429958785,0.007731263182814214,0.010626509995282985,0.01830165163340225,8.881784197001252e-16,61,50,True,0.1604092000052333
0-1-4-7-8,3.909329469463485,3.2530179604952996,7.162347429958785,0.006827872109166544,0.011624773011078764,0.01830165163340225,8.881784197001252e-16,61,50,True,0.16264819994103163
0-1-4-7-9,3.9044686321742486,3.2578787977845365,7.162347429958785,0.006127701899500983,0.01255246085358434,0.01830165163340225,8.881784197001252e-16,60,51,True,0.15879090002272278
0-1-4-8-9,3.906323285683169,3.2560241442756155,7.162347429958785,0.007093653855046526,0.011763616589467698,0.01830165163340225,8.881784197001252e-16,61,51,True,0.16096969996578991
0-1-5-6-7,3.911346858197872,3.2510005717609127,7.162347429958785,0.008761958263373153,0.009820385315808243,0.01830165163340225,8.881784197001252e-16,61,50,True,0.1591910000424832
0-1-5-6-8,3.9096554757311366,3.2526919542276485,7.162347429958785,0.007863703229721599,0.011087363036833959,0.01830165163340225,8.881784197001252e-16,61,50,True,0.15817420009989291
0-1-5-6-9,3.9087125079401828,3.253634922018602,7.162347429958785,0.008327246404992737,0.010035934748188913,0.01830165163340225,8.881784197001252e-16,61,50,True,0.16057720000389963
0-1-5-7-8,3.910180268128319,3.2521671618304655,7.162347429958785,0.008208839312046114,0.010644278740572773,0.01830165163340225,8.881784197001252e-16,61,50,True,0.16049170005135238
0-1-5-7-9,3.9061374912205724,3.2562099387382126,7.162347429958785,0.00744366069957754,0.01100310081475066,0.01830165163340225,8.881784197001252e-16,60,51,True,0.16037150006741285
0-1-5-8-9,3.907743774760597,3.254603655198188,7.162347429958785,0.007339402166194267,0.011409963303940248,0.01830165163340225,8.881784197001252e-16,61,50,True,0.16248030005954206
0-1-6-7-8,3.907246413128851,3.2551010168299337,7.162347429958785,0.007117258278469654,0.011329877766081664,0.01830165163340225,8.881784197001252e-16,61,50,True,0.16498180001508445
0-1-6-7-9,3.906190525417477,3.2561569045413075,7.162347429958785,0.008272059463530513,0.01004460234337857,0.01830165163340225,8.881784197001252e-16,60,51,True,0.16158590000122786
0-1-6-8-9,3.9072617413863218,3.2550856885724633,7.162347429958785,0.008238026560935268,0.010658714929374234,0.01830165163340225,8.881784197001252e-16,61,50,True,0.15929920005146414
0-1-7-8-9,3.9057266246353057,3.256620805323479,7.162347429958785,0.0070375675345254445,0.011343936281262007,0.01830165163340225,8.881784197001252e-16,60,51,True,0.15892319998238236
0-2-3-4-5,3.908614742188598,3.2537326877701864,7.162347429958785,0.007596672403079252,0.010882823872132073,0.01830165163340225,8.881784197001252e-16,61,50,True,0.15732009999919683
0-2-3-4-6,3.9076985802675153,3.2546488496912693,7.162347429958785,0.008594390944538234,0.010375168453572208,0.01830165163340225,8.881784197001252e-16,61,50,True,0.15762409998569638
0-2-3-4-7,3.9079696314106998,3.2543777985480844,7.162347429958785,0.008752875210993508,0.009726913172953995,0.01830165163340225,8.881784197001252e-16,61,50,True,0.15921239997260273
0-2-3-4-8,3.9072271907496092,3.255120239209176,7.162347429958785,0.007928348757215646,0.010613664213946297,0.01830165163340225,8.881784197001252e-16,61,50,True,0.1614890000782907
0-2-3-4-9,3.905810290107643,3.256537139851142,7.162347429958785,0.008343367035334252,0.010055203182345915,0.01830165163340225,8.881784197001252e-16,60,51,True,0.16123890003655106
0-2-3-5-6,3.9071932859704126,3.255154143988372,7.162347429958785,0.008683493361270883,0.009787620805336728,0.01830165163340225,8.881784197001252e-16,61,50,True,0.16243269992992282
0-2-3-5-7,3.9084114573294704,3.253935972629314,7.162347429958785,0.007691498869020996,0.010674775767470309,0.01830165163340225,8.881784197001252e-16,61,50,True,0.1625985000282526
0-2-3-5-8,3.9077965127880856,3.254550917170699,7.162347429958785,0.007349461260392549,0.011032768631383996,0.01830165163340225,8.881784197001252e-16,61,50,True,0.1590781999984756
0-2-3-5-9,3.9054069355301477,3.256940494428637,7.162347429958785,0.007345355947523373,0.011470592710311091,0.01830165163340225,8.881784197001252e-16,60,51,True,0.16337580000981688
0-2-3-6-7,3.9069899913032566,3.255357438655528,7.162347429958785,0.007478577732531167,0.010958271367413376,0.01830165163340225,8.881784197001252e-16,61,51,True,0.17025150009430945
0-2-3-6-8,3.9062541028284112,3.256093327130374,7.162347429958785,0.007644340085237255,0.010846751878241568,0.01830165163340225,8.881784197001252e-16,61,51,True,0.16463060001842678
0-2-3-6-9,3.9049757033404973,3.2573717266182873,7.162347429958785,0.007649189733257682,0.010982837971137433,0.01830165163340225,8.881784197001252e-16,60,51,True,0.16198620002251118
0-2-3-7-8,3.9064824964518063,3.2558649335069783,7.162347429958785,0.0073857434148241535,0.010923658543115389,0.01830165163340225,8.881784197001252e-16,61,51,True,0.1600941999349743
0-2-3-7-9,3.904669190113558,3.257678239845227,7.162347429958785,0.008159131862205493,0.01015887042891892,0.01830165163340225,8.881784197001252e-16,60,51,True,0.16286349995061755
0-2-3-8-9,3.9043588743662805,3.2579885555925046,7.162347429958785,0.007866010516552262,0.010453046357731895,0.01830165163340225,8.881784197001252e-16,60,51,True,0.15978799993172288
0-2-4-5-6,3.9077850059808155,3.254562423977969,7.162347429958785,0.007940096711052098,0.010402328662602699,0.01830165163340225,8.881784197001252e-16,61,50,True,0.15715250000357628
0-2-4-5-7,3.9081588064607606,3.254188623498024,7.162347429958785,0.0070697534118420655,0.011392082089043342,0.01830165163340225,8.881784197001252e-16,61,50,True,0.1603756999829784
0-2-4-5-8,3.9067665099181057,3.2555809200406793,7.162347429958785,0.006551449355614693,0.011852058635445915,0.01830165163340225,8.881784197001252e-16,61,51,True,0.1611834999639541
0-2-4-5-9,3.9041214137038214,3.258226016254963,7.162347429958785,0.00741827188037398,0.010992626733936738,0.01830165163340225,8.881784197001252e-16,60,51,True,0.16033169999718666
0-2-4-6-7,3.9063043197607623,3.2560431101980223,7.162347429958785,0.0069640788528596165,0.01147744950983266,0.01830165163340225,8.881784197001252e-16,61,51,True,0.1595924999564886
0-2-4-6-8,3.9058716138141367,3.256475816144648,7.162347429958785,0.007589212609976798,0.010828436703168234,0.01830165163340225,8.881784197001252e-16,60,51,True,0.16007949993945658
0-2-4-6-9,3.9040842584533793,3.2582631715054053,7.162347429958785,0.007999797150658152,0.010499514281599722,0.01830165163340225,8.881784197001252e-16,60,51,True,0.16064350004307926
0-2-4-7-8,3.906792877183874,3.255554552774911,7.162347429958785,0.0072717470996259545,0.011237636355381954,0.01830165163340225,8.881784197001252e-16,61,51,True,0.16090599994640797
0-2-4-7-9,3.9040827345391915,3.258264695419593,7.162347429958785,0.007126264433119832,0.01147355420975331,0.01830165163340225,8.881784197001252e-16,60,51,True,0.16043759998865426
0-2-4-8-9,3.9032789390360474,3.259068490922737,7.162347429958785,0.007683363184996051,0.010961105404580486,0.01830165163340225,8.881784197001252e-16,60,51,True,0.1616658999118954
0-2-5-6-7,3.9067289730537906,3.255618456904994,7.162347429958785,0.006498142634150792,0.011907864591364968,0.01830165163340225,8.881784197001252e-16,61,51,True,0.1604478000663221
0-2-5-6-8,3.9055512111851853,3.2567962187735993,7.162347429958785,0.008009392655026114,0.010592596393445345,0.01830165163340225,8.881784197001252e-16,60,51,True,0.16060649999417365
0-2-5-6-9,3.9033977490872758,3.258949680871509,7.162347429958785,0.007399130661548987,0.0110090963629761,0.01830165163340225,8.881784197001252e-16,60,51,True,0.1608105000341311
0-2-5-7-8,3.906997221583571,3.2553502083752135,7.162347429958785,0.005885365536842933,0.01246471055940449,0.01830165163340225,8.881784197001252e-16,61,51,True,0.15976999991107732
0-2-5-7-9,3.9032332645314014,3.259114165427383,7.162347429958785,0.005994107545869485,0.012512753551927921,0.01830165163340225,8.881784197001252e-16,60,51,True,0.16352509998250753
0-2-5-8-9,3.903687307694107,3.258660122264678,7.162347429958785,0.0060186327288581625,0.01245451265633614,0.01830165163340225,8.881784197001252e-16,60,51,True,0.16284360003191978
0-2-6-7-8,3.904867550504468,3.2574798794543165,7.162347429958785,0.006740264236511227,0.011620837937238332,0.01830165163340225,0.0,60,51,True,0.159680699929595
0-2-6-7-9,3.902879423385069,3.2594680065737154,7.162347429958785,0.006473072002433655,0.011905044360566903,0.01830165163340225,8.881784197001252e-16,60,51,True,0.15823179995641112
0-2-6-8-9,3.903010879286713,3.2593365506720717,7.162347429958785,0.007662213386920509,0.010729581912573118,0.01830165163340225,8.881784197001252e-16,60,51,True,0.1621205999981612
0-2-7-8-9,3.9034809211802353,3.2588665087785493,7.162347429958785,0.006754874194265536,0.011560002213547816,0.01830165163340225,8.881784197001252e-16,60,51,True,0.16273770004045218
0-3-4-5-6,3.9071180071421057,3.255229422816679,7.162347429958785,0.00875686045900925,0.010192659652553863,0.01830165163340225,8.881784197001252e-16,61,51,True,0.16227130009792745
0-3-4-5-7,3.9064062403180384,3.255941189640746,7.162347429958785,0.0080571699150551,0.01067478114120192,0.01830165163340225,8.881784197001252e-16,61,51,True,0.17112730001099408
0-3-4-5-8,3.9053084888186844,3.2570389411401006,7.162347429958785,0.007749453627623165,0.010766839138561855,0.01830165163340225,8.881784197001252e-16,60,51,True,0.16490259999409318
0-3-4-5-9,3.9025278664417073,3.2598195635170772,7.162347429958785,0.007501017710829441,0.011135206210010285,0.01830165163340225,8.881784197001252e-16,60,51,True,0.1590732999611646
0-3-4-6-7,3.905587261259202,3.256760168699583,7.162347429958785,0.007757936896333733,0.010747353676728681,0.01830165163340225,8.881784197001252e-16,60,51,True,0.1596066999481991
0-3-4-6-8,3.905211561614202,3.257135868344583,7.162347429958785,0.007791363894965395,0.010627663009025902,0.01830165163340225,8.881784197001252e-16,60,51,True,0.16335809999145567
0-3-4-6-9,3.9037768981277257,3.2585705318310594,7.162347429958785,0.007839091575415966,0.010641191913666147,0.01830165163340225,8.881784197001252e-16,60,51,True,0.1604454000480473
0-3-4-7-8,3.905873471202087,3.2564739587566978,7.162347429958785,0.008011086839724482,0.010747815019771526,0.01830165163340225,8.881784197001252e-16,60,51,True,0.1616368000395596
0-3-4-7-9,3.9034000222094454,3.258947407749339,7.162347429958785,0.00838307553133803,0.010612265698424977,0.01830165163340225,8.881784197001252e-16,60,51,True,0.16004849993623793
0-3-4-8-9,3.901565770833317,3.2607816591254677,7.162347429958785,0.007931771722508021,0.010845954312379395,0.01830165163340225,8.881784197001252e-16,60,51,True,0.1602718000067398
0-3-5-6-7,3.905695515729367,3.2566519142294177,7.162347429958785,0.009099225403110067,0.009224561441100423,0.01830165163340225,8.881784197001252e-16,60,51,True,0.16211769997607917
0-3-5-6-8,3.904497482777275,3.2578499471815094,7.162347429958785,0.009629785209779798,0.008897795732555495,0.01830165163340225,8.881784197001252e-16,60,51,True,0.16237699997145683
0-3-5-6-9,3.903703565399968,3.2586438645588167,7.162347429958785,0.009616825900067728,0.00869844878699764,0.01830165163340225,8.881784197001252e-16,60,51,True,0.15961699991021305
0-3-5-7-8,3.905274551460601,3.2570728784981835,7.162347429958785,0.009710728140117992,0.008919814022441973,0.01830165163340225,8.881784197001252e-16,60,51,True,0.16019810002762824
0-3-5-7-9,3.903229945140299,3.259117484818486,7.162347429958785,0.008589640176873076,0.010150469414562085,0.01830165163340225,8.881784197001252e-16,60,51,True,0.16036300000268966
0-3-5-8-9,3.902698354222342,3.259649075736443,7.162347429958785,0.008369263179005309,0.010389550370436632,0.01830165163340225,8.881784197001252e-16,60,51,True,0.1620711999712512
0-3-6-7-8,3.9025003068432946,3.25984712311549,7.162347429958785,0.007723591007361708,0.010622466537250512,0.01830165163340225,8.881784197001252e-16,60,51,True,0.1635941999265924
0-3-6-7-9,3.9021690866696384,3.2601783432891462,7.162347429958785,0.007724586586987649,0.010624260182919029,0.01830165163340225,8.881784197001252e-16,60,51,True,0.1595898000523448
0-3-6-8-9,3.9016500167761126,3.2606974131826725,7.162347429958785,0.008687686253093546,0.00972531014704885,0.01830165163340225,8.881784197001252e-16,60,51,True,0.16039209999144077
0-3-7-8-9,3.9025920220509347,3.25975540790785,7.162347429958785,0.009097999056693461,0.009671836460331323,0.01830165163340225,8.881784197001252e-16,60,51,True,0.1861646999605
0-4-5-6-7,3.905160359699082,3.257187070259702,7.162347429958785,0.007303078015041704,0.0110572045168612,0.01830165163340225,8.881784197001252e-16,60,51,True,0.15925120003521442
0-4-5-6-8,3.903301629179057,3.259045800779727,7.162347429958785,0.008135139778577296,0.010383533116353432,0.01830165163340225,8.881784197001252e-16,60,51,True,0.15605440002400428
0-4-5-6-9,3.901730954866653,3.260616475092132,7.162347429958785,0.009124599885215218,0.009307725091678093,0.01830165163340225,8.881784197001252e-16,60,51,True,0.16309629997704178
0-4-5-7-8,3.9045985653991653,3.2577488645596198,7.162347429958785,0.007185296338885592,0.011150727923340969,0.01830165163340225,8.881784197001252e-16,60,51,True,0.16067310003563762
0-4-5-7-9,3.901907833362151,3.2604395965966337,7.162347429958785,0.007523798522133683,0.011808963063531802,0.01830165163340225,8.881784197001252e-16,60,51,True,0.15974250005092472
0-4-5-8-9,3.8999992279125144,3.26234820204627,7.162347429958785,0.0074577082325871765,0.011397576818996577,0.01830165163340225,8.881784197001252e-16,60,51,True,0.15903169999364763
0-4-6-7-8,3.902340589725151,3.2600068402336335,7.162347429958785,0.007809156909657187,0.01063215509061111,0.01830165163340225,8.881784197001252e-16,60,51,True,0.16140440001618117
0-4-6-7-9,3.8996179221879794,3.262729507770805,7.162347429958785,0.007433768575568236,0.01116393389870961,0.01830165163340225,8.881784197001252e-16,60,51,True,0.16123490000609308
0-4-6-8-9,3.9018593993501316,3.260488030608653,7.162347429958785,0.007635313582229485,0.010907562536464537,0.01830165163340225,8.881784197001252e-16,60,51,True,0.1664077000459656
0-4-7-8-9,3.9000937660556954,3.2622536639030897,7.162347429958785,0.007030623883302528,0.011415470637982551,0.01830165163340225,8.881784197001252e-16,60,51,True,0.16482189996168017
0-5-6-7-8,3.902801082336844,3.259546347621941,7.162347429958785,0.008244396768687537,0.010296615161610352,0.01830165163340225,8.881784197001252e-16,60,51,True,0.1639500999590382
0-5-6-7-9,3.9016894109619322,3.2606580189968524,7.162347429958785,0.008200945022284562,0.010171934465515706,0.01830165163340225,8.881784197001252e-16,60,51,True,0.16132469999138266
0-5-6-8-9,3.9012156054409797,3.2611318245178054,7.162347429958785,0.008629859274945022,0.010124585609949072,0.01830165163340225,8.881784197001252e-16,60,51,True,0.16103039996232837
0-5-7-8-9,3.9010468060818573,3.2613006238769273,7.162347429958785,0.008123477474327071,0.010242022520331883,0.01830165163340225,8.881784197001252e-16,60,51,True,0.16245020006317645
0-6-7-8-9,3.899276673191585,3.2630707567672,7.162347429958785,0.007704539875869533,0.010644734513444103,0.01830165163340225,8.881784197001252e-16,60,51,True,0.1600394999841228
1-2-3-4-5,3.8637848164085717,3.298562613550213,7.162347429958785,0.0055148747053025094,0.013053024142933965,0.01830165163340225,8.881784197001252e-16,60,51,True,0.1634300999576226
1-2-3-4-6,3.864625714738409,3.2977217152203755,7.162347429958785,0.006715036063596146,0.012331530618319068,0.01830165163340225,8.881784197001252e-16,60,51,True,0.16260679997503757
1-2-3-4-7,3.863385083778366,3.2989623461804185,7.162347429958785,0.007214706213692378,0.011493522812729057,0.01830165163340225,8.881784197001252e-16,60,51,True,0.1632818999933079
1-2-3-4-8,3.8629360871753855,3.2994113427833995,7.162347429958785,0.007343526219719736,0.011240877551960843,0.01830165163340225,8.881784197001252e-16,60,51,True,0.16366069996729493
1-2-3-4-9,3.859790911717467,3.3025565182413175,7.162347429958785,0.00531341830630405,0.013189752442799083,0.01830165163340225,8.881784197001252e-16,60,51,True,0.1615120000205934
1-2-3-5-6,3.864478479237756,3.2978689507210293,7.162347429958785,0.008446078604555228,0.009933412658418081,0.01830165163340225,8.881784197001252e-16,60,51,True,0.16065899992827326
1-2-3-5-7,3.8643022433244525,3.298045186634332,7.162347429958785,0.006448377740281876,0.011913743769589737,0.01830165163340225,8.881784197001252e-16,60,51,True,0.16427750000730157
1-2-3-5-8,3.863985504348599,3.2983619256101857,7.162347429958785,0.0071757089245935044,0.011547545467501178,0.01830165163340225,8.881784197001252e-16,60,51,True,0.1591432000277564
1-2-3-5-9,3.8595362432388534,3.3028111867199312,7.162347429958785,0.0057983649346062555,0.012734566229022604,0.01830165163340225,8.881784197001252e-16,60,51,True,0.15961189998779446
1-2-3-6-7,3.864449502243647,3.2978979277151375,7.162347429958785,0.00854242243917508,0.010527619977512366,0.01830165163340225,8.881784197001252e-16,60,51,True,0.15952980006113648
1-2-3-6-8,3.863730068295621,3.2986173616631635,7.162347429958785,0.007635320605982396,0.010917883586962707,0.01830165163340225,8.881784197001252e-16,60,51,True,0.16183180001098663
1-2-3-6-9,3.861710670211722,3.300636759747063,7.162347429958785,0.00703091059314881,0.011489566795065593,0.01830165163340225,8.881784197001252e-16,60,51,True,0.15981370001100004
1-2-3-7-8,3.8622113226826014,3.3001361072761837,7.162347429958785,0.006913450523539424,0.011889758323928438,0.01830165163340225,8.881784197001252e-16,60,51,True,0.16114910005126148
1-2-3-7-9,3.859771100974499,3.302576328984286,7.162347429958785,0.006618322082350394,0.011942591162373001,0.01830165163340225,8.881784197001252e-16,60,51,True,0.16056660003960133
1-2-3-8-9,3.8597786938400906,3.302568736118694,7.162347429958785,0.008966143250793781,0.009820608289259495,0.01830165163340225,8.881784197001252e-16,60,51,True,0.16241369990166277
1-2-4-5-6,3.863936506090077,3.2984109238687074,7.162347429958785,0.006968753942406556,0.01181209685524543,0.01830165163340225,8.881784197001252e-16,60,51,True,0.16391800006385893
1-2-4-5-7,3.8630670499400255,3.299280380018759,7.162347429958785,0.006385314165820188,0.012456455122843865,0.01830165163340225,8.881784197001252e-16,60,51,True,0.1573544000275433
1-2-4-5-8,3.8630861839285067,3.2992612460302784,7.162347429958785,0.00661211391718022,0.012888320977677,0.01830165163340225,8.881784197001252e-16,60,51,True,0.1605996999423951
1-2-4-5-9,3.858960742225481,3.303386687733304,7.162347429958785,0.005162868771158007,0.013290923185397999,0.01830165163340225,8.881784197001252e-16,60,51,True,0.16017000004649162
1-2-4-6-7,3.8637414759432027,3.2986059540155823,7.162347429958785,0.007174348663397814,0.011593123550505685,0.01830165163340225,8.881784197001252e-16,60,51,True,0.16213109996169806
1-2-4-6-8,3.8626594508531644,3.2996879791056206,7.162347429958785,0.006947741658731446,0.011695686395475193,0.01830165163340225,8.881784197001252e-16,60,51,True,0.16978579992428422
1-2-4-6-9,3.861602907923236,3.300744522035549,7.162347429958785,0.00618631761800987,0.01232618271395432,0.01830165163340225,8.881784197001252e-16,60,51,True,0.16368260001763701
1-2-4-7-8,3.8631533617870186,3.2991940681717664,7.162347429958785,0.006672821412341392,0.01245902821582573,0.01830165163340225,8.881784197001252e-16,60,51,True,0.1599908999633044
1-2-4-7-9,3.8597358106436874,3.3026116193150967,7.162347429958785,0.00544831985610481,0.012976048970802543,0.01830165163340225,8.881784197001252e-16,60,51,True,0.1612889999523759
1-2-4-8-9,3.8592091250785763,3.3031383048802083,7.162347429958785,0.007107298775981964,0.011361780694027357,0.01830165163340225,8.881784197001252e-16,60,51,True,0.1616167000029236
1-2-5-6-7,3.8632237221128682,3.2991237078459164,7.162347429958785,0.008220308157608087,0.010405419774143507,0.01830165163340225,0.0,60,51,True,0.1648319000378251
1-2-5-6-8,3.863625959815799,3.2987214701429854,7.162347429958785,0.007951174894568218,0.011948080815500231,0.01830165163340225,8.881784197001252e-16,60,51,True,0.16117139998823404
1-2-5-6-9,3.861079876079786,3.301267553878999,7.162347429958785,0.00711929445678296,0.011317323672273037,0.01830165163340225,8.881784197001252e-16,60,51,True,0.16013959993142635
1-2-5-7-8,3.8618352493380415,3.300512180620743,7.162347429958785,0.005693151747400676,0.013926209707087906,0.01830165163340225,8.881784197001252e-16,60,51,True,0.16107909998390824
1-2-5-7-9,3.8587212778011333,3.3036261521576513,7.162347429958785,0.004718870633307997,0.013665154542102525,0.01830165163340225,8.881784197001252e-16,60,51,True,0.15958630002569407
1-2-5-8-9,3.8608062529027585,3.3015411770560266,7.162347429958785,0.006012337227065723,0.01333045044060948,0.01830165163340225,8.881784197001252e-16,60,51,True,0.1571620999602601
1-2-6-7-8,3.8632342646969278,3.2991131652618573,7.162347429958785,0.007201075610191054,0.011541566042253778,0.01830165163340225,8.881784197001252e-16,60,51,True,0.16319640004076064
1-2-6-7-9,3.860713030638857,3.3016343993199277,7.162347429958785,0.006849692189220476,0.011542657177032668,0.01830165163340225,8.881784197001252e-16,60,51,True,0.1610396000323817
1-2-6-8-9,3.861508544608727,3.3008388853500574,7.162347429958785,0.008180755049983265,0.01109174302326294,0.01830165163340225,8.881784197001252e-16,60,51,True,0.15809649997390807
1-2-7-8-9,3.8595054138003704,3.302842016158414,7.162347429958785,0.006441426052479367,0.012628930694729385,0.01830165163340225,8.881784197001252e-16,60,51,True,0.16410529997665435
1-3-4-5-6,3.863987362207563,3.298360067751222,7.162347429958785,0.00831108382929511,0.010279406073951516,0.01830165163340225,8.881784197001252e-16,60,51,True,0.1591647999593988
1-3-4-5-7,3.8615111428441806,3.3008362871146035,7.162347429958785,0.005582176037358415,0.012832866143849899,0.01830165163340225,8.881784197001252e-16,60,51,True,0.15726869995705783
1-3-4-5-8,3.862951769959855,3.29939565999893,7.162347429958785,0.006880864898389142,0.012060713698008263,0.01830165163340225,8.881784197001252e-16,60,51,True,0.16210790001787245
1-3-4-5-9,3.8587581445320045,3.30358928542678,7.162347429958785,0.006206962162172183,0.01213878264181463,0.01830165163340225,8.881784197001252e-16,60,51,True,0.15968680009245872
1-3-4-6-7,3.86269764829733,3.2996497816614547,7.162347429958785,0.007231397162767926,0.011725157499000854,0.01830165163340225,8.881784197001252e-16,60,51,True,0.15756360010709614
1-3-4-6-8,3.8639609542953095,3.2983864756634755,7.162347429958785,0.007712889595196922,0.011039424926420965,0.01830165163340225,8.881784197001252e-16,60,51,True,0.15970429999288172
1-3-4-6-9,3.861489482044877,3.3008579479139075,7.162347429958785,0.006942741143965164,0.011423897196964888,0.01830165163340225,8.881784197001252e-16,60,51,True,0.1626741000218317
1-3-4-7-8,3.8621587052595006,3.300188724699284,7.162347429958785,0.006352422979199718,0.012196074701373606,0.01830165163340225,8.881784197001252e-16,60,51,True,0.15706979995593429
1-3-4-7-9,3.859169778409963,3.303177651548822,7.162347429958785,0.006602766223832185,0.01188122188455574,0.01830165163340225,8.881784197001252e-16,60,51,True,0.15864909999072552
1-3-4-8-9,3.8594269606761307,3.302920469282654,7.162347429958785,0.008414604051436472,0.009986067275718553,0.01830165163340225,0.0,60,51,True,0.16068919992540032
1-3-5-6-7,3.863996829849773,3.2983506001090115,7.162347429958785,0.008926360176084471,0.009447802927832013,0.01830165163340225,8.881784197001252e-16,60,51,True,0.1596618000185117
1-3-5-6-8,3.863879760075326,3.2984676698834585,7.162347429958785,0.008962063463434002,0.010125897574266792,0.01830165163340225,8.881784197001252e-16,60,51,True,0.16154000000096858
1-3-5-6-9,3.8615067883535965,3.3008406416051885,7.162347429958785,0.008951974086821763,0.009458419891888968,0.01830165163340225,8.881784197001252e-16,60,51,True,0.17031700001098216
1-3-5-7-8,3.86233389889658,3.300013531062205,7.162347429958785,0.007603365888121425,0.010915651198944394,0.01830165163340225,8.881784197001252e-16,60,51,True,0.16450019995681942
1-3-5-7-9,3.8588272775869186,3.303520152371866,7.162347429958785,0.006812882548766059,0.011651247538590639,0.01830165163340225,8.881784197001252e-16,60,51,True,0.16029270004946738
1-3-5-8-9,3.8594579988263815,3.302889431132403,7.162347429958785,0.007844769976300677,0.010770264622204893,0.01830165163340225,8.881784197001252e-16,60,51,True,0.16114639991428703
1-3-6-7-8,3.862413580185488,3.2999338497732964,7.162347429958785,0.007352918047413309,0.011221568756870177,0.01830165163340225,8.881784197001252e-16,60,51,True,0.16132880002260208
1-3-6-7-9,3.860808886328649,3.3015385436301354,7.162347429958785,0.007308771414187314,0.011076459247313247,0.01830165163340225,8.881784197001252e-16,60,51,True,0.16021250002086163
1-3-6-8-9,3.860621227182384,3.301726202776401,7.162347429958785,0.009051053871628715,0.009565696289189832,0.01830165163340225,8.881784197001252e-16,60,51,True,0.16020080004818738
1-3-7-8-9,3.8594968194785477,3.302850610480237,7.162347429958785,0.008113609036997984,0.01033751928811102,0.01830165163340225,8.881784197001252e-16,60,51,True,0.16201990004628897
1-4-5-6-7,3.8629368294809625,3.299410600477822,7.162347429958785,0.006736230592029559,0.01210665226496323,0.01830165163340225,8.881784197001252e-16,60,51,True,0.16065939993131906
1-4-5-6-8,3.8632088813946948,3.29913854856409,7.162347429958785,0.007294127871740487,0.01202274628499064,0.01830165163340225,8.881784197001252e-16,60,51,True,0.1630074999993667
1-4-5-6-9,3.861256832678037,3.301090597280748,7.162347429958785,0.007011120160137707,0.011464137821663412,0.01830165163340225,8.881784197001252e-16,60,51,True,0.1628208999754861
1-4-5-7-8,3.86232276678202,3.3000246631767647,7.162347429958785,0.006190143631027688,0.013056427043566849,0.01830165163340225,8.881784197001252e-16,60,51,True,0.1607720999745652
1-4-5-7-9,3.858336367735414,3.3040110622233705,7.162347429958785,0.005543865010509488,0.012812926480917902,0.01830165163340225,8.881784197001252e-16,60,51,True,0.1611136000137776
1-4-5-8-9,3.8589420519169493,3.3034053780418353,7.162347429958785,0.006792791536746313,0.011974425214474987,0.01830165163340225,8.881784197001252e-16,60,51,True,0.16059079999104142
1-4-6-7-8,3.8619986894637974,3.300348740494987,7.162347429958785,0.007340777938180519,0.01166189617315205,0.01830165163340225,8.881784197001252e-16,60,51,True,0.15946469991467893
1-4-6-7-9,3.859399451661421,3.302947978297364,7.162347429958785,0.005877793308185547,0.012518662737794572,0.01830165163340225,8.881784197001252e-16,60,51,True,0.16190119995735586
1-4-6-8-9,3.861366352151261,3.3009810778075237,7.162347429958785,0.007876479174491783,0.010518193264164422,0.01830165163340225,8.881784197001252e-16,60,51,True,0.16259349999018013
1-4-7-8-9,3.857944234977319,3.304403194981466,7.162347429958785,0.007101336585609151,0.011357964568505824,0.01830165163340225,8.881784197001252e-16,60,51,True,0.1616506000282243
1-5-6-7-8,3.8629983915218977,3.299349038436887,7.162347429958785,0.007318301935613434,0.011583377309135345,0.01830165163340225,8.881784197001252e-16,60,51,True,0.1625391999259591
1-5-6-7-9,3.8619445785286652,3.3004028514301194,7.162347429958785,0.007273904694396095,0.011200605481705523,0.01830165163340225,8.881784197001252e-16,60,51,True,0.16173509997315705
1-5-6-8-9,3.8613774335094773,3.3009699964493073,7.162347429958785,0.007437372279006065,0.011798043120841475,0.01830165163340225,0.0,60,51,True,0.1591842999914661
1-5-7-8-9,3.859039702828742,3.3033077271300426,7.162347429958785,0.0057871071048351585,0.012867915192281159,0.01830165163340225,8.881784197001252e-16,60,51,True,0.16485820000525564
1-6-7-8-9,3.8604959288015928,3.301851501157192,7.162347429958785,0.007168508846315989,0.011264807192584108,0.01830165163340225,8.881784197001252e-16,60,51,True,0.1652959999628365
2-3-4-5-6,3.839419212489868,3.3229282174689168,7.162347429958785,0.0071791764241839985,0.011590783231493436,0.01830165163340225,8.881784197001252e-16,59,52,True,0.1605940000154078
2-3-4-5-7,3.8387693706161046,3.32357805934268,7.162347429958785,0.006596359076419387,0.011961785487258954,0.01830165163340225,8.881784197001252e-16,59,52,True,0.1610068998998031
2-3-4-5-8,3.84023419660143,3.3221132333573546,7.162347429958785,0.005879335604048349,0.01249031390925504,0.01830165163340225,8.881784197001252e-16,59,52,True,0.16399819997604936
2-3-4-5-9,3.8367511467906317,3.325596283168153,7.162347429958785,0.006877636173293468,0.011707352876701287,0.01830165163340225,8.881784197001252e-16,59,52,True,0.16228799999225885
2-3-4-6-7,3.8388442252673043,3.3235032046914803,7.162347429958785,0.007680729148797052,0.011474551136931842,0.01830165163340225,8.881784197001252e-16,59,52,True,0.1670161000220105
2-3-4-6-8,3.839381188031061,3.322966241927724,7.162347429958785,0.006679586928222964,0.011892392071873648,0.01830165163340225,8.881784197001252e-16,59,52,True,0.1656443999381736
2-3-4-6-9,3.837599788403349,3.324747641555436,7.162347429958785,0.007307323355404143,0.011382639099293787,0.01830165163340225,8.881784197001252e-16,59,52,True,0.16024080000352114
2-3-4-7-8,3.838669486569742,3.3236779433890424,7.162347429958785,0.00698255261500197,0.011343837760632709,0.01830165163340225,8.881784197001252e-16,59,52,True,0.16098789998795837
2-3-4-7-9,3.837054832322005,3.3252925976367798,7.162347429958785,0.007994821654747202,0.010701745698025423,0.01830165163340225,8.881784197001252e-16,59,52,True,0.1597190999891609
2-3-4-8-9,3.8360424790423067,3.3263049509164784,7.162347429958785,0.008482464888288318,0.009945249921174976,0.01830165163340225,8.881784197001252e-16,59,52,True,0.16330519993789494
2-3-5-6-7,3.8400508033691274,3.322296626589657,7.162347429958785,0.008506920681461421,0.009920096074156235,0.01830165163340225,0.0,59,52,True,0.16188589995726943
2-3-5-6-8,3.8392522526566397,3.323095177302145,7.162347429958785,0.007885063711738409,0.0105545487167477,0.01830165163340225,8.881784197001252e-16,59,52,True,0.1616577000822872
2-3-5-6-9,3.836714123974181,3.3256333059846037,7.162347429958785,0.00817598775976336,0.010523907305420506,0.01830165163340225,8.881784197001252e-16,59,52,True,0.16340720001608133
2-3-5-7-8,3.8383396776846297,3.3240077522741553,7.162347429958785,0.006318734378177124,0.01201643798209255,0.01830165163340225,8.881784197001252e-16,59,52,True,0.16228349995799363
2-3-5-7-9,3.835838590862652,3.3265088390961326,7.162347429958785,0.0071714945562975,0.011544996223416022,0.01830165163340225,8.881784197001252e-16,59,52,True,0.16035260003991425
2-3-5-8-9,3.8369263791826125,3.325421050776172,7.162347429958785,0.007416260629222096,0.011076611169283417,0.01830165163340225,8.881784197001252e-16,59,52,True,0.15760579996276647
2-3-6-7-8,3.838037455046272,3.3243099749125125,7.162347429958785,0.0071188387503667875,0.011414733834046384,0.01830165163340225,8.881784197001252e-16,59,52,True,0.16207749990280718
2-3-6-7-9,3.8361205693286045,3.3262268606301806,7.162347429958785,0.007636931625655271,0.010939285270395067,0.01830165163340225,8.881784197001252e-16,59,52,True,0.15867879998404533
2-3-6-8-9,3.836832354234649,3.3255150757241356,7.162347429958785,0.007951764249333944,0.010613982802979462,0.01830165163340225,8.881784197001252e-16,59,52,True,0.1622521000681445
2-3-7-8-9,3.835240187724833,3.3271072422339514,7.162347429958785,0.008171534007356788,0.010181834950254626,0.01830165163340225,0.0,59,52,True,0.16383000009227544
2-4-5-6-7,3.839521037829048,3.322826392129737,7.162347429958785,0.006163420270330233,0.012171038989901578,0.01830165163340225,8.881784197001252e-16,59,52,True,0.16172740003094077
2-4-5-6-8,3.8386004419641195,3.323746987994665,7.162347429958785,0.00609349933504798,0.012211690504781098,0.01830165163340225,8.881784197001252e-16,59,52,True,0.159728099941276
2-4-5-6-9,3.8370822254129293,3.3252652045458553,7.162347429958785,0.00831138248130411,0.010032093212366276,0.01830165163340225,8.881784197001252e-16,59,52,True,0.15841779997572303
2-4-5-7-8,3.8388011780175075,3.323546251941277,7.162347429958785,0.004800910218988698,0.013737169284012732,0.01830165163340225,8.881784197001252e-16,59,52,True,0.15903360000811517
2-4-5-7-9,3.83603264737616,3.3263147825826245,7.162347429958785,0.0067090364160787026,0.012116871756646485,0.01830165163340225,8.881784197001252e-16,59,52,True,0.1610348999965936
2-4-5-8-9,3.835757726682525,3.3265897032762597,7.162347429958785,0.006656104366052602,0.011811070879765767,0.01830165163340225,8.881784197001252e-16,59,52,True,0.16072519996669143
2-4-6-7-8,3.8376926744522057,3.324654755506579,7.162347429958785,0.006660980035173774,0.011857125747001665,0.01830165163340225,8.881784197001252e-16,59,52,True,0.160564300022088
2-4-6-7-9,3.835986279106689,3.3263611508520956,7.162347429958785,0.006824758058877828,0.012242514594603815,0.01830165163340225,8.881784197001252e-16,59,52,True,0.16208330006338656
2-4-6-8-9,3.8374227428936423,3.3249246870651428,7.162347429958785,0.00727176780529075,0.01110132254097348,0.01830165163340225,8.881784197001252e-16,59,52,True,0.15896339993923903
2-4-7-8-9,3.8350000454297772,3.3273473845290074,7.162347429958785,0.006724898976925795,0.011755024560598125,0.01830165163340225,8.881784197001252e-16,59,52,True,0.1593914000550285
2-5-6-7-8,3.8375001537623414,3.324847276196443,7.162347429958785,0.005688043533991678,0.012707696623359212,0.01830165163340225,8.881784197001252e-16,59,52,True,0.16400750004686415
2-5-6-7-9,3.8356045940924437,3.326742835866341,7.162347429958785,0.0064115179708671205,0.012013641273402318,0.01830165163340225,8.881784197001252e-16,59,52,True,0.17053679993841797
2-5-6-8-9,3.8368837323509957,3.325463697607789,7.162347429958785,0.006687443274295593,0.01186365472199616,0.01830165163340225,8.881784197001252e-16,59,52,True,0.16394530003890395
2-5-7-8-9,3.834713341505905,3.3276340884528794,7.162347429958785,0.005566531076142536,0.012837813133193179,0.01830165163340225,8.881784197001252e-16,59,52,True,0.15877620002720505
2-6-7-8-9,3.83509039320381,3.3272570367549745,7.162347429958785,0.006572139700666181,0.011787218004513772,0.01830165163340225,8.881784197001252e-16,59,52,True,0.15940940007567406
3-4-5-6-7,3.8255009675300933,3.3368464624286913,7.162347429958785,0.007549697469729455,0.010934487056280957,0.01830165163340225,8.881784197001252e-16,59,52,True,0.15837560000363737
3-4-5-6-8,3.8277859913432746,3.3345614386155105,7.162347429958785,0.008020644710316988,0.010293520853977577,0.01830165163340225,8.881784197001252e-16,59,52,True,0.16043640009593219
3-4-5-6-9,3.824921445741034,3.3374259842177505,7.162347429958785,0.009394366376527545,0.00950068500958892,0.01830165163340225,8.881784197001252e-16,59,52,True,0.15756259998306632
3-4-5-7-8,3.8259243936383287,3.336423036320456,7.162347429958785,0.00738247996026436,0.01135797615845817,0.01830165163340225,8.881784197001252e-16,59,52,True,0.15784140001051128
3-4-5-7-9,3.82332069315229,3.3390267368064945,7.162347429958785,0.00829406274206151,0.011082316368021644,0.01830165163340225,8.881784197001252e-16,59,52,True,0.1624569999985397
3-4-5-8-9,3.8232873537406515,3.339060076218133,7.162347429958785,0.008464537628955491,0.010279058613132858,0.01830165163340225,8.881784197001252e-16,59,52,True,0.16083079995587468
3-4-6-7-8,3.8264584320733936,3.335888997885391,7.162347429958785,0.00727250324106256,0.011061573896631666,0.01830165163340225,8.881784197001252e-16,59,52,True,0.16040209995117038
3-4-6-7-9,3.8245998801139742,3.3377475498448104,7.162347429958785,0.007964724884271577,0.010572829146608231,0.01830165163340225,8.881784197001252e-16,59,52,True,0.15943480003625154
3-4-6-8-9,3.8250781558040057,3.337269274154779,7.162347429958785,0.008820232414913287,0.009513042766700862,0.01830165163340225,8.881784197001252e-16,59,52,True,0.1603031000122428
3-4-7-8-9,3.8238113729244443,3.3385360570343403,7.162347429958785,0.008988073084614334,0.009915871543250456,0.01830165163340225,8.881784197001252e-16,59,52,True,0.1597615999635309
3-5-6-7-8,3.8256147218029306,3.3367327081558544,7.162347429958785,0.009478308174695155,0.008847496537071464,0.01830165163340225,8.881784197001252e-16,59,52,True,0.15898920001927763
3-5-6-7-9,3.8252368730618187,3.337110556896966,7.162347429958785,0.00997772926470611,0.008379694003378603,0.01830165163340225,8.881784197001252e-16,59,52,True,0.16011259995866567
3-5-6-8-9,3.8248702043707246,3.33747722558806,7.162347429958785,0.010019489045374155,0.008414835056547276,0.01830165163340225,8.881784197001252e-16,59,52,True,0.1592151999939233
3-5-7-8-9,3.823339880940591,3.3390075490181936,7.162347429958785,0.009558159124308976,0.008943360456531702,0.01830165163340225,8.881784197001252e-16,59,52,True,0.15749259991571307
3-6-7-8-9,3.8240262933659745,3.33832113659281,7.162347429958785,0.009119203876234898,0.009396875056659221,0.01830165163340225,8.881784197001252e-16,59,52,True,0.16022049996536225
4-5-6-7-8,3.819367157423846,3.3429802725349385,7.162347429958785,0.006947300805911351,0.011473994907843772,0.01830165163340225,8.881784197001252e-16,59,52,True,0.15857329999562353
4-5-6-7-9,3.8176242815780737,3.3447231483807114,7.162347429958785,0.00829263265888386,0.010538198296897809,0.01830165163340225,8.881784197001252e-16,59,52,True,0.15890949999447912
4-5-6-8-9,3.818113617005011,3.3442338129537736,7.162347429958785,0.008492180532990772,0.010603191803323066,0.01830165163340225,8.881784197001252e-16,59,52,True,0.1596638000337407
4-5-7-8-9,3.8158568333825382,3.3464905965762464,7.162347429958785,0.008061246515815211,0.0114453369111956,0.01830165163340225,8.881784197001252e-16,59,52,True,0.16114890004973859
4-6-7-8-9,3.8164177734341544,3.34592965652463,7.162347429958785,0.008530341243696051,0.010160934289925405,0.01830165163340225,8.881784197001252e-16,59,52,True,0.15966680005658418
5-6-7-8-9,3.8147422680157206,3.347605161943064,7.162347429958785,0.007908365680269964,0.010938266098808835,0.01830165163340225,8.881784197001252e-16,59,52,True,0.16036099998746067
